Created On,BookingId,Product,Medium,Type,Debit,Credit,Gross Earnings,Bill Number,Available Balance,Utilization,Status,Sub-Type,Deposit Amount,Agent UserId,Payment Reference,Reason,Comments,Payment Fee,Markup,TDS,Ref. Id,Amendment Id,Logged In UserId Id,Booking User Id,Billing Date Time,Entity Code,Transaction Currency,LoggedIn username,Booking username
,,,,,,,,,,,,,,,,,,,,,,,,,,,,,
01-04-2024 13:06,TJ901188852440,RAIL,Deposit,Refund,,4620,,,4630.05,,Success,Topup,4620,,4212287684,,,0,0,0,TJ901188852440,TJA3688946640,81068428,81068428,,,,ASPIRE TOURISM INDIA PRIVATE LIMITED,ASPIRE TOURISM INDIA PRIVATE LIMITED
01-04-2024 13:16,308288948181,WALLET_TOPUP,Deposit,Topup,,550,,,5180.05,,Success,,550,,8508251083,Paid using: Payphi; Payment Fee: 0.00; Merchant Txn Id: 2200163174068,,0,0,0,308288948181,,81068428,81068428,,,,ASPIRE TOURISM INDIA PRIVATE LIMITED,ASPIRE TOURISM INDIA PRIVATE LIMITED
01-04-2024 13:17,TJ903288948420,RAIL,Deposit,Paid For Order,5176.3,,,,3.75,,Success,,5176.3,,9238994516,,,0,0,0,TJ903288948420,,81068428,81068428,,,,ASPIRE TOURISM INDIA PRIVATE LIMITED,ASPIRE TOURISM INDIA PRIVATE LIMITED
02-04-2024 12:55,308189022717,WALLET_TOPUP,Deposit,Topup,,2300,,,2303.75,,Success,,2300,,1826015492,Paid using: Payphi; Payment Fee: 0.00; Merchant Txn Id: 2200163425664,,0,0,0,308189022717,,81068428,81068428,,,,ASPIRE TOURISM INDIA PRIVATE LIMITED,ASPIRE TOURISM INDIA PRIVATE LIMITED
02-04-2024 13:05,TJ902889024208,RAIL,Deposit,Paid For Order,2177.7,,,,126.05,,Success,,2177.7,,6270672469,,,0,0,0,TJ902889024208,,81068428,81068428,,,,ASPIRE TOURISM INDIA PRIVATE LIMITED,ASPIRE TOURISM INDIA PRIVATE LIMITED
03-04-2024 10:02,305289087925,WALLET_TOPUP,Deposit,Topup,,420,,,546.05,,Success,,420,,6619721970,Paid using: Payphi; Payment Fee: 0.00; Merchant Txn Id: 2200163609348,,0,0,0,305289087925,,81068428,81068428,,,,ASPIRE TOURISM INDIA PRIVATE LIMITED,ASPIRE TOURISM INDIA PRIVATE LIMITED
03-04-2024 10:06,302889088119,WALLET_TOPUP,Deposit,Topup,,24,,,570.05,,Success,,24,,0273025752,Paid using: Payphi; Payment Fee: 0.00; Merchant Txn Id: 4400163611371,,0,0,0,302889088119,,81068428,81068428,,,,ASPIRE TOURISM INDIA PRIVATE LIMITED,ASPIRE TOURISM INDIA PRIVATE LIMITED
03-04-2024 10:08,TJ900989088285,RAIL,Deposit,Paid For Order,569.05,,,,1,,Success,,569.05,,1607611210,,,0,0,0,TJ900989088285,,81068428,81068428,,,,ASPIRE TOURISM INDIA PRIVATE LIMITED,ASPIRE TOURISM INDIA PRIVATE LIMITED
03-04-2024 10:47,TJ900989088285,RAIL,Deposit,Reverse,,569.05,,,570.05,,Success,Topup,569.05,,7683782510,,,0,0,0,TJ900989088285,,,81068428,,,,,ASPIRE TOURISM INDIA PRIVATE LIMITED
03-04-2024 11:01,TJ908989092632,RAIL,Deposit,Paid For Order,569.05,,,,1,,Success,,569.05,,6369882002,,,0,0,0,TJ908989092632,,81068428,81068428,,,,ASPIRE TOURISM INDIA PRIVATE LIMITED,ASPIRE TOURISM INDIA PRIVATE LIMITED
03-04-2024 17:56,305389135175,WALLET_TOPUP,Deposit,Topup,,50000,,,50001,,Success,,50000,,2484484992,Paid using: Payphi; Payment Fee: 0.00; Merchant Txn Id: 2200163796053,,0,0,0,305389135175,,81068428,81068428,,,,ASPIRE TOURISM INDIA PRIVATE LIMITED,ASPIRE TOURISM INDIA PRIVATE LIMITED
03-04-2024 18:05,TJ908189136048,RAIL,Deposit,Paid For Order,12228.1,,,,37772.9,,Success,,12228.1,,3626339093,,,0,0,0,TJ908189136048,,81068428,81068428,,,,ASPIRE TOURISM INDIA PRIVATE LIMITED,ASPIRE TOURISM INDIA PRIVATE LIMITED
03-04-2024 18:10,TJ901789136483,RAIL,Deposit,Paid For Order,12228.1,,,,25544.8,,Success,,12228.1,,4805643413,,,0,0,0,TJ901789136483,,81068428,81068428,,,,ASPIRE TOURISM INDIA PRIVATE LIMITED,ASPIRE TOURISM INDIA PRIVATE LIMITED
03-04-2024 18:18,TJ909389137281,RAIL,Deposit,Paid For Order,12228.1,,,,13316.7,,Success,,12228.1,,0078178079,,,0,0,0,TJ909389137281,,81068428,81068428,,,,ASPIRE TOURISM INDIA PRIVATE LIMITED,ASPIRE TOURISM INDIA PRIVATE LIMITED
03-04-2024 18:22,TJ901689137722,RAIL,Deposit,Paid For Order,12228.1,,,,1088.6,,Success,,12228.1,,2458633653,,,0,0,0,TJ901689137722,,81068428,81068428,,,,ASPIRE TOURISM INDIA PRIVATE LIMITED,ASPIRE TOURISM INDIA PRIVATE LIMITED
03-04-2024 18:49,305789140089,WALLET_TOPUP,Deposit,Topup,,50000,,,51088.6,,Success,,50000,,8650339450,Paid using: Payphi; Payment Fee: 0.00; Merchant Txn Id: 4400163806882,,0,0,0,305789140089,,81068428,81068428,,,,ASPIRE TOURISM INDIA PRIVATE LIMITED,ASPIRE TOURISM INDIA PRIVATE LIMITED
03-04-2024 18:50,TJ900889140287,RAIL,Deposit,Paid For Order,2075.85,,,,49012.75,,Success,,2075.85,,2126839231,,,0,0,0,TJ900889140287,,81068428,81068428,,,,ASPIRE TOURISM INDIA PRIVATE LIMITED,ASPIRE TOURISM INDIA PRIVATE LIMITED
03-04-2024 19:03,TJ909489141232,RAIL,Deposit,Paid For Order,12888.1,,,,36124.65,,Success,,12888.1,,7453862564,,,0,0,0,TJ909489141232,,81068428,81068428,,,,ASPIRE TOURISM INDIA PRIVATE LIMITED,ASPIRE TOURISM INDIA PRIVATE LIMITED
03-04-2024 19:08,TJ908189141551,RAIL,Deposit,Paid For Order,12888.1,,,,23236.55,,Success,,12888.1,,3796727916,,,0,0,0,TJ908189141551,,81068428,81068428,,,,ASPIRE TOURISM INDIA PRIVATE LIMITED,ASPIRE TOURISM INDIA PRIVATE LIMITED
03-04-2024 19:18,TJ903489142273,RAIL,Deposit,Paid For Order,12888.1,,,,10348.45,,Success,,12888.1,,1082785208,,,0,0,0,TJ903489142273,,81068428,81068428,,,,ASPIRE TOURISM INDIA PRIVATE LIMITED,ASPIRE TOURISM INDIA PRIVATE LIMITED
03-04-2024 19:33,302989143304,WALLET_TOPUP,Deposit,Topup,,4750,,,15098.45,,Success,,4750,,8525905913,Paid using: Payphi; Payment Fee: 0.00; Merchant Txn Id: 2200163813807,,0,0,0,302989143304,,81068428,81068428,,,,ASPIRE TOURISM INDIA PRIVATE LIMITED,ASPIRE TOURISM INDIA PRIVATE LIMITED
03-04-2024 19:34,TJ901889143458,RAIL,Deposit,Paid For Order,12888.1,,,,2210.35,,Success,,12888.1,,2828421409,,,0,0,0,TJ901889143458,,81068428,81068428,,,,ASPIRE TOURISM INDIA PRIVATE LIMITED,ASPIRE TOURISM INDIA PRIVATE LIMITED
03-04-2024 19:37,TJ907489143709,RAIL,Deposit,Paid For Order,2185.85,,,,24.5,,Success,,2185.85,,3548840078,,,0,0,0,TJ907489143709,,81068428,81068428,,,,ASPIRE TOURISM INDIA PRIVATE LIMITED,ASPIRE TOURISM INDIA PRIVATE LIMITED
05-04-2024 10:16,301389249960,WALLET_TOPUP,Deposit,Topup,,200,,,224.5,,Success,,200,,2654995533,Paid using: Payphi; Payment Fee: 0.00; Merchant Txn Id: 2200164159906,,0,0,0,301389249960,,81068428,81068428,,,,ASPIRE TOURISM INDIA PRIVATE LIMITED,ASPIRE TOURISM INDIA PRIVATE LIMITED
05-04-2024 10:19,TJ907689250362,RAIL,Deposit,Paid For Order,207.7,,,,16.8,,Success,,207.7,,0106930100,,,0,0,0,TJ907689250362,,81068428,81068428,,,,ASPIRE TOURISM INDIA PRIVATE LIMITED,ASPIRE TOURISM INDIA PRIVATE LIMITED
06-04-2024 15:29,306989355281,WALLET_TOPUP,Deposit,Topup,,2940,,,2956.8,,Success,,2940,,4706827941,Paid using: Payphi; Payment Fee: 0.00; Merchant Txn Id: 4400164599452,,0,0,0,306989355281,,81068428,81068428,,,,ASPIRE TOURISM INDIA PRIVATE LIMITED,ASPIRE TOURISM INDIA PRIVATE LIMITED
06-04-2024 15:32,TJ900889355566,RAIL,Deposit,Paid For Order,2896.3,,,,60.5,,Success,,2896.3,,8486126237,,,0,0,0,TJ900889355566,,81068428,81068428,,,,ASPIRE TOURISM INDIA PRIVATE LIMITED,ASPIRE TOURISM INDIA PRIVATE LIMITED
06-04-2024 18:34,TJ118389369146,AIR,Deposit,Paid For Order,75138.18,,,,0,,Failure,,75138.18,,7668181309,Insufficient Balance. ,,0,4000,0,TJ118389369146,,81068428,81068428,,,,ASPIRE TOURISM INDIA PRIVATE LIMITED,ASPIRE TOURISM INDIA PRIVATE LIMITED
08-04-2024 13:00,TJ906288313293,RAIL,Deposit,Refund,,3800,,,3860.5,,Success,Topup,3800,,4056894292,,,0,0,0,TJ906288313293,TJA9289463535,81068428,81068428,,,,ASPIRE TOURISM INDIA PRIVATE LIMITED,ASPIRE TOURISM INDIA PRIVATE LIMITED
09-04-2024 10:02,TJ900789534428,RAIL,Deposit,Paid For Order,964.95,,,,2895.55,,Success,,964.95,,1952728498,,,0,0,0,TJ900789534428,,81068428,81068428,,,,ASPIRE TOURISM INDIA PRIVATE LIMITED,ASPIRE TOURISM INDIA PRIVATE LIMITED
09-04-2024 16:13,TJ904289567398,RAIL,Deposit,Paid For Order,1017.7,,,,1877.85,,Success,,1017.7,,3895376474,,,0,0,0,TJ904289567398,,81068428,81068428,,,,ASPIRE TOURISM INDIA PRIVATE LIMITED,ASPIRE TOURISM INDIA PRIVATE LIMITED
09-04-2024 16:47,TJ904289567398,RAIL,Deposit,Reverse,,1017.7,,,2895.55,,Success,Topup,1017.7,,8209994155,,,0,0,0,TJ904289567398,,,81068428,,,,,ASPIRE TOURISM INDIA PRIVATE LIMITED
09-04-2024 17:00,TJ903589571892,RAIL,Deposit,Paid For Order,1017.7,,,,1877.85,,Success,,1017.7,,4637017775,,,0,0,0,TJ903589571892,,81068428,81068428,,,,ASPIRE TOURISM INDIA PRIVATE LIMITED,ASPIRE TOURISM INDIA PRIVATE LIMITED
10-04-2024 14:20,301289646307,WALLET_TOPUP,Deposit,Topup,,314,,,2191.85,,Success,,314,,3402955075,Paid using: Payphi; Payment Fee: 0.00; Merchant Txn Id: 4400165647572,,0,0,0,301289646307,,81068428,81068428,,,,ASPIRE TOURISM INDIA PRIVATE LIMITED,ASPIRE TOURISM INDIA PRIVATE LIMITED
10-04-2024 14:24,TJ901089646642,RAIL,Deposit,Paid For Order,2146.3,,,,45.55,,Success,,2146.3,,9948504717,,,0,0,0,TJ901089646642,,81068428,81068428,,,,ASPIRE TOURISM INDIA PRIVATE LIMITED,ASPIRE TOURISM INDIA PRIVATE LIMITED
12-04-2024 10:42,308289781667,WALLET_TOPUP,Deposit,Topup,,3300,,,3345.55,,Success,,3300,,9387552379,Paid using: Payphi; Payment Fee: 0.00; Merchant Txn Id: 4400166047076,,0,0,0,308289781667,,81068428,81068428,,,,ASPIRE TOURISM INDIA PRIVATE LIMITED,ASPIRE TOURISM INDIA PRIVATE LIMITED
12-04-2024 10:52,TJ901189782557,RAIL,Deposit,Paid For Order,3075.4,,,,270.15,,Success,,3075.4,,1878962692,,,0,0,0,TJ901189782557,,81068428,81068428,,,,ASPIRE TOURISM INDIA PRIVATE LIMITED,ASPIRE TOURISM INDIA PRIVATE LIMITED
13-04-2024 16:13,TJ205889895056,HOTEL,Netbanking,Paid For Order,14556.58,,,,0,,Failure,,14556.58,,6546032499,Payment Failed. Paid using: hdfc_ccavenue; Payment Fee: 0.00; Failure reason: ,,0,0,0,TJ205889895056,,81068428,81068428,,,,ASPIRE TOURISM INDIA PRIVATE LIMITED,ASPIRE TOURISM INDIA PRIVATE LIMITED
13-04-2024 18:26,TJ208089906816,HOTEL,Netbanking,Paid For Order,31100.8,,,,0,,Success,,31100.82,,2044083726,Paid using: hdfc_ccavenue; Payment Fee: 0.00; Merchant Txn Id: 113249766186,,0,0,0,TJ208089906816,,81068428,81068428,,,,ASPIRE TOURISM INDIA PRIVATE LIMITED,ASPIRE TOURISM INDIA PRIVATE LIMITED
13-04-2024 19:22,TJ202089910749,HOTEL,Netbanking,Paid For Order,14556.58,,,,0,,Success,,14556.56,,0453436276,Paid using: hdfc_ccavenue; Payment Fee: 0.00; Merchant Txn Id: 113249843217,,0,0,0,TJ202089910749,,81068428,81068428,,,,ASPIRE TOURISM INDIA PRIVATE LIMITED,ASPIRE TOURISM INDIA PRIVATE LIMITED
17-04-2024 12:53,TJ105690206002,AIR,Netbanking,Paid For Order,27802,,,,0,,Success,,27802,,3847229166,Paid using: Payphi; Payment Fee: 0.00; Merchant Txn Id: 2200167369501,,0,0,0,TJ105690206002,,81068428,81068428,,,,ASPIRE TOURISM INDIA PRIVATE LIMITED,ASPIRE TOURISM INDIA PRIVATE LIMITED
17-04-2024 12:53,TJ105690206002,AIR,Deposit,Commission,,27.8,29.28,,297.95,,Success,Topup,27.8,,7301806336,,,0,0,1.48,TJ105690206002,,81068428,81068428,,,,ASPIRE TOURISM INDIA PRIVATE LIMITED,ASPIRE TOURISM INDIA PRIVATE LIMITED
20-04-2024 10:58,307390479381,WALLET_TOPUP,Deposit,Topup,,525,,,822.95,,Success,,525,,1639846210,Paid using: Payphi; Payment Fee: 0.00; Merchant Txn Id: 2200168032180,,0,0,0,307390479381,,81068428,81068428,,,,ASPIRE TOURISM INDIA PRIVATE LIMITED,ASPIRE TOURISM INDIA PRIVATE LIMITED
20-04-2024 11:05,TJ903190479927,RAIL,Deposit,Paid For Order,464.05,,,,358.9,,Success,,464.05,,6948454113,,,0,0,0,TJ903190479927,,81068428,81068428,,,,ASPIRE TOURISM INDIA PRIVATE LIMITED,ASPIRE TOURISM INDIA PRIVATE LIMITED
20-04-2024 11:20,TJ905490481728,RAIL,Deposit,Paid For Order,464.05,,,,0,,Failure,,464.05,,4402971792,Insufficient Balance. ,,0,0,0,TJ905490481728,,81068428,81068428,,,,ASPIRE TOURISM INDIA PRIVATE LIMITED,ASPIRE TOURISM INDIA PRIVATE LIMITED
20-04-2024 11:37,TJ903190479927,RAIL,Deposit,Reverse,,464.05,,,822.95,,Success,Topup,464.05,,5894840251,,,0,0,0,TJ903190479927,,,81068428,,,,,ASPIRE TOURISM INDIA PRIVATE LIMITED
20-04-2024 12:38,TJ907190490768,RAIL,Deposit,Paid For Order,464.05,,,,358.9,,Success,,464.05,,9464349876,,,0,0,0,TJ907190490768,,81068428,81068428,,,,ASPIRE TOURISM INDIA PRIVATE LIMITED,ASPIRE TOURISM INDIA PRIVATE LIMITED
20-04-2024 12:43,306890491343,WALLET_TOPUP,Deposit,Topup,,575,,,933.9,,Success,,575,,0751598560,Paid using: Payphi; Payment Fee: 0.00; Merchant Txn Id: 2200168086290,,0,0,0,306890491343,,81068428,81068428,,,,ASPIRE TOURISM INDIA PRIVATE LIMITED,ASPIRE TOURISM INDIA PRIVATE LIMITED
20-04-2024 12:46,TJ900590491629,RAIL,Deposit,Paid For Order,554.05,,,,379.85,,Success,,554.05,,5949914699,,,0,0,0,TJ900590491629,,81068428,81068428,,,,ASPIRE TOURISM INDIA PRIVATE LIMITED,ASPIRE TOURISM INDIA PRIVATE LIMITED
22-04-2024 12:09,308290640677,WALLET_TOPUP,Deposit,Topup,,850,,,1229.85,,Success,,850,,1308733492,Paid using: Payphi; Payment Fee: 0.00; Merchant Txn Id: 4400168540726,,0,0,0,308290640677,,81068428,81068428,,,,ASPIRE TOURISM INDIA PRIVATE LIMITED,ASPIRE TOURISM INDIA PRIVATE LIMITED
22-04-2024 12:11,TJ904290641054,RAIL,Deposit,Paid For Order,860.85,,,,369,,Success,,860.85,,2058731270,,,0,0,0,TJ904290641054,,81068428,81068428,,,,ASPIRE TOURISM INDIA PRIVATE LIMITED,ASPIRE TOURISM INDIA PRIVATE LIMITED
22-04-2024 12:47,TJ904290641054,RAIL,Deposit,Reverse,,860.85,,,1229.85,,Success,Topup,860.85,,4604916642,,,0,0,0,TJ904290641054,,,81068428,,,,,ASPIRE TOURISM INDIA PRIVATE LIMITED
22-04-2024 13:34,TJ903590650996,RAIL,Deposit,Paid For Order,860.85,,,,369,,Success,,860.85,,8156324107,,,0,0,0,TJ903590650996,,81068428,81068428,,,,ASPIRE TOURISM INDIA PRIVATE LIMITED,ASPIRE TOURISM INDIA PRIVATE LIMITED
22-04-2024 13:36,TJ905590651158,RAIL,Deposit,Paid For Order,127.7,,,,241.3,,Success,,127.7,,2753131865,,,0,0,0,TJ905590651158,,81068428,81068428,,,,ASPIRE TOURISM INDIA PRIVATE LIMITED,ASPIRE TOURISM INDIA PRIVATE LIMITED
23-04-2024 11:08,307990725090,WALLET_TOPUP,Deposit,Topup,,4700,,,4941.3,,Success,,4700,,3458420426,Paid using: hdfc_ccavenue; Payment Fee: 15.00; Merchant Txn Id: 113261608972,,0,0,0,307990725090,,81068428,81068428,,,,ASPIRE TOURISM INDIA PRIVATE LIMITED,ASPIRE TOURISM INDIA PRIVATE LIMITED
23-04-2024 11:12,TJ904990726423,RAIL,Deposit,Paid For Order,3927.7,,,,1013.6,,Success,,3927.7,,8686653448,,,0,0,0,TJ904990726423,,81068428,81068428,,,,ASPIRE TOURISM INDIA PRIVATE LIMITED,ASPIRE TOURISM INDIA PRIVATE LIMITED
23-04-2024 11:47,TJ904990726423,RAIL,Deposit,Reverse,,3927.7,,,4941.3,,Success,Topup,3927.7,,2019022412,,,0,0,0,TJ904990726423,,,81068428,,,,,ASPIRE TOURISM INDIA PRIVATE LIMITED
23-04-2024 12:53,TJ907688298808,RAIL,Deposit,Refund,,1985,,,6926.3,,Success,Topup,1985,,2890042781,,,0,0,0,TJ907688298808,TJA6188519491,81068428,81068428,,,,ASPIRE TOURISM INDIA PRIVATE LIMITED,ASPIRE TOURISM INDIA PRIVATE LIMITED
23-04-2024 12:54,TJ906288305837,RAIL,Deposit,Refund,,1860,,,8786.3,,Success,Topup,1860,,7229274924,,,0,0,0,TJ906288305837,TJA5588519504,81068428,81068428,,,,ASPIRE TOURISM INDIA PRIVATE LIMITED,ASPIRE TOURISM INDIA PRIVATE LIMITED
23-04-2024 14:44,TJ907185855739,RAIL,Deposit,Refund,,1200,,,9986.3,,Success,Topup,1200,,4864199423,,,0,0,0,TJ907185855739,TJA8488685556,81068428,81068428,,,,ASPIRE TOURISM INDIA PRIVATE LIMITED,ASPIRE TOURISM INDIA PRIVATE LIMITED
23-04-2024 14:45,TJ909185851256,RAIL,Deposit,Refund,,1200,,,11186.3,,Success,Topup,1200,,9430973802,,,0,0,0,TJ909185851256,TJA7388685602,81068428,81068428,,,,ASPIRE TOURISM INDIA PRIVATE LIMITED,ASPIRE TOURISM INDIA PRIVATE LIMITED
23-04-2024 14:46,TJ901485850882,RAIL,Deposit,Refund,,1200,,,12386.3,,Success,Topup,1200,,8494624248,,,0,0,0,TJ901485850882,TJA8388685555,81068428,81068428,,,,ASPIRE TOURISM INDIA PRIVATE LIMITED,ASPIRE TOURISM INDIA PRIVATE LIMITED
23-04-2024 14:48,TJ901385856428,RAIL,Deposit,Refund,,800,,,13186.3,,Success,Topup,800,,0963029945,,,0,0,0,TJ901385856428,TJA7188685583,81068428,81068428,,,,ASPIRE TOURISM INDIA PRIVATE LIMITED,ASPIRE TOURISM INDIA PRIVATE LIMITED
23-04-2024 14:51,TJ905685850261,RAIL,Deposit,Refund,,1200,,,14386.3,,Success,Topup,1200,,4947600430,,,0,0,0,TJ905685850261,TJA6788685572,81068428,81068428,,,,ASPIRE TOURISM INDIA PRIVATE LIMITED,ASPIRE TOURISM INDIA PRIVATE LIMITED
23-04-2024 14:52,TJ903085855293,RAIL,Deposit,Refund,,1200,,,15586.3,,Success,Topup,1200,,0047989778,,,0,0,0,TJ903085855293,TJA3488685610,81068428,81068428,,,,ASPIRE TOURISM INDIA PRIVATE LIMITED,ASPIRE TOURISM INDIA PRIVATE LIMITED
23-04-2024 14:53,TJ905185856100,RAIL,Deposit,Refund,,1200,,,16786.3,,Success,Topup,1200,,3925529621,,,0,0,0,TJ905185856100,TJA6688685554,81068428,81068428,,,,ASPIRE TOURISM INDIA PRIVATE LIMITED,ASPIRE TOURISM INDIA PRIVATE LIMITED
23-04-2024 16:00,TJ905190759762,RAIL,Deposit,Paid For Order,3927.7,,,,12858.6,,Success,,3927.7,,3350035292,,,0,0,0,TJ905190759762,,81068428,81068428,,,,ASPIRE TOURISM INDIA PRIVATE LIMITED,ASPIRE TOURISM INDIA PRIVATE LIMITED
23-04-2024 16:02,TJ900790759987,RAIL,Deposit,Paid For Order,677.7,,,,12180.9,,Success,,677.7,,0970122511,,,0,0,0,TJ900790759987,,81068428,81068428,,,,ASPIRE TOURISM INDIA PRIVATE LIMITED,ASPIRE TOURISM INDIA PRIVATE LIMITED
23-04-2024 18:02,TJ902388128635,RAIL,Deposit,Refund,,45,,,12225.9,,Success,Topup,45,,2338968087,,,0,0,0,TJ902388128635,TJA0990772536,81068428,81068428,,,,ASPIRE TOURISM INDIA PRIVATE LIMITED,ASPIRE TOURISM INDIA PRIVATE LIMITED
26-04-2024 10:32,TJ903589571892,RAIL,Deposit,Refund,,270,,,12495.9,,Success,Topup,270,,8226506504,,,0,0,0,TJ903589571892,TJA9891002636,81068428,81068428,,,,ASPIRE TOURISM INDIA PRIVATE LIMITED,ASPIRE TOURISM INDIA PRIVATE LIMITED
26-04-2024 10:36,TJ103391002814,AIR,Deposit,Paid For Order,7050,,,,5445.9,,Success,,7050,,4932410953,,,0,0,0,TJ103391002814,,81068428,81068428,,,,ASPIRE TOURISM INDIA PRIVATE LIMITED,ASPIRE TOURISM INDIA PRIVATE LIMITED
26-04-2024 10:36,TJ103391002814,AIR,Deposit,Commission,,9.94,10.459999999999999,,5455.84,,Success,Topup,9.94,,3035125624,,,0,0,0.52,TJ103391002814,,81068428,81068428,,,,ASPIRE TOURISM INDIA PRIVATE LIMITED,ASPIRE TOURISM INDIA PRIVATE LIMITED
,,,,,,,,,,,,,,,,,,,,,,,,,,,,,
26-04-2024 12:47,TJ907188128212,RAIL,Deposit,Refund,,50,,,5505.84,,Success,Topup,50,,5998283706,,,0,0,0,TJ907188128212,TJA5591015932,81068428,81068428,,,,ASPIRE TOURISM INDIA PRIVATE LIMITED,ASPIRE TOURISM INDIA PRIVATE LIMITED
,,,,,,,,,,,,,,,,,,,,,,,,,,,,,
02-05-2024 18:41,TJ903491561402,RAIL,Deposit,Paid For Order,1566.3,,,,3939.54,,Success,,1566.3,,0794911911,,,0,0,0,TJ903491561402,,81068428,81068428,,,,ASPIRE TOURISM INDIA PRIVATE LIMITED,ASPIRE TOURISM INDIA PRIVATE LIMITED
02-05-2024 18:48,TJ905291562587,RAIL,Deposit,Paid For Order,1566.3,,,,2373.24,,Success,,1566.3,,5876467557,,,0,0,0,TJ905291562587,,81068428,81068428,,,,ASPIRE TOURISM INDIA PRIVATE LIMITED,ASPIRE TOURISM INDIA PRIVATE LIMITED
16-05-2024 10:58,306192717202,WALLET_TOPUP,Netbanking,Topup,30200,,,,0,,Failure,,30200,,9419388680,Payment Failed. Paid using: Payphi; Payment Fee: 0.00; Failure reason: Request processed successfully,,0,0,0,306192717202,,81068428,81068428,,,,ASPIRE TOURISM INDIA PRIVATE LIMITED,ASPIRE TOURISM INDIA PRIVATE LIMITED
16-05-2024 11:07,302392718144,WALLET_TOPUP,Deposit,Topup,,30200,,,32573.24,,Success,,30200,,5238350331,Paid using: Payphi; Payment Fee: 0.00; Merchant Txn Id: 2200174878089,,0,0,0,302392718144,,81068428,81068428,,,,ASPIRE TOURISM INDIA PRIVATE LIMITED,ASPIRE TOURISM INDIA PRIVATE LIMITED
16-05-2024 11:22,TJ103392718635,AIR,Deposit,Paid For Order,31208,,,,1365.24,,Success,,31208,,2115577131,,,0,0,0,TJ103392718635,,81068428,81068428,,,,ASPIRE TOURISM INDIA PRIVATE LIMITED,ASPIRE TOURISM INDIA PRIVATE LIMITED
16-05-2024 11:22,TJ103392718635,AIR,Deposit,Commission,,33.46,35.22,,1398.7,,Success,Topup,33.46,,0377889797,,,0,0,1.76,TJ103392718635,,81068428,81068428,,,,ASPIRE TOURISM INDIA PRIVATE LIMITED,ASPIRE TOURISM INDIA PRIVATE LIMITED
,,,,,,,,,,,,,,,,,,,,,,,,,,,,,
18-05-2024 11:20,301092895409,WALLET_TOPUP,Deposit,Topup,,15900,,,17298.7,,Success,,15900,,1327087031,Paid using: Payphi; Payment Fee: 0.00; Merchant Txn Id: 2200175469133,,0,0,0,301092895409,,81068428,81068428,,,,ASPIRE TOURISM INDIA PRIVATE LIMITED,ASPIRE TOURISM INDIA PRIVATE LIMITED
18-05-2024 11:25,TJ906092895890,RAIL,Deposit,Paid For Order,16720.4,,,,578.3,,Success,,16720.4,,4955230022,,,0,0,0,TJ906092895890,,81068428,81068428,,,,ASPIRE TOURISM INDIA PRIVATE LIMITED,ASPIRE TOURISM INDIA PRIVATE LIMITED
18-05-2024 17:16,305992929326,WALLET_TOPUP,Deposit,Topup,,650,,,1228.3,,Success,,650,,5030676775,Paid using: Payphi; Payment Fee: 0.00; Merchant Txn Id: 4400175617184,,0,0,0,305992929326,,81068428,81068428,,,,ASPIRE TOURISM INDIA PRIVATE LIMITED,ASPIRE TOURISM INDIA PRIVATE LIMITED
18-05-2024 17:19,TJ908092929638,RAIL,Deposit,Paid For Order,577.7,,,,650.6,,Success,,577.7,,2044248927,,,0,0,0,TJ908092929638,,81068428,81068428,,,,ASPIRE TOURISM INDIA PRIVATE LIMITED,ASPIRE TOURISM INDIA PRIVATE LIMITED
18-05-2024 17:42,303792931590,WALLET_TOPUP,Deposit,Topup,,900,,,1550.6,,Success,,900,,9985734849,Paid using: Payphi; Payment Fee: 0.00; Merchant Txn Id: 4400175626252,,0,0,0,303792931590,,81068428,81068428,,,,ASPIRE TOURISM INDIA PRIVATE LIMITED,ASPIRE TOURISM INDIA PRIVATE LIMITED
18-05-2024 17:45,TJ905992931938,RAIL,Deposit,Paid For Order,927.7,,,,622.9,,Success,,927.7,,8786092073,,,0,0,0,TJ905992931938,,81068428,81068428,,,,ASPIRE TOURISM INDIA PRIVATE LIMITED,ASPIRE TOURISM INDIA PRIVATE LIMITED
18-05-2024 17:46,TJ905992931938,RAIL,Deposit,Reverse,,927.7,,,1550.6,,Success,Topup,927.7,,5748188510,,,0,0,0,TJ905992931938,,,81068428,,,,,ASPIRE TOURISM INDIA PRIVATE LIMITED
18-05-2024 17:51,TJ904892932420,RAIL,Deposit,Paid For Order,927.7,,,,622.9,,Success,,927.7,,7969263890,,,0,0,0,TJ904892932420,,81068428,81068428,,,,ASPIRE TOURISM INDIA PRIVATE LIMITED,ASPIRE TOURISM INDIA PRIVATE LIMITED
20-05-2024 22:02,TJ908193094305,RAIL,Deposit,Paid For Order,202.7,,,,420.2,,Success,,202.7,,7456167658,,,0,0,0,TJ908193094305,,81068428,81068428,,,,ASPIRE TOURISM INDIA PRIVATE LIMITED,ASPIRE TOURISM INDIA PRIVATE LIMITED
20-05-2024 22:27,304493095355,WALLET_TOPUP,Deposit,Topup,,20000,,,20420.2,,Success,,20000,,1363258054,Paid using: Payphi; Payment Fee: 0.00; Merchant Txn Id: 2200176238313,Updated By Automated Job,0,0,0,304493095355,,81068428,81068428,,,,ASPIRE TOURISM INDIA PRIVATE LIMITED,ASPIRE TOURISM INDIA PRIVATE LIMITED
20-05-2024 22:33,TJ909293096391,RAIL,Deposit,Paid For Order,1077.7,,,,19342.5,,Success,,1077.7,,7462196794,,,0,0,0,TJ909293096391,,81068428,81068428,,,,ASPIRE TOURISM INDIA PRIVATE LIMITED,ASPIRE TOURISM INDIA PRIVATE LIMITED
20-05-2024 22:37,TJ908193094305,RAIL,Deposit,Reverse,,202.7,,,19545.2,,Success,Topup,202.7,,1707586444,,,0,0,0,TJ908193094305,,,81068428,,,,,ASPIRE TOURISM INDIA PRIVATE LIMITED
20-05-2024 22:41,TJ909093096896,RAIL,Deposit,Paid For Order,1077.7,,,,18467.5,,Success,,1077.7,,8085567867,,,0,0,0,TJ909093096896,,81068428,81068428,,,,ASPIRE TOURISM INDIA PRIVATE LIMITED,ASPIRE TOURISM INDIA PRIVATE LIMITED
20-05-2024 22:46,TJ908193097241,RAIL,Deposit,Paid For Order,1077.7,,,,17389.8,,Success,,1077.7,,4667376627,,,0,0,0,TJ908193097241,,81068428,81068428,,,,ASPIRE TOURISM INDIA PRIVATE LIMITED,ASPIRE TOURISM INDIA PRIVATE LIMITED
20-05-2024 22:51,TJ909293097558,RAIL,Deposit,Paid For Order,1077.7,,,,16312.1,,Success,,1077.7,,4551111328,,,0,0,0,TJ909293097558,,81068428,81068428,,,,ASPIRE TOURISM INDIA PRIVATE LIMITED,ASPIRE TOURISM INDIA PRIVATE LIMITED
20-05-2024 23:00,TJ900493098130,RAIL,Deposit,Paid For Order,1077.7,,,,15234.4,,Success,,1077.7,,0438426684,,,0,0,0,TJ900493098130,,81068428,81068428,,,,ASPIRE TOURISM INDIA PRIVATE LIMITED,ASPIRE TOURISM INDIA PRIVATE LIMITED
20-05-2024 23:07,TJ909593098612,RAIL,Deposit,Paid For Order,1077.7,,,,14156.7,,Success,,1077.7,,3330756760,,,0,0,0,TJ909593098612,,81068428,81068428,,,,ASPIRE TOURISM INDIA PRIVATE LIMITED,ASPIRE TOURISM INDIA PRIVATE LIMITED
20-05-2024 23:16,TJ902893099188,RAIL,Deposit,Paid For Order,1077.7,,,,13079,,Success,,1077.7,,2760643191,,,0,0,0,TJ902893099188,,81068428,81068428,,,,ASPIRE TOURISM INDIA PRIVATE LIMITED,ASPIRE TOURISM INDIA PRIVATE LIMITED
20-05-2024 23:36,TJ906793100243,RAIL,Deposit,Paid For Order,1077.7,,,,12001.3,,Success,,1077.7,,3338046137,,,0,0,0,TJ906793100243,,81068428,81068428,,,,ASPIRE TOURISM INDIA PRIVATE LIMITED,ASPIRE TOURISM INDIA PRIVATE LIMITED
21-05-2024 00:17,TJ906793100243,RAIL,Deposit,Reverse,,1077.7,,,13079,,Success,Topup,1077.7,,8983481981,,,0,0,0,TJ906793100243,,,81068428,,,,,ASPIRE TOURISM INDIA PRIVATE LIMITED
21-05-2024 00:36,TJ909093102535,RAIL,Deposit,Paid For Order,1077.7,,,,12001.3,,Success,,1077.7,,0971821800,,,0,0,0,TJ909093102535,,81068428,81068428,,,,ASPIRE TOURISM INDIA PRIVATE LIMITED,ASPIRE TOURISM INDIA PRIVATE LIMITED
21-05-2024 00:42,TJ908193102718,RAIL,Deposit,Paid For Order,1077.7,,,,10923.6,,Success,,1077.7,,0578491934,,,0,0,0,TJ908193102718,,81068428,81068428,,,,ASPIRE TOURISM INDIA PRIVATE LIMITED,ASPIRE TOURISM INDIA PRIVATE LIMITED
21-05-2024 00:48,TJ904093102887,RAIL,Deposit,Paid For Order,1077.7,,,,9845.9,,Success,,1077.7,,7018382343,,,0,0,0,TJ904093102887,,81068428,81068428,,,,ASPIRE TOURISM INDIA PRIVATE LIMITED,ASPIRE TOURISM INDIA PRIVATE LIMITED
21-05-2024 00:58,TJ901093103151,RAIL,Deposit,Paid For Order,1077.7,,,,8768.2,,Success,,1077.7,,2932708442,,,0,0,0,TJ901093103151,,81068428,81068428,,,,ASPIRE TOURISM INDIA PRIVATE LIMITED,ASPIRE TOURISM INDIA PRIVATE LIMITED
21-05-2024 01:04,TJ901193103332,RAIL,Deposit,Paid For Order,1077.7,,,,7690.5,,Success,,1077.7,,6541830347,,,0,0,0,TJ901193103332,,81068428,81068428,,,,ASPIRE TOURISM INDIA PRIVATE LIMITED,ASPIRE TOURISM INDIA PRIVATE LIMITED
21-05-2024 01:08,TJ906993103424,RAIL,Deposit,Paid For Order,1077.7,,,,6612.8,,Success,,1077.7,,9131933500,,,0,0,0,TJ906993103424,,81068428,81068428,,,,ASPIRE TOURISM INDIA PRIVATE LIMITED,ASPIRE TOURISM INDIA PRIVATE LIMITED
21-05-2024 01:13,TJ903193103524,RAIL,Deposit,Paid For Order,1077.7,,,,5535.1,,Success,,1077.7,,5384003394,,,0,0,0,TJ903193103524,,81068428,81068428,,,,ASPIRE TOURISM INDIA PRIVATE LIMITED,ASPIRE TOURISM INDIA PRIVATE LIMITED
21-05-2024 01:17,TJ905193103595,RAIL,Deposit,Paid For Order,1077.7,,,,4457.4,,Success,,1077.7,,5541419252,,,0,0,0,TJ905193103595,,81068428,81068428,,,,ASPIRE TOURISM INDIA PRIVATE LIMITED,ASPIRE TOURISM INDIA PRIVATE LIMITED
21-05-2024 01:21,TJ909393103686,RAIL,Deposit,Paid For Order,1077.7,,,,3379.7,,Success,,1077.7,,1214706536,,,0,0,0,TJ909393103686,,81068428,81068428,,,,ASPIRE TOURISM INDIA PRIVATE LIMITED,ASPIRE TOURISM INDIA PRIVATE LIMITED
21-05-2024 01:26,TJ908193103777,RAIL,Deposit,Paid For Order,1077.7,,,,2302,,Success,,1077.7,,0147410709,,,0,0,0,TJ908193103777,,81068428,81068428,,,,ASPIRE TOURISM INDIA PRIVATE LIMITED,ASPIRE TOURISM INDIA PRIVATE LIMITED
21-05-2024 01:27,TJ904093102887,RAIL,Deposit,Reverse,,1077.7,,,3379.7,,Success,Topup,1077.7,,9527497001,,,0,0,0,TJ904093102887,,,81068428,,,,,ASPIRE TOURISM INDIA PRIVATE LIMITED
21-05-2024 01:31,TJ907193103965,RAIL,Deposit,Paid For Order,1077.7,,,,2302,,Success,,1077.7,,4889073309,,,0,0,0,TJ907193103965,,81068428,81068428,,,,ASPIRE TOURISM INDIA PRIVATE LIMITED,ASPIRE TOURISM INDIA PRIVATE LIMITED
21-05-2024 01:35,TJ902193104041,RAIL,Deposit,Paid For Order,1077.7,,,,1224.3,,Success,,1077.7,,0255188630,,,0,0,0,TJ902193104041,,81068428,81068428,,,,ASPIRE TOURISM INDIA PRIVATE LIMITED,ASPIRE TOURISM INDIA PRIVATE LIMITED
21-05-2024 01:39,TJ907693104122,RAIL,Deposit,Paid For Order,1077.7,,,,146.6,,Success,,1077.7,,0436780891,,,0,0,0,TJ907693104122,,81068428,81068428,,,,ASPIRE TOURISM INDIA PRIVATE LIMITED,ASPIRE TOURISM INDIA PRIVATE LIMITED
21-05-2024 01:47,304493104144,WALLET_TOPUP,Deposit,Topup,,2000,,,2146.6,,Success,,2000,,8301827125,Paid using: Payphi; Payment Fee: 0.00; Merchant Txn Id: 4400176247783,Updated By Automated Job,0,0,0,304493104144,,81068428,81068428,,,,ASPIRE TOURISM INDIA PRIVATE LIMITED,ASPIRE TOURISM INDIA PRIVATE LIMITED
21-05-2024 01:48,TJ901693104253,RAIL,Deposit,Paid For Order,1077.7,,,,1068.9,,Success,,1077.7,,6999264399,,,0,0,0,TJ901693104253,,81068428,81068428,,,,ASPIRE TOURISM INDIA PRIVATE LIMITED,ASPIRE TOURISM INDIA PRIVATE LIMITED
21-05-2024 01:55,TJ905693104297,RAIL,Deposit,Paid For Order,1077.7,,,,0,,Failure,,1077.7,,0496518675,Insufficient Balance. ,,0,0,0,TJ905693104297,,81068428,81068428,,,,ASPIRE TOURISM INDIA PRIVATE LIMITED,ASPIRE TOURISM INDIA PRIVATE LIMITED
21-05-2024 01:59,301193104324,WALLET_TOPUP,Deposit,Topup,,1500,,,2568.9,,Success,,1500,,6449696242,Paid using: Payphi; Payment Fee: 0.00; Merchant Txn Id: 2200176248121,Updated By Automated Job,0,0,0,301193104324,,81068428,81068428,,,,ASPIRE TOURISM INDIA PRIVATE LIMITED,ASPIRE TOURISM INDIA PRIVATE LIMITED
21-05-2024 02:00,TJ903293104415,RAIL,Deposit,Paid For Order,1077.7,,,,1491.2,,Success,,1077.7,,9053744272,,,0,0,0,TJ903293104415,,81068428,81068428,,,,ASPIRE TOURISM INDIA PRIVATE LIMITED,ASPIRE TOURISM INDIA PRIVATE LIMITED
21-05-2024 02:01,306293104352,WALLET_TOPUP,Deposit,Topup,,500,,,1991.2,,Success,,500,,5286779723,Paid using: Payphi; Payment Fee: 0.00; Merchant Txn Id: 2200176248137,Updated By Automated Job,0,0,0,306293104352,,81068428,81068428,,,,ASPIRE TOURISM INDIA PRIVATE LIMITED,ASPIRE TOURISM INDIA PRIVATE LIMITED
21-05-2024 02:37,TJ903293104415,RAIL,Deposit,Reverse,,1077.7,,,3068.9,,Success,Topup,1077.7,,4218495202,,,0,0,0,TJ903293104415,,,81068428,,,,,ASPIRE TOURISM INDIA PRIVATE LIMITED
21-05-2024 10:31,309993115936,WALLET_TOPUP,Deposit,Topup,,15000,,,18068.9,,Success,,15000,,5373792965,Paid using: Payphi; Payment Fee: 0.00; Merchant Txn Id: 4400176305993,,0,0,0,309993115936,,81068428,81068428,,,,ASPIRE TOURISM INDIA PRIVATE LIMITED,ASPIRE TOURISM INDIA PRIVATE LIMITED
21-05-2024 11:07,TJ907693119525,RAIL,Deposit,Paid For Order,1077.7,,,,16991.2,,Success,,1077.7,,8990284555,,,0,0,0,TJ907693119525,,81068428,81068428,,,,ASPIRE TOURISM INDIA PRIVATE LIMITED,ASPIRE TOURISM INDIA PRIVATE LIMITED
21-05-2024 11:15,TJ907493120308,RAIL,Deposit,Paid For Order,1077.7,,,,15913.5,,Success,,1077.7,,3141309705,,,0,0,0,TJ907493120308,,81068428,81068428,,,,ASPIRE TOURISM INDIA PRIVATE LIMITED,ASPIRE TOURISM INDIA PRIVATE LIMITED
21-05-2024 11:19,TJ900793120970,RAIL,Deposit,Paid For Order,1077.7,,,,14835.8,,Success,,1077.7,,4007731981,,,0,0,0,TJ900793120970,,81068428,81068428,,,,ASPIRE TOURISM INDIA PRIVATE LIMITED,ASPIRE TOURISM INDIA PRIVATE LIMITED
21-05-2024 11:26,TJ905093121717,RAIL,Deposit,Paid For Order,1077.7,,,,13758.1,,Success,,1077.7,,5675493618,,,0,0,0,TJ905093121717,,81068428,81068428,,,,ASPIRE TOURISM INDIA PRIVATE LIMITED,ASPIRE TOURISM INDIA PRIVATE LIMITED
21-05-2024 11:48,TJ900493124171,RAIL,Deposit,Paid For Order,1077.7,,,,12680.4,,Success,,1077.7,,8480067450,,,0,0,0,TJ900493124171,,81068428,81068428,,,,ASPIRE TOURISM INDIA PRIVATE LIMITED,ASPIRE TOURISM INDIA PRIVATE LIMITED
21-05-2024 11:50,TJ906793124619,RAIL,Deposit,Paid For Order,1077.7,,,,11602.7,,Success,,1077.7,,7707213697,,,0,0,0,TJ906793124619,,81068428,81068428,,,,ASPIRE TOURISM INDIA PRIVATE LIMITED,ASPIRE TOURISM INDIA PRIVATE LIMITED
21-05-2024 11:55,TJ906793125252,RAIL,Deposit,Paid For Order,1077.7,,,,10525,,Success,,1077.7,,3510369403,,,0,0,0,TJ906793125252,,81068428,81068428,,,,ASPIRE TOURISM INDIA PRIVATE LIMITED,ASPIRE TOURISM INDIA PRIVATE LIMITED
21-05-2024 11:56,TJ900193125371,RAIL,Deposit,Paid For Order,1077.7,,,,9447.3,,Success,,1077.7,,7292707434,,,0,0,0,TJ900193125371,,81068428,81068428,,,,ASPIRE TOURISM INDIA PRIVATE LIMITED,ASPIRE TOURISM INDIA PRIVATE LIMITED
21-05-2024 11:58,TJ909993125685,RAIL,Deposit,Paid For Order,1077.7,,,,8369.6,,Success,,1077.7,,8152763002,,,0,0,0,TJ909993125685,,81068428,81068428,,,,ASPIRE TOURISM INDIA PRIVATE LIMITED,ASPIRE TOURISM INDIA PRIVATE LIMITED
21-05-2024 12:00,TJ909693125895,RAIL,Deposit,Paid For Order,1077.7,,,,7291.9,,Success,,1077.7,,4658728531,,,0,0,0,TJ909693125895,,81068428,81068428,,,,ASPIRE TOURISM INDIA PRIVATE LIMITED,ASPIRE TOURISM INDIA PRIVATE LIMITED
21-05-2024 12:02,TJ908893126115,RAIL,Deposit,Paid For Order,1077.7,,,,6214.2,,Success,,1077.7,,0750748791,,,0,0,0,TJ908893126115,,81068428,81068428,,,,ASPIRE TOURISM INDIA PRIVATE LIMITED,ASPIRE TOURISM INDIA PRIVATE LIMITED
21-05-2024 12:03,TJ903793126325,RAIL,Deposit,Paid For Order,1077.7,,,,5136.5,,Success,,1077.7,,6364967730,,,0,0,0,TJ903793126325,,81068428,81068428,,,,ASPIRE TOURISM INDIA PRIVATE LIMITED,ASPIRE TOURISM INDIA PRIVATE LIMITED
21-05-2024 12:04,TJ909593126542,RAIL,Deposit,Paid For Order,1077.7,,,,4058.8,,Success,,1077.7,,8750720419,,,0,0,0,TJ909593126542,,81068428,81068428,,,,ASPIRE TOURISM INDIA PRIVATE LIMITED,ASPIRE TOURISM INDIA PRIVATE LIMITED
21-05-2024 12:06,TJ907993126775,RAIL,Deposit,Paid For Order,1077.7,,,,2981.1,,Success,,1077.7,,3081798395,,,0,0,0,TJ907993126775,,81068428,81068428,,,,ASPIRE TOURISM INDIA PRIVATE LIMITED,ASPIRE TOURISM INDIA PRIVATE LIMITED
21-05-2024 12:14,TJ905193127791,RAIL,Deposit,Paid For Order,1077.7,,,,1903.4,,Success,,1077.7,,4207920623,,,0,0,0,TJ905193127791,,81068428,81068428,,,,ASPIRE TOURISM INDIA PRIVATE LIMITED,ASPIRE TOURISM INDIA PRIVATE LIMITED
21-05-2024 12:18,TJ905093128320,RAIL,Deposit,Paid For Order,1077.7,,,,825.7,,Success,,1077.7,,0841478729,,,0,0,0,TJ905093128320,,81068428,81068428,,,,ASPIRE TOURISM INDIA PRIVATE LIMITED,ASPIRE TOURISM INDIA PRIVATE LIMITED
21-05-2024 13:27,TJ905093121717,RAIL,Deposit,Refund,,230,,,1055.7,,Success,Topup,230,,3254403310,,,0,0,0,TJ905093121717,TJA0993136694,81068428,81068428,,,,ASPIRE TOURISM INDIA PRIVATE LIMITED,ASPIRE TOURISM INDIA PRIVATE LIMITED
21-05-2024 14:14,306593141235,WALLET_TOPUP,Deposit,Topup,,3500,,,4555.7,,Success,,3500,,0919036329,Paid using: hdfc_ccavenue; Payment Fee: 15.00; Merchant Txn Id: 113295821935,,0,0,0,306593141235,,81068428,81068428,,,,ASPIRE TOURISM INDIA PRIVATE LIMITED,ASPIRE TOURISM INDIA PRIVATE LIMITED
21-05-2024 14:23,TJ907793142962,RAIL,Deposit,Paid For Order,1077.7,,,,3478,,Success,,1077.7,,6393291668,,,0,0,0,TJ907793142962,,81068428,81068428,,,,ASPIRE TOURISM INDIA PRIVATE LIMITED,ASPIRE TOURISM INDIA PRIVATE LIMITED
21-05-2024 15:50,TJ908493151748,RAIL,Deposit,Paid For Order,1077.7,,,,2400.3,,Success,,1077.7,,7222866674,,,0,0,0,TJ908493151748,,81068428,81068428,,,,ASPIRE TOURISM INDIA PRIVATE LIMITED,ASPIRE TOURISM INDIA PRIVATE LIMITED
21-05-2024 15:55,TJ901193152257,RAIL,Deposit,Paid For Order,1077.7,,,,1322.6,,Success,,1077.7,,8660195950,,,0,0,0,TJ901193152257,,81068428,81068428,,,,ASPIRE TOURISM INDIA PRIVATE LIMITED,ASPIRE TOURISM INDIA PRIVATE LIMITED
21-05-2024 15:58,TJ900893152584,RAIL,Deposit,Paid For Order,1077.7,,,,244.9,,Success,,1077.7,,5070996995,,,0,0,0,TJ900893152584,,81068428,81068428,,,,ASPIRE TOURISM INDIA PRIVATE LIMITED,ASPIRE TOURISM INDIA PRIVATE LIMITED
21-05-2024 16:10,309693153751,WALLET_TOPUP,Deposit,Topup,,2550,,,2794.9,,Success,,2550,,6712715013,Paid using: Payphi; Payment Fee: 0.00; Merchant Txn Id: 4400176463494,,0,0,0,309693153751,,81068428,81068428,,,,ASPIRE TOURISM INDIA PRIVATE LIMITED,ASPIRE TOURISM INDIA PRIVATE LIMITED
21-05-2024 16:13,TJ900693154081,RAIL,Deposit,Paid For Order,1077.7,,,,1717.2,,Success,,1077.7,,1420160512,,,0,0,0,TJ900693154081,,81068428,81068428,,,,ASPIRE TOURISM INDIA PRIVATE LIMITED,ASPIRE TOURISM INDIA PRIVATE LIMITED
21-05-2024 16:16,TJ900793154441,RAIL,Deposit,Paid For Order,1077.7,,,,639.5,,Success,,1077.7,,0393897101,,,0,0,0,TJ900793154441,,81068428,81068428,,,,ASPIRE TOURISM INDIA PRIVATE LIMITED,ASPIRE TOURISM INDIA PRIVATE LIMITED
21-05-2024 16:19,TJ906893154737,RAIL,Deposit,Paid For Order,552.7,,,,86.8,,Success,,552.7,,4914422219,,,0,0,0,TJ906893154737,,81068428,81068428,,,,ASPIRE TOURISM INDIA PRIVATE LIMITED,ASPIRE TOURISM INDIA PRIVATE LIMITED
22-05-2024 12:41,304093223843,WALLET_TOPUP,Deposit,Topup,,2300,,,2386.8,,Success,,2300,,0841665177,Paid using: Payphi; Payment Fee: 0.00; Merchant Txn Id: 2200176676506,,0,0,0,304093223843,,81068428,81068428,,,,ASPIRE TOURISM INDIA PRIVATE LIMITED,ASPIRE TOURISM INDIA PRIVATE LIMITED
22-05-2024 12:43,TJ901993224170,RAIL,Deposit,Paid For Order,1077.7,,,,1309.1,,Success,,1077.7,,3723308332,,,0,0,0,TJ901993224170,,81068428,81068428,,,,ASPIRE TOURISM INDIA PRIVATE LIMITED,ASPIRE TOURISM INDIA PRIVATE LIMITED
22-05-2024 12:47,TJ902793224620,RAIL,Deposit,Paid For Order,1077.7,,,,231.4,,Success,,1077.7,,9186193919,,,0,0,0,TJ902793224620,,81068428,81068428,,,,ASPIRE TOURISM INDIA PRIVATE LIMITED,ASPIRE TOURISM INDIA PRIVATE LIMITED
22-05-2024 12:57,TJ903693225817,RAIL,Deposit,Paid For Order,202.7,,,,28.7,,Success,,202.7,,7716550457,,,0,0,0,TJ903693225817,,81068428,81068428,,,,ASPIRE TOURISM INDIA PRIVATE LIMITED,ASPIRE TOURISM INDIA PRIVATE LIMITED
23-05-2024 15:27,TJ904892932420,RAIL,Deposit,Refund,,180,,,208.7,,Success,Topup,180,,1879305632,,,0,0,0,TJ904892932420,TJA7093323118,81068428,81068428,,,,ASPIRE TOURISM INDIA PRIVATE LIMITED,ASPIRE TOURISM INDIA PRIVATE LIMITED
23-05-2024 15:29,TJ908092929638,RAIL,Deposit,Refund,,150,,,358.7,,Success,Topup,150,,4398470334,,,0,0,0,TJ908092929638,TJA9793323478,81068428,81068428,,,,ASPIRE TOURISM INDIA PRIVATE LIMITED,ASPIRE TOURISM INDIA PRIVATE LIMITED
27-05-2024 18:57,304293644340,WALLET_TOPUP,Deposit,Topup,,1830,,,2188.7,,Success,,1830,,3505057128,Paid using: Payphi; Payment Fee: 0.00; Merchant Txn Id: 4400178245811,,0,0,0,304293644340,,81068428,81068428,,,,ASPIRE TOURISM INDIA PRIVATE LIMITED,ASPIRE TOURISM INDIA PRIVATE LIMITED
27-05-2024 19:08,TJ900693645413,RAIL,Deposit,Paid For Order,1077.7,,,,1111,,Success,,1077.7,,9574411321,,,0,0,0,TJ900693645413,,81068428,81068428,,,,ASPIRE TOURISM INDIA PRIVATE LIMITED,ASPIRE TOURISM INDIA PRIVATE LIMITED
27-05-2024 19:10,TJ902893645637,RAIL,Deposit,Paid For Order,202.7,,,,908.3,,Success,,202.7,,4700364768,,,0,0,0,TJ902893645637,,81068428,81068428,,,,ASPIRE TOURISM INDIA PRIVATE LIMITED,ASPIRE TOURISM INDIA PRIVATE LIMITED
27-05-2024 19:15,TJ906993646046,RAIL,Deposit,Paid For Order,1167.7,,,,0,,Failure,,1167.7,,9997407342,Insufficient Balance. ,,0,0,0,TJ906993646046,,81068428,81068428,,,,ASPIRE TOURISM INDIA PRIVATE LIMITED,ASPIRE TOURISM INDIA PRIVATE LIMITED
27-05-2024 19:20,301593646402,WALLET_TOPUP,Netbanking,Topup,480,,,,0,,Failure,,480,,1513430262,Payment Failed. Paid using: Payphi; Payment Fee: 0.00; Failure reason: Awaiting user action,,0,0,0,301593646402,,81068428,81068428,,,,ASPIRE TOURISM INDIA PRIVATE LIMITED,ASPIRE TOURISM INDIA PRIVATE LIMITED
27-05-2024 19:23,308593646625,WALLET_TOPUP,Deposit,Topup,,480,,,1388.3,,Success,,480,,6775020299,Paid using: Payphi; Payment Fee: 0.00; Merchant Txn Id: 4400178250511,,0,0,0,308593646625,,81068428,81068428,,,,ASPIRE TOURISM INDIA PRIVATE LIMITED,ASPIRE TOURISM INDIA PRIVATE LIMITED
27-05-2024 19:23,TJ903193646283,RAIL,Deposit,Paid For Order,1167.7,,,,220.6,,Success,,1167.7,,4193264103,,,0,0,0,TJ903193646283,,81068428,81068428,,,,ASPIRE TOURISM INDIA PRIVATE LIMITED,ASPIRE TOURISM INDIA PRIVATE LIMITED
27-05-2024 19:26,TJ904593647070,RAIL,Deposit,Paid For Order,217.7,,,,2.9,,Success,,217.7,,7086642845,,,0,0,0,TJ904593647070,,81068428,81068428,,,,ASPIRE TOURISM INDIA PRIVATE LIMITED,ASPIRE TOURISM INDIA PRIVATE LIMITED
30-05-2024 13:26,306393863364,WALLET_TOPUP,Deposit,Topup,,15000,,,15002.9,,Success,,15000,,0809049495,Paid using: hdfc_ccavenue; Payment Fee: 15.00; Merchant Txn Id: 113307975465,,0,0,0,306393863364,,81068428,81068428,,,,ASPIRE TOURISM INDIA PRIVATE LIMITED,ASPIRE TOURISM INDIA PRIVATE LIMITED
30-05-2024 13:43,TJ909693865480,RAIL,Deposit,Paid For Order,2157.7,,,,12845.2,,Success,,2157.7,,5971258205,,,0,0,0,TJ909693865480,,81068428,81068428,,,,ASPIRE TOURISM INDIA PRIVATE LIMITED,ASPIRE TOURISM INDIA PRIVATE LIMITED
30-05-2024 13:46,TJ907893865865,RAIL,Deposit,Paid For Order,2157.7,,,,10687.5,,Success,,2157.7,,3931208301,,,0,0,0,TJ907893865865,,81068428,81068428,,,,ASPIRE TOURISM INDIA PRIVATE LIMITED,ASPIRE TOURISM INDIA PRIVATE LIMITED
30-05-2024 13:49,TJ902393866177,RAIL,Deposit,Paid For Order,2157.7,,,,8529.8,,Success,,2157.7,,2052875345,,,0,0,0,TJ902393866177,,81068428,81068428,,,,ASPIRE TOURISM INDIA PRIVATE LIMITED,ASPIRE TOURISM INDIA PRIVATE LIMITED
30-05-2024 13:52,TJ903293866533,RAIL,Deposit,Paid For Order,2157.7,,,,6372.1,,Success,,2157.7,,9593745801,,,0,0,0,TJ903293866533,,81068428,81068428,,,,ASPIRE TOURISM INDIA PRIVATE LIMITED,ASPIRE TOURISM INDIA PRIVATE LIMITED
30-05-2024 13:54,TJ900793866734,RAIL,Deposit,Paid For Order,737.7,,,,5634.4,,Success,,737.7,,9297448218,,,0,0,0,TJ900793866734,,81068428,81068428,,,,ASPIRE TOURISM INDIA PRIVATE LIMITED,ASPIRE TOURISM INDIA PRIVATE LIMITED
30-05-2024 15:20,TJ901693875907,RAIL,Deposit,Paid For Order,2157.7,,,,3476.7,,Success,,2157.7,,9518673006,,,0,0,0,TJ901693875907,,81068428,81068428,,,,ASPIRE TOURISM INDIA PRIVATE LIMITED,ASPIRE TOURISM INDIA PRIVATE LIMITED
30-05-2024 15:27,TJ908693876600,RAIL,Deposit,Paid For Order,2157.7,,,,1319,,Success,,2157.7,,6013926023,,,0,0,0,TJ908693876600,,81068428,81068428,,,,ASPIRE TOURISM INDIA PRIVATE LIMITED,ASPIRE TOURISM INDIA PRIVATE LIMITED
30-05-2024 15:32,TJ904293877201,RAIL,Deposit,Paid For Order,737.7,,,,581.3,,Success,,737.7,,3223451942,,,0,0,0,TJ904293877201,,81068428,81068428,,,,ASPIRE TOURISM INDIA PRIVATE LIMITED,ASPIRE TOURISM INDIA PRIVATE LIMITED
30-05-2024 15:38,305493877585,WALLET_TOPUP,Deposit,Topup,,3750,,,4331.3,,Success,,3750,,1522239522,Paid using: hdfc_ccavenue; Payment Fee: 15.00; Merchant Txn Id: 113308180817,,0,0,0,305493877585,,81068428,81068428,,,,ASPIRE TOURISM INDIA PRIVATE LIMITED,ASPIRE TOURISM INDIA PRIVATE LIMITED
30-05-2024 15:40,TJ904793877951,RAIL,Deposit,Paid For Order,2157.7,,,,2173.6,,Success,,2157.7,,6863531066,,,0,0,0,TJ904793877951,,81068428,81068428,,,,ASPIRE TOURISM INDIA PRIVATE LIMITED,ASPIRE TOURISM INDIA PRIVATE LIMITED
30-05-2024 15:44,TJ905393878350,RAIL,Deposit,Paid For Order,2157.7,,,,15.9,,Success,,2157.7,,1886203938,,,0,0,0,TJ905393878350,,81068428,81068428,,,,ASPIRE TOURISM INDIA PRIVATE LIMITED,ASPIRE TOURISM INDIA PRIVATE LIMITED
,,,,,,,,,,,,,,,,,,,,,,,,,,,,,
05-06-2024 17:20,TJ907893865865,RAIL,Deposit,Refund,,470,,,485.9,,Success,Topup,470,,1383013064,,,0,0,0,TJ907893865865,TJA1094361784,81068428,81068428,,,,ASPIRE TOURISM INDIA PRIVATE LIMITED,ASPIRE TOURISM INDIA PRIVATE LIMITED
05-06-2024 17:26,TJ908693876600,RAIL,Deposit,Refund,,470,,,955.9,,Success,Topup,470,,1682393646,,,0,0,0,TJ908693876600,TJA8694362640,81068428,81068428,,,,ASPIRE TOURISM INDIA PRIVATE LIMITED,ASPIRE TOURISM INDIA PRIVATE LIMITED
07-06-2024 11:33,302594487657,WALLET_TOPUP,Netbanking,Topup,13025,,,,0,,Failure,,13025,,3216421648,Payment Failed. Paid using: hdfc_ccavenue; Payment Fee: 0.00; Failure reason: ,,0,0,0,302594487657,,81068428,81068428,,,,ASPIRE TOURISM INDIA PRIVATE LIMITED,ASPIRE TOURISM INDIA PRIVATE LIMITED
07-06-2024 11:40,307194488312,WALLET_TOPUP,Deposit,Topup,,1775,,,2730.9,,Success,,1775,,5517650499,Paid using: Payphi; Payment Fee: 44.38; Merchant Txn Id: 4400181375398,,0,0,0,307194488312,,81068428,81068428,,,,ASPIRE TOURISM INDIA PRIVATE LIMITED,ASPIRE TOURISM INDIA PRIVATE LIMITED
07-06-2024 11:56,305394490128,WALLET_TOPUP,Deposit,Topup,,6900,,,9630.9,,Success,,6900,,6809387450,Paid using: hdfc_ccavenue; Payment Fee: 0.00; Merchant Txn Id: 113319513150,,0,0,0,305394490128,,81068428,81068428,,,,ASPIRE TOURISM INDIA PRIVATE LIMITED,ASPIRE TOURISM INDIA PRIVATE LIMITED
07-06-2024 12:01,300394491007,WALLET_TOPUP,Deposit,Topup,,1600,,,11230.9,,Success,,1600,,8222762001,Paid using: Payphi; Payment Fee: 0.00; Merchant Txn Id: 2200181388522,,0,0,0,300394491007,,81068428,81068428,,,,ASPIRE TOURISM INDIA PRIVATE LIMITED,ASPIRE TOURISM INDIA PRIVATE LIMITED
07-06-2024 12:35,TJ904994495010,RAIL,Deposit,Paid For Order,157.7,,,,11073.2,,Success,,157.7,,1700120771,,,0,0,0,TJ904994495010,,81068428,81068428,,,,ASPIRE TOURISM INDIA PRIVATE LIMITED,ASPIRE TOURISM INDIA PRIVATE LIMITED
07-06-2024 12:42,TJ905594495832,RAIL,Deposit,Paid For Order,3235.4,,,,7837.8,,Success,,3235.4,,0475132541,,,0,0,0,TJ905594495832,,81068428,81068428,,,,ASPIRE TOURISM INDIA PRIVATE LIMITED,ASPIRE TOURISM INDIA PRIVATE LIMITED
07-06-2024 12:46,TJ903994496262,RAIL,Deposit,Paid For Order,3285.4,,,,4552.4,,Success,,3285.4,,7004010218,,,0,0,0,TJ903994496262,,81068428,81068428,,,,ASPIRE TOURISM INDIA PRIVATE LIMITED,ASPIRE TOURISM INDIA PRIVATE LIMITED
07-06-2024 12:49,TJ902994496570,RAIL,Deposit,Paid For Order,2105.4,,,,2447,,Success,,2105.4,,1904420620,,,0,0,0,TJ902994496570,,81068428,81068428,,,,ASPIRE TOURISM INDIA PRIVATE LIMITED,ASPIRE TOURISM INDIA PRIVATE LIMITED
07-06-2024 13:02,304094497011,WALLET_TOPUP,Netbanking,Topup,10850,,,,0,,Failure,,10850,,3598656780,Payment Failed. Paid using: hdfc_ccavenue; Payment Fee: 0.00; Failure reason: ,,0,0,0,304094497011,,81068428,81068428,,,,ASPIRE TOURISM INDIA PRIVATE LIMITED,ASPIRE TOURISM INDIA PRIVATE LIMITED
07-06-2024 13:05,304194498176,WALLET_TOPUP,Netbanking,Topup,10850,,,,0,,Failure,,10850,,1985777413,Payment Failed. Paid using: hdfc_ccavenue; Payment Fee: 0.00; Failure reason: ,,0,0,0,304194498176,,81068428,81068428,,,,ASPIRE TOURISM INDIA PRIVATE LIMITED,ASPIRE TOURISM INDIA PRIVATE LIMITED
07-06-2024 13:09,305794498549,WALLET_TOPUP,Netbanking,Topup,9000,,,,0,,Failure,,9000,,5986144491,Payment Failed. Paid using: hdfc_ccavenue; Payment Fee: 0.00; Failure reason: ,,0,0,0,305794498549,,81068428,81068428,,,,ASPIRE TOURISM INDIA PRIVATE LIMITED,ASPIRE TOURISM INDIA PRIVATE LIMITED
07-06-2024 13:11,305394498866,WALLET_TOPUP,Deposit,Topup,,10850,,,13297,,Success,,10850,,7615427289,Paid using: Payphi; Payment Fee: 0.00; Merchant Txn Id: 2200181427666,,0,0,0,305394498866,,81068428,81068428,,,,ASPIRE TOURISM INDIA PRIVATE LIMITED,ASPIRE TOURISM INDIA PRIVATE LIMITED
07-06-2024 13:13,TJ906894499113,RAIL,Deposit,Paid For Order,3715.4,,,,9581.6,,Success,,3715.4,,2915678003,,,0,0,0,TJ906894499113,,81068428,81068428,,,,ASPIRE TOURISM INDIA PRIVATE LIMITED,ASPIRE TOURISM INDIA PRIVATE LIMITED
07-06-2024 13:22,TJ905794500102,RAIL,Deposit,Paid For Order,5295.4,,,,4286.2,,Success,,5295.4,,4690432921,,,0,0,0,TJ905794500102,,81068428,81068428,,,,ASPIRE TOURISM INDIA PRIVATE LIMITED,ASPIRE TOURISM INDIA PRIVATE LIMITED
07-06-2024 13:26,TJ901294500507,RAIL,Deposit,Paid For Order,4095.4,,,,190.8,,Success,,4095.4,,7938760208,,,0,0,0,TJ901294500507,,81068428,81068428,,,,ASPIRE TOURISM INDIA PRIVATE LIMITED,ASPIRE TOURISM INDIA PRIVATE LIMITED
07-06-2024 17:23,308894523911,WALLET_TOPUP,Netbanking,Topup,32630,,,,0,,Failure,,32630,,5419415826,Payment Failed. Paid using: hdfc_ccavenue; Payment Fee: 0.00; Failure reason: ,,0,0,0,308894523911,,81068428,81068428,,,,ASPIRE TOURISM INDIA PRIVATE LIMITED,ASPIRE TOURISM INDIA PRIVATE LIMITED
07-06-2024 17:25,309494525100,WALLET_TOPUP,Deposit,Topup,,32630,,,32820.8,,Success,,32630,,0663511222,Paid using: hdfc_ccavenue; Payment Fee: 0.00; Merchant Txn Id: 113320041620,,0,0,0,309494525100,,81068428,81068428,,,,ASPIRE TOURISM INDIA PRIVATE LIMITED,ASPIRE TOURISM INDIA PRIVATE LIMITED
07-06-2024 17:48,TJ905394527719,RAIL,Deposit,Paid For Order,4128.1,,,,28692.7,,Success,,4128.1,,8172738485,,,0,0,0,TJ905394527719,,81068428,81068428,,,,ASPIRE TOURISM INDIA PRIVATE LIMITED,ASPIRE TOURISM INDIA PRIVATE LIMITED
07-06-2024 17:55,TJ908594528519,RAIL,Deposit,Paid For Order,4125.4,,,,24567.3,,Success,,4125.4,,8443521664,,,0,0,0,TJ908594528519,,81068428,81068428,,,,ASPIRE TOURISM INDIA PRIVATE LIMITED,ASPIRE TOURISM INDIA PRIVATE LIMITED
07-06-2024 18:03,TJ901894529328,RAIL,Deposit,Paid For Order,4128.1,,,,20439.2,,Success,,4128.1,,7065238408,,,0,0,0,TJ901894529328,,81068428,81068428,,,,ASPIRE TOURISM INDIA PRIVATE LIMITED,ASPIRE TOURISM INDIA PRIVATE LIMITED
07-06-2024 18:04,TJ901294529243,RAIL,Deposit,Paid For Order,4125.4,,,,16313.8,,Success,,4125.4,,1648574192,,,0,0,0,TJ901294529243,,81068428,81068428,,,,ASPIRE TOURISM INDIA PRIVATE LIMITED,ASPIRE TOURISM INDIA PRIVATE LIMITED
07-06-2024 18:08,TJ908394529895,RAIL,Deposit,Paid For Order,4125.4,,,,12188.4,,Success,,4125.4,,1097009254,,,0,0,0,TJ908394529895,,81068428,81068428,,,,ASPIRE TOURISM INDIA PRIVATE LIMITED,ASPIRE TOURISM INDIA PRIVATE LIMITED
07-06-2024 18:10,TJ900194529972,RAIL,Deposit,Paid For Order,4125.4,,,,8063,,Success,,4125.4,,0330947403,,,0,0,0,TJ900194529972,,81068428,81068428,,,,ASPIRE TOURISM INDIA PRIVATE LIMITED,ASPIRE TOURISM INDIA PRIVATE LIMITED
07-06-2024 18:16,TJ908094530599,RAIL,Deposit,Paid For Order,4125.4,,,,3937.6,,Success,,4125.4,,2925998064,,,0,0,0,TJ908094530599,,81068428,81068428,,,,ASPIRE TOURISM INDIA PRIVATE LIMITED,ASPIRE TOURISM INDIA PRIVATE LIMITED
07-06-2024 18:16,TJ906594530622,RAIL,Deposit,Paid For Order,2085.4,,,,1852.2,,Success,,2085.4,,9719313428,,,0,0,0,TJ906594530622,,81068428,81068428,,,,ASPIRE TOURISM INDIA PRIVATE LIMITED,ASPIRE TOURISM INDIA PRIVATE LIMITED
07-06-2024 19:01,309894532761,WALLET_TOPUP,Deposit,Topup,,44520,,,46372.2,,Success,,44520,,3919974302,Paid using: Payphi; Payment Fee: 0.00; Merchant Txn Id: 4400181564717,,0,0,0,309894532761,,81068428,81068428,,,,ASPIRE TOURISM INDIA PRIVATE LIMITED,ASPIRE TOURISM INDIA PRIVATE LIMITED
07-06-2024 19:05,TJ902894535506,RAIL,Deposit,Paid For Order,287.7,,,,46084.5,,Success,,287.7,,2462271124,,,0,0,0,TJ902894535506,,81068428,81068428,,,,ASPIRE TOURISM INDIA PRIVATE LIMITED,ASPIRE TOURISM INDIA PRIVATE LIMITED
07-06-2024 19:07,TJ901894535778,RAIL,Deposit,Paid For Order,6425.4,,,,39659.1,,Success,,6425.4,,0827964457,,,0,0,0,TJ901894535778,,81068428,81068428,,,,ASPIRE TOURISM INDIA PRIVATE LIMITED,ASPIRE TOURISM INDIA PRIVATE LIMITED
07-06-2024 19:10,TJ907294536054,RAIL,Deposit,Paid For Order,6525.4,,,,33133.7,,Success,,6525.4,,6917788462,,,0,0,0,TJ907294536054,,81068428,81068428,,,,ASPIRE TOURISM INDIA PRIVATE LIMITED,ASPIRE TOURISM INDIA PRIVATE LIMITED
07-06-2024 19:13,TJ908994536328,RAIL,Deposit,Paid For Order,4165.4,,,,28968.3,,Success,,4165.4,,2337031585,,,0,0,0,TJ908994536328,,81068428,81068428,,,,ASPIRE TOURISM INDIA PRIVATE LIMITED,ASPIRE TOURISM INDIA PRIVATE LIMITED
07-06-2024 19:15,TJ905094536518,RAIL,Deposit,Paid For Order,7385.4,,,,21582.9,,Success,,7385.4,,6919786765,,,0,0,0,TJ905094536518,,81068428,81068428,,,,ASPIRE TOURISM INDIA PRIVATE LIMITED,ASPIRE TOURISM INDIA PRIVATE LIMITED
07-06-2024 19:17,TJ904094536706,RAIL,Deposit,Paid For Order,10545.4,,,,11037.5,,Success,,10545.4,,5091563039,,,0,0,0,TJ904094536706,,81068428,81068428,,,,ASPIRE TOURISM INDIA PRIVATE LIMITED,ASPIRE TOURISM INDIA PRIVATE LIMITED
07-06-2024 19:26,TJ901394537680,RAIL,Deposit,Paid For Order,5665.4,,,,5372.1,,Success,,5665.4,,5636291147,,,0,0,0,TJ901394537680,,81068428,81068428,,,,ASPIRE TOURISM INDIA PRIVATE LIMITED,ASPIRE TOURISM INDIA PRIVATE LIMITED
07-06-2024 20:07,TJ901394537680,RAIL,Deposit,Reverse,,5665.4,,,11037.5,,Success,Topup,5665.4,,3744081051,,,0,0,0,TJ901394537680,,,81068428,,,,,ASPIRE TOURISM INDIA PRIVATE LIMITED
07-06-2024 20:07,TJ905394539769,RAIL,Deposit,Paid For Order,5665.4,,,,5372.1,,Success,,5665.4,,3257342829,,,0,0,0,TJ905394539769,,81068428,81068428,,,,ASPIRE TOURISM INDIA PRIVATE LIMITED,ASPIRE TOURISM INDIA PRIVATE LIMITED
07-06-2024 20:47,TJ905394539769,RAIL,Deposit,Reverse,,5665.4,,,11037.5,,Success,Topup,5665.4,,8156708536,,,0,0,0,TJ905394539769,,,81068428,,,,,ASPIRE TOURISM INDIA PRIVATE LIMITED
07-06-2024 20:49,TJ905594545674,RAIL,Deposit,Paid For Order,5665.4,,,,5372.1,,Success,,5665.4,,9082060581,,,0,0,0,TJ905594545674,,81068428,81068428,,,,ASPIRE TOURISM INDIA PRIVATE LIMITED,ASPIRE TOURISM INDIA PRIVATE LIMITED
10-06-2024 11:49,TJ906594530622,RAIL,Deposit,Refund,,490,,,5862.1,,Success,Topup,490,,7255029564,,,0,0,0,TJ906594530622,TJA2394742160,81068428,81068428,,,,ASPIRE TOURISM INDIA PRIVATE LIMITED,ASPIRE TOURISM INDIA PRIVATE LIMITED
10-06-2024 15:24,TJ907994765155,RAIL,Deposit,Paid For Order,1155.4,,,,4706.7,,Success,,1155.4,,2500902037,,,0,0,0,TJ907994765155,,81068428,81068428,,,,ASPIRE TOURISM INDIA PRIVATE LIMITED,ASPIRE TOURISM INDIA PRIVATE LIMITED
11-06-2024 16:11,TJ900194857335,RAIL,Deposit,Paid For Order,3915.4,,,,791.3,,Success,,3915.4,,8875338783,,,0,0,0,TJ900194857335,,81068428,81068428,,,,ASPIRE TOURISM INDIA PRIVATE LIMITED,ASPIRE TOURISM INDIA PRIVATE LIMITED
11-06-2024 16:18,TJ904294858072,RAIL,Deposit,Paid For Order,3915.4,,,,0,,Failure,,3915.4,,8348591277,Insufficient Balance. ,,0,0,0,TJ904294858072,,81068428,81068428,,,,ASPIRE TOURISM INDIA PRIVATE LIMITED,ASPIRE TOURISM INDIA PRIVATE LIMITED
11-06-2024 16:20,308794858241,WALLET_TOPUP,Deposit,Topup,,32000,,,32791.3,,Success,,32000,,2659001135,Paid using: Payphi; Payment Fee: 0.00; Merchant Txn Id: 4400182826093,,0,0,0,308794858241,,81068428,81068428,,,,ASPIRE TOURISM INDIA PRIVATE LIMITED,ASPIRE TOURISM INDIA PRIVATE LIMITED
11-06-2024 16:21,TJ903094858480,RAIL,Deposit,Paid For Order,3915.4,,,,28875.9,,Success,,3915.4,,0352435160,,,0,0,0,TJ903094858480,,81068428,81068428,,,,ASPIRE TOURISM INDIA PRIVATE LIMITED,ASPIRE TOURISM INDIA PRIVATE LIMITED
11-06-2024 16:23,TJ902394858721,RAIL,Deposit,Paid For Order,3915.4,,,,24960.5,,Success,,3915.4,,8864116221,,,0,0,0,TJ902394858721,,81068428,81068428,,,,ASPIRE TOURISM INDIA PRIVATE LIMITED,ASPIRE TOURISM INDIA PRIVATE LIMITED
11-06-2024 16:31,TJ908594859600,RAIL,Deposit,Paid For Order,3915.4,,,,21045.1,,Success,,3915.4,,1026376722,,,0,0,0,TJ908594859600,,81068428,81068428,,,,ASPIRE TOURISM INDIA PRIVATE LIMITED,ASPIRE TOURISM INDIA PRIVATE LIMITED
11-06-2024 16:33,TJ906194859834,RAIL,Deposit,Paid For Order,3915.4,,,,17129.7,,Success,,3915.4,,6586611990,,,0,0,0,TJ906194859834,,81068428,81068428,,,,ASPIRE TOURISM INDIA PRIVATE LIMITED,ASPIRE TOURISM INDIA PRIVATE LIMITED
11-06-2024 16:38,TJ905894860390,RAIL,Deposit,Paid For Order,3915.4,,,,13214.3,,Success,,3915.4,,2251540624,,,0,0,0,TJ905894860390,,81068428,81068428,,,,ASPIRE TOURISM INDIA PRIVATE LIMITED,ASPIRE TOURISM INDIA PRIVATE LIMITED
11-06-2024 16:39,TJ902394860459,RAIL,Deposit,Paid For Order,3915.4,,,,9298.9,,Success,,3915.4,,1816445983,,,0,0,0,TJ902394860459,,81068428,81068428,,,,ASPIRE TOURISM INDIA PRIVATE LIMITED,ASPIRE TOURISM INDIA PRIVATE LIMITED
11-06-2024 16:42,TJ906094860845,RAIL,Deposit,Paid For Order,2625.4,,,,6673.5,,Success,,2625.4,,9749156909,,,0,0,0,TJ906094860845,,81068428,81068428,,,,ASPIRE TOURISM INDIA PRIVATE LIMITED,ASPIRE TOURISM INDIA PRIVATE LIMITED
11-06-2024 16:48,TJ905594861529,RAIL,Deposit,Paid For Order,3915.4,,,,2758.1,,Success,,3915.4,,3988139614,,,0,0,0,TJ905594861529,,81068428,81068428,,,,ASPIRE TOURISM INDIA PRIVATE LIMITED,ASPIRE TOURISM INDIA PRIVATE LIMITED
11-06-2024 16:53,TJ905294862128,RAIL,Deposit,Paid For Order,2625.4,,,,132.7,,Success,,2625.4,,9064291323,,,0,0,0,TJ905294862128,,81068428,81068428,,,,ASPIRE TOURISM INDIA PRIVATE LIMITED,ASPIRE TOURISM INDIA PRIVATE LIMITED
11-06-2024 17:31,TJ902394860459,RAIL,Deposit,Refund,,2730,,,2862.7,,Success,Topup,2730,,6938915445,,,0,0,0,TJ902394860459,TJA7894866505,81068428,81068428,,,,ASPIRE TOURISM INDIA PRIVATE LIMITED,ASPIRE TOURISM INDIA PRIVATE LIMITED
11-06-2024 17:35,308794866950,WALLET_TOPUP,Deposit,Topup,,1100,,,3962.7,,Success,,1100,,2946996554,Paid using: Payphi; Payment Fee: 0.00; Merchant Txn Id: 2200182854332,,0,0,0,308794866950,,81068428,81068428,,,,ASPIRE TOURISM INDIA PRIVATE LIMITED,ASPIRE TOURISM INDIA PRIVATE LIMITED
11-06-2024 17:41,TJ908894867727,RAIL,Deposit,Paid For Order,3915.4,,,,47.3,,Success,,3915.4,,4423652585,,,0,0,0,TJ908894867727,,81068428,81068428,,,,ASPIRE TOURISM INDIA PRIVATE LIMITED,ASPIRE TOURISM INDIA PRIVATE LIMITED
12-06-2024 18:50,307994971834,WALLET_TOPUP,Deposit,Topup,,10100,,,10147.3,,Success,,10100,,8098698233,Paid using: hdfc_ccavenue; Payment Fee: 0.00; Merchant Txn Id: 113327389957,,0,0,0,307994971834,,81068428,81068428,,,,ASPIRE TOURISM INDIA PRIVATE LIMITED,ASPIRE TOURISM INDIA PRIVATE LIMITED
12-06-2024 18:59,TJ903894972880,RAIL,Deposit,Paid For Order,1437.7,,,,8709.6,,Success,,1437.7,,9650422987,,,0,0,0,TJ903894972880,,81068428,81068428,,,,ASPIRE TOURISM INDIA PRIVATE LIMITED,ASPIRE TOURISM INDIA PRIVATE LIMITED
12-06-2024 19:06,TJ909094973518,RAIL,Deposit,Paid For Order,1437.7,,,,7271.9,,Success,,1437.7,,2472879404,,,0,0,0,TJ909094973518,,81068428,81068428,,,,ASPIRE TOURISM INDIA PRIVATE LIMITED,ASPIRE TOURISM INDIA PRIVATE LIMITED
12-06-2024 19:12,TJ901594973986,RAIL,Deposit,Paid For Order,1437.7,,,,5834.2,,Success,,1437.7,,5501688905,,,0,0,0,TJ901594973986,,81068428,81068428,,,,ASPIRE TOURISM INDIA PRIVATE LIMITED,ASPIRE TOURISM INDIA PRIVATE LIMITED
12-06-2024 19:20,TJ902094974581,RAIL,Deposit,Paid For Order,1437.7,,,,4396.5,,Success,,1437.7,,9722612760,,,0,0,0,TJ902094974581,,81068428,81068428,,,,ASPIRE TOURISM INDIA PRIVATE LIMITED,ASPIRE TOURISM INDIA PRIVATE LIMITED
12-06-2024 19:24,TJ901494974987,RAIL,Deposit,Paid For Order,1437.7,,,,2958.8,,Success,,1437.7,,8532711823,,,0,0,0,TJ901494974987,,81068428,81068428,,,,ASPIRE TOURISM INDIA PRIVATE LIMITED,ASPIRE TOURISM INDIA PRIVATE LIMITED
12-06-2024 19:28,TJ909894975384,RAIL,Deposit,Paid For Order,1437.7,,,,1521.1,,Success,,1437.7,,2578854439,,,0,0,0,TJ909894975384,,81068428,81068428,,,,ASPIRE TOURISM INDIA PRIVATE LIMITED,ASPIRE TOURISM INDIA PRIVATE LIMITED
12-06-2024 19:33,TJ907194975817,RAIL,Deposit,Paid For Order,1437.7,,,,83.4,,Success,,1437.7,,1762334084,,,0,0,0,TJ907194975817,,81068428,81068428,,,,ASPIRE TOURISM INDIA PRIVATE LIMITED,ASPIRE TOURISM INDIA PRIVATE LIMITED
12-06-2024 19:41,TJ903194976389,RAIL,Deposit,Paid For Order,262.7,,,,0,,Failure,,262.7,,5904719475,Insufficient Balance. ,,0,0,0,TJ903194976389,,81068428,81068428,,,,ASPIRE TOURISM INDIA PRIVATE LIMITED,ASPIRE TOURISM INDIA PRIVATE LIMITED
12-06-2024 20:00,303694978003,WALLET_TOPUP,Deposit,Topup,,200,,,283.4,,Success,,200,,4579246653,Paid using: hdfc_ccavenue; Payment Fee: 0.00; Merchant Txn Id: 113327517526,,0,0,0,303694978003,,81068428,81068428,,,,ASPIRE TOURISM INDIA PRIVATE LIMITED,ASPIRE TOURISM INDIA PRIVATE LIMITED
12-06-2024 20:09,TJ906894979088,RAIL,Deposit,Paid For Order,262.7,,,,20.7,,Success,,262.7,,5850407230,,,0,0,0,TJ906894979088,,81068428,81068428,,,,ASPIRE TOURISM INDIA PRIVATE LIMITED,ASPIRE TOURISM INDIA PRIVATE LIMITED
13-06-2024 17:49,300495058960,WALLET_TOPUP,Deposit,Topup,,250,,,270.7,,Success,,250,,3808216853,Paid using: hdfc_ccavenue; Payment Fee: 0.00; Merchant Txn Id: 113328879672,,0,0,0,300495058960,,81068428,81068428,,,,ASPIRE TOURISM INDIA PRIVATE LIMITED,ASPIRE TOURISM INDIA PRIVATE LIMITED
13-06-2024 18:03,TJ900995060546,RAIL,Deposit,Paid For Order,263.15,,,,7.55,,Success,,263.15,,9485646053,,,0,0,0,TJ900995060546,,81068428,81068428,,,,ASPIRE TOURISM INDIA PRIVATE LIMITED,ASPIRE TOURISM INDIA PRIVATE LIMITED
14-06-2024 11:00,304895106496,WALLET_TOPUP,Deposit,Topup,,1220,,,1227.55,,Success,,1220,,8637981087,Paid using: Payphi; Payment Fee: 0.00; Merchant Txn Id: 2200183649064,,0,0,0,304895106496,,81068428,81068428,,,,ASPIRE TOURISM INDIA PRIVATE LIMITED,ASPIRE TOURISM INDIA PRIVATE LIMITED
14-06-2024 11:04,TJ901595106963,RAIL,Deposit,Paid For Order,1220.4,,,,7.15,,Success,,1220.4,,8605285758,,,0,0,0,TJ901595106963,,81068428,81068428,,,,ASPIRE TOURISM INDIA PRIVATE LIMITED,ASPIRE TOURISM INDIA PRIVATE LIMITED
17-06-2024 18:18,303095379071,WALLET_TOPUP,Deposit,Topup,,19760,,,19767.15,,Success,,19760,,7671292872,Paid using: Payphi; Payment Fee: 0.00; Merchant Txn Id: 2200184808964,,0,0,0,303095379071,,81068428,81068428,,,,ASPIRE TOURISM INDIA PRIVATE LIMITED,ASPIRE TOURISM INDIA PRIVATE LIMITED
17-06-2024 18:46,TJ908195381322,RAIL,Deposit,Paid For Order,287.7,,,,19479.45,,Success,,287.7,,4826964364,,,0,0,0,TJ908195381322,,81068428,81068428,,,,ASPIRE TOURISM INDIA PRIVATE LIMITED,ASPIRE TOURISM INDIA PRIVATE LIMITED
17-06-2024 18:50,TJ901695381563,RAIL,Deposit,Paid For Order,2507.7,,,,16971.75,,Success,,2507.7,,4373582057,,,0,0,0,TJ901695381563,,81068428,81068428,,,,ASPIRE TOURISM INDIA PRIVATE LIMITED,ASPIRE TOURISM INDIA PRIVATE LIMITED
17-06-2024 18:52,TJ905295381813,RAIL,Deposit,Paid For Order,1747.7,,,,15224.05,,Success,,1747.7,,7539564492,,,0,0,0,TJ905295381813,,81068428,81068428,,,,ASPIRE TOURISM INDIA PRIVATE LIMITED,ASPIRE TOURISM INDIA PRIVATE LIMITED
17-06-2024 18:55,TJ905395381963,RAIL,Deposit,Paid For Order,7345.4,,,,7878.65,,Success,,7345.4,,4177614048,,,0,0,0,TJ905395381963,,81068428,81068428,,,,ASPIRE TOURISM INDIA PRIVATE LIMITED,ASPIRE TOURISM INDIA PRIVATE LIMITED
17-06-2024 18:56,TJ909695382098,RAIL,Deposit,Paid For Order,1887.7,,,,5990.95,,Success,,1887.7,,9247872444,,,0,0,0,TJ909695382098,,81068428,81068428,,,,ASPIRE TOURISM INDIA PRIVATE LIMITED,ASPIRE TOURISM INDIA PRIVATE LIMITED
17-06-2024 18:57,TJ900895382193,RAIL,Deposit,Paid For Order,2127.7,,,,3863.25,,Success,,2127.7,,4333303945,,,0,0,0,TJ900895382193,,81068428,81068428,,,,ASPIRE TOURISM INDIA PRIVATE LIMITED,ASPIRE TOURISM INDIA PRIVATE LIMITED
20-06-2024 19:00,TJ907295637362,RAIL,Deposit,Paid For Order,987.7,,,,2875.55,,Success,,987.7,,8977207301,,,0,0,0,TJ907295637362,,81068428,81068428,,,,ASPIRE TOURISM INDIA PRIVATE LIMITED,ASPIRE TOURISM INDIA PRIVATE LIMITED
20-06-2024 19:01,TJ905295637350,RAIL,Deposit,Paid For Order,1437.7,,,,1437.85,,Success,,1437.7,,2529066824,,,0,0,0,TJ905295637350,,81068428,81068428,,,,ASPIRE TOURISM INDIA PRIVATE LIMITED,ASPIRE TOURISM INDIA PRIVATE LIMITED
20-06-2024 19:05,TJ902995637763,RAIL,Deposit,Paid For Order,987.7,,,,450.15,,Success,,987.7,,2474220191,,,0,0,0,TJ902995637763,,81068428,81068428,,,,ASPIRE TOURISM INDIA PRIVATE LIMITED,ASPIRE TOURISM INDIA PRIVATE LIMITED
22-06-2024 18:58,302695800713,WALLET_TOPUP,Deposit,Topup,,9100,,,9550.15,,Success,,9100,,8663524016,Paid using: hdfc_ccavenue; Payment Fee: 15.00; Merchant Txn Id: 113342131244,,0,0,0,302695800713,,81068428,81068428,,,,ASPIRE TOURISM INDIA PRIVATE LIMITED,ASPIRE TOURISM INDIA PRIVATE LIMITED
22-06-2024 19:06,TJ907595801645,RAIL,Deposit,Paid For Order,4135.4,,,,5414.75,,Success,,4135.4,,0781541502,,,0,0,0,TJ907595801645,,81068428,81068428,,,,ASPIRE TOURISM INDIA PRIVATE LIMITED,ASPIRE TOURISM INDIA PRIVATE LIMITED
22-06-2024 19:10,TJ903995801848,RAIL,Deposit,Paid For Order,4965.4,,,,449.35,,Success,,4965.4,,1154179740,,,0,0,0,TJ903995801848,,81068428,81068428,,,,ASPIRE TOURISM INDIA PRIVATE LIMITED,ASPIRE TOURISM INDIA PRIVATE LIMITED
27-06-2024 17:53,303196196689,WALLET_TOPUP,Deposit,Topup,,44000,,,44449.35,,Success,,44000,,5608727548,Paid using: hdfc_ccavenue; Payment Fee: 0.00; Merchant Txn Id: 113349364809,,0,0,0,303196196689,,81068428,81068428,,,,ASPIRE TOURISM INDIA PRIVATE LIMITED,ASPIRE TOURISM INDIA PRIVATE LIMITED
27-06-2024 18:10,TJ900996199055,RAIL,Deposit,Paid For Order,1797.7,,,,42651.65,,Success,,1797.7,,1905266992,,,0,0,0,TJ900996199055,,81068428,81068428,,,,ASPIRE TOURISM INDIA PRIVATE LIMITED,ASPIRE TOURISM INDIA PRIVATE LIMITED
27-06-2024 18:12,TJ901296199046,RAIL,Deposit,Paid For Order,1797.7,,,,40853.95,,Success,,1797.7,,4985336805,,,0,0,0,TJ901296199046,,81068428,81068428,,,,ASPIRE TOURISM INDIA PRIVATE LIMITED,ASPIRE TOURISM INDIA PRIVATE LIMITED
27-06-2024 18:23,TJ909196199716,RAIL,Deposit,Paid For Order,1797.7,,,,39056.25,,Success,,1797.7,,9079876112,,,0,0,0,TJ909196199716,,81068428,81068428,,,,ASPIRE TOURISM INDIA PRIVATE LIMITED,ASPIRE TOURISM INDIA PRIVATE LIMITED
27-06-2024 18:24,TJ901096200530,RAIL,Deposit,Paid For Order,1797.7,,,,37258.55,,Success,,1797.7,,8095051430,,,0,0,0,TJ901096200530,,81068428,81068428,,,,ASPIRE TOURISM INDIA PRIVATE LIMITED,ASPIRE TOURISM INDIA PRIVATE LIMITED
27-06-2024 18:27,TJ906496200732,RAIL,Deposit,Paid For Order,1797.7,,,,35460.85,,Success,,1797.7,,7456806041,,,0,0,0,TJ906496200732,,81068428,81068428,,,,ASPIRE TOURISM INDIA PRIVATE LIMITED,ASPIRE TOURISM INDIA PRIVATE LIMITED
27-06-2024 18:34,TJ902096201446,RAIL,Deposit,Paid For Order,1797.7,,,,33663.15,,Success,,1797.7,,7522355303,,,0,0,0,TJ902096201446,,81068428,81068428,,,,ASPIRE TOURISM INDIA PRIVATE LIMITED,ASPIRE TOURISM INDIA PRIVATE LIMITED
27-06-2024 18:36,TJ909396201662,RAIL,Deposit,Paid For Order,1797.7,,,,31865.45,,Success,,1797.7,,7354490645,,,0,0,0,TJ909396201662,,81068428,81068428,,,,ASPIRE TOURISM INDIA PRIVATE LIMITED,ASPIRE TOURISM INDIA PRIVATE LIMITED
27-06-2024 18:37,TJ905496201038,RAIL,Deposit,Paid For Order,1502.7,,,,30362.75,,Success,,1502.7,,0532462938,,,0,0,0,TJ905496201038,,81068428,81068428,,,,ASPIRE TOURISM INDIA PRIVATE LIMITED,ASPIRE TOURISM INDIA PRIVATE LIMITED
27-06-2024 18:39,TJ905996201883,RAIL,Deposit,Paid For Order,1797.7,,,,28565.05,,Success,,1797.7,,9762426238,,,0,0,0,TJ905996201883,,81068428,81068428,,,,ASPIRE TOURISM INDIA PRIVATE LIMITED,ASPIRE TOURISM INDIA PRIVATE LIMITED
27-06-2024 18:42,TJ909996202136,RAIL,Deposit,Paid For Order,1797.7,,,,26767.35,,Success,,1797.7,,4015794043,,,0,0,0,TJ909996202136,,81068428,81068428,,,,ASPIRE TOURISM INDIA PRIVATE LIMITED,ASPIRE TOURISM INDIA PRIVATE LIMITED
27-06-2024 18:44,TJ902596202249,RAIL,Deposit,Paid For Order,1797.7,,,,24969.65,,Success,,1797.7,,1054497150,,,0,0,0,TJ902596202249,,81068428,81068428,,,,ASPIRE TOURISM INDIA PRIVATE LIMITED,ASPIRE TOURISM INDIA PRIVATE LIMITED
27-06-2024 18:45,TJ903296202433,RAIL,Deposit,Paid For Order,1797.7,,,,23171.95,,Success,,1797.7,,6078758925,,,0,0,0,TJ903296202433,,81068428,81068428,,,,ASPIRE TOURISM INDIA PRIVATE LIMITED,ASPIRE TOURISM INDIA PRIVATE LIMITED
27-06-2024 18:48,TJ903696202578,RAIL,Deposit,Paid For Order,1797.7,,,,21374.25,,Success,,1797.7,,7665765744,,,0,0,0,TJ903696202578,,81068428,81068428,,,,ASPIRE TOURISM INDIA PRIVATE LIMITED,ASPIRE TOURISM INDIA PRIVATE LIMITED
27-06-2024 18:49,TJ908296202701,RAIL,Deposit,Paid For Order,1797.7,,,,19576.55,,Success,,1797.7,,7282343333,,,0,0,0,TJ908296202701,,81068428,81068428,,,,ASPIRE TOURISM INDIA PRIVATE LIMITED,ASPIRE TOURISM INDIA PRIVATE LIMITED
27-06-2024 18:52,TJ900696202871,RAIL,Deposit,Paid For Order,1797.7,,,,17778.85,,Success,,1797.7,,0532736054,,,0,0,0,TJ900696202871,,81068428,81068428,,,,ASPIRE TOURISM INDIA PRIVATE LIMITED,ASPIRE TOURISM INDIA PRIVATE LIMITED
27-06-2024 18:54,TJ907996203059,RAIL,Deposit,Paid For Order,1797.7,,,,15981.15,,Success,,1797.7,,1831315832,,,0,0,0,TJ907996203059,,81068428,81068428,,,,ASPIRE TOURISM INDIA PRIVATE LIMITED,ASPIRE TOURISM INDIA PRIVATE LIMITED
27-06-2024 19:27,TJ907996203059,RAIL,Deposit,Reverse,,1797.7,,,17778.85,,Success,Topup,1797.7,,7341104542,,,0,0,0,TJ907996203059,,,81068428,,,,,ASPIRE TOURISM INDIA PRIVATE LIMITED
28-06-2024 10:17,TJ908496235061,RAIL,Deposit,Paid For Order,1797.7,,,,15981.15,,Success,,1797.7,,3905934006,,,0,0,0,TJ908496235061,,81068428,81068428,,,,ASPIRE TOURISM INDIA PRIVATE LIMITED,ASPIRE TOURISM INDIA PRIVATE LIMITED
28-06-2024 10:30,TJ901696236404,RAIL,Deposit,Paid For Order,1797.7,,,,14183.45,,Success,,1797.7,,0087905888,,,0,0,0,TJ901696236404,,81068428,81068428,,,,ASPIRE TOURISM INDIA PRIVATE LIMITED,ASPIRE TOURISM INDIA PRIVATE LIMITED
28-06-2024 10:36,TJ903696237132,RAIL,Deposit,Paid For Order,1797.7,,,,12385.75,,Success,,1797.7,,1142295613,,,0,0,0,TJ903696237132,,81068428,81068428,,,,ASPIRE TOURISM INDIA PRIVATE LIMITED,ASPIRE TOURISM INDIA PRIVATE LIMITED
28-06-2024 10:40,TJ901296237485,RAIL,Deposit,Paid For Order,1797.7,,,,10588.05,,Success,,1797.7,,7176132377,,,0,0,0,TJ901296237485,,81068428,81068428,,,,ASPIRE TOURISM INDIA PRIVATE LIMITED,ASPIRE TOURISM INDIA PRIVATE LIMITED
28-06-2024 10:45,TJ905296238016,RAIL,Deposit,Paid For Order,1797.7,,,,8790.35,,Success,,1797.7,,6344039467,,,0,0,0,TJ905296238016,,81068428,81068428,,,,ASPIRE TOURISM INDIA PRIVATE LIMITED,ASPIRE TOURISM INDIA PRIVATE LIMITED
28-06-2024 10:54,TJ900496238832,RAIL,Deposit,Paid For Order,1797.7,,,,6992.65,,Success,,1797.7,,5389092148,,,0,0,0,TJ900496238832,,81068428,81068428,,,,ASPIRE TOURISM INDIA PRIVATE LIMITED,ASPIRE TOURISM INDIA PRIVATE LIMITED
28-06-2024 10:57,TJ908496235061,RAIL,Deposit,Reverse,,1797.7,,,8790.35,,Success,Topup,1797.7,,0121548857,,,0,0,0,TJ908496235061,,,81068428,,,,,ASPIRE TOURISM INDIA PRIVATE LIMITED
28-06-2024 10:58,TJ900296239191,RAIL,Deposit,Paid For Order,1797.7,,,,6992.65,,Success,,1797.7,,0022261716,,,0,0,0,TJ900296239191,,81068428,81068428,,,,ASPIRE TOURISM INDIA PRIVATE LIMITED,ASPIRE TOURISM INDIA PRIVATE LIMITED
28-06-2024 11:01,TJ907596239539,RAIL,Deposit,Paid For Order,1797.7,,,,5194.95,,Success,,1797.7,,8617615349,,,0,0,0,TJ907596239539,,81068428,81068428,,,,ASPIRE TOURISM INDIA PRIVATE LIMITED,ASPIRE TOURISM INDIA PRIVATE LIMITED
28-06-2024 11:05,TJ906896239948,RAIL,Deposit,Paid For Order,1797.7,,,,3397.25,,Success,,1797.7,,6242980750,,,0,0,0,TJ906896239948,,81068428,81068428,,,,ASPIRE TOURISM INDIA PRIVATE LIMITED,ASPIRE TOURISM INDIA PRIVATE LIMITED
28-06-2024 11:09,TJ909396240439,RAIL,Deposit,Paid For Order,1797.7,,,,1599.55,,Success,,1797.7,,2750204137,,,0,0,0,TJ909396240439,,81068428,81068428,,,,ASPIRE TOURISM INDIA PRIVATE LIMITED,ASPIRE TOURISM INDIA PRIVATE LIMITED
28-06-2024 11:47,307196244498,WALLET_TOPUP,Deposit,Topup,,32000,,,33599.55,,Success,,32000,,0845092073,Paid using: hdfc_ccavenue; Payment Fee: 15.00; Merchant Txn Id: 113350322427,,0,0,0,307196244498,,81068428,81068428,,,,ASPIRE TOURISM INDIA PRIVATE LIMITED,ASPIRE TOURISM INDIA PRIVATE LIMITED
28-06-2024 11:57,TJ901196246011,RAIL,Deposit,Paid For Order,1797.7,,,,31801.85,,Success,,1797.7,,7199823331,,,0,0,0,TJ901196246011,,81068428,81068428,,,,ASPIRE TOURISM INDIA PRIVATE LIMITED,ASPIRE TOURISM INDIA PRIVATE LIMITED
28-06-2024 12:01,TJ905696246384,RAIL,Deposit,Paid For Order,1797.7,,,,30004.15,,Success,,1797.7,,9827467644,,,0,0,0,TJ905696246384,,81068428,81068428,,,,ASPIRE TOURISM INDIA PRIVATE LIMITED,ASPIRE TOURISM INDIA PRIVATE LIMITED
28-06-2024 12:07,TJ906396247085,RAIL,Deposit,Paid For Order,1797.7,,,,28206.45,,Success,,1797.7,,4144623114,,,0,0,0,TJ906396247085,,81068428,81068428,,,,ASPIRE TOURISM INDIA PRIVATE LIMITED,ASPIRE TOURISM INDIA PRIVATE LIMITED
28-06-2024 12:51,TJ907096251912,RAIL,Deposit,Paid For Order,1797.7,,,,26408.75,,Success,,1797.7,,2594077709,,,0,0,0,TJ907096251912,,81068428,81068428,,,,ASPIRE TOURISM INDIA PRIVATE LIMITED,ASPIRE TOURISM INDIA PRIVATE LIMITED
28-06-2024 12:55,TJ900896252366,RAIL,Deposit,Paid For Order,1797.7,,,,24611.05,,Success,,1797.7,,2734532456,,,0,0,0,TJ900896252366,,81068428,81068428,,,,ASPIRE TOURISM INDIA PRIVATE LIMITED,ASPIRE TOURISM INDIA PRIVATE LIMITED
28-06-2024 12:59,TJ901596252716,RAIL,Deposit,Paid For Order,1797.7,,,,22813.35,,Success,,1797.7,,7138702733,,,0,0,0,TJ901596252716,,81068428,81068428,,,,ASPIRE TOURISM INDIA PRIVATE LIMITED,ASPIRE TOURISM INDIA PRIVATE LIMITED
28-06-2024 13:03,TJ905796253058,RAIL,Deposit,Paid For Order,1797.7,,,,21015.65,,Success,,1797.7,,0802790513,,,0,0,0,TJ905796253058,,81068428,81068428,,,,ASPIRE TOURISM INDIA PRIVATE LIMITED,ASPIRE TOURISM INDIA PRIVATE LIMITED
28-06-2024 13:06,TJ900096253432,RAIL,Deposit,Paid For Order,1797.7,,,,19217.95,,Success,,1797.7,,1584419174,,,0,0,0,TJ900096253432,,81068428,81068428,,,,ASPIRE TOURISM INDIA PRIVATE LIMITED,ASPIRE TOURISM INDIA PRIVATE LIMITED
28-06-2024 13:11,TJ905596253842,RAIL,Deposit,Paid For Order,1797.7,,,,17420.25,,Success,,1797.7,,7124408766,,,0,0,0,TJ905596253842,,81068428,81068428,,,,ASPIRE TOURISM INDIA PRIVATE LIMITED,ASPIRE TOURISM INDIA PRIVATE LIMITED
28-06-2024 13:16,TJ909796254430,RAIL,Deposit,Paid For Order,1797.7,,,,15622.55,,Success,,1797.7,,6481748287,,,0,0,0,TJ909796254430,,81068428,81068428,,,,ASPIRE TOURISM INDIA PRIVATE LIMITED,ASPIRE TOURISM INDIA PRIVATE LIMITED
28-06-2024 13:21,TJ905696254912,RAIL,Deposit,Paid For Order,1797.7,,,,13824.85,,Success,,1797.7,,1416488647,,,0,0,0,TJ905696254912,,81068428,81068428,,,,ASPIRE TOURISM INDIA PRIVATE LIMITED,ASPIRE TOURISM INDIA PRIVATE LIMITED
28-06-2024 13:57,TJ905696254912,RAIL,Deposit,Reverse,,1797.7,,,15622.55,,Success,Topup,1797.7,,8194801074,,,0,0,0,TJ905696254912,,,81068428,,,,,ASPIRE TOURISM INDIA PRIVATE LIMITED
28-06-2024 14:12,TJ903096255671,RAIL,Deposit,Paid For Order,1797.7,,,,13824.85,,Success,,1797.7,,9007421656,,,0,0,0,TJ903096255671,,81068428,81068428,,,,ASPIRE TOURISM INDIA PRIVATE LIMITED,ASPIRE TOURISM INDIA PRIVATE LIMITED
28-06-2024 14:47,TJ903096255671,RAIL,Deposit,Reverse,,1797.7,,,15622.55,,Success,Topup,1797.7,,4015497386,,,0,0,0,TJ903096255671,,,81068428,,,,,ASPIRE TOURISM INDIA PRIVATE LIMITED
28-06-2024 15:12,TJ909096265733,RAIL,Deposit,Paid For Order,1797.7,,,,13824.85,,Success,,1797.7,,6199173905,,,0,0,0,TJ909096265733,,81068428,81068428,,,,ASPIRE TOURISM INDIA PRIVATE LIMITED,ASPIRE TOURISM INDIA PRIVATE LIMITED
28-06-2024 15:19,TJ906696266353,RAIL,Deposit,Paid For Order,1797.7,,,,12027.15,,Success,,1797.7,,7711315948,,,0,0,0,TJ906696266353,,81068428,81068428,,,,ASPIRE TOURISM INDIA PRIVATE LIMITED,ASPIRE TOURISM INDIA PRIVATE LIMITED
28-06-2024 15:25,TJ903596266968,RAIL,Deposit,Paid For Order,1797.7,,,,10229.45,,Success,,1797.7,,7134788766,,,0,0,0,TJ903596266968,,81068428,81068428,,,,ASPIRE TOURISM INDIA PRIVATE LIMITED,ASPIRE TOURISM INDIA PRIVATE LIMITED
28-06-2024 15:28,TJ908096267309,RAIL,Deposit,Paid For Order,1797.7,,,,8431.75,,Success,,1797.7,,1932221775,,,0,0,0,TJ908096267309,,81068428,81068428,,,,ASPIRE TOURISM INDIA PRIVATE LIMITED,ASPIRE TOURISM INDIA PRIVATE LIMITED
28-06-2024 15:33,TJ908996267801,RAIL,Deposit,Paid For Order,1797.7,,,,6634.05,,Success,,1797.7,,9304646439,,,0,0,0,TJ908996267801,,81068428,81068428,,,,ASPIRE TOURISM INDIA PRIVATE LIMITED,ASPIRE TOURISM INDIA PRIVATE LIMITED
28-06-2024 15:38,TJ904596268441,RAIL,Deposit,Paid For Order,1797.7,,,,4836.35,,Success,,1797.7,,9981854374,,,0,0,0,TJ904596268441,,81068428,81068428,,,,ASPIRE TOURISM INDIA PRIVATE LIMITED,ASPIRE TOURISM INDIA PRIVATE LIMITED
28-06-2024 15:45,TJ901896269125,RAIL,Deposit,Paid For Order,1797.7,,,,3038.65,,Success,,1797.7,,9815456129,,,0,0,0,TJ901896269125,,81068428,81068428,,,,ASPIRE TOURISM INDIA PRIVATE LIMITED,ASPIRE TOURISM INDIA PRIVATE LIMITED
28-06-2024 15:50,TJ907496269650,RAIL,Deposit,Paid For Order,1797.7,,,,1240.95,,Success,,1797.7,,0007517332,,,0,0,0,TJ907496269650,,81068428,81068428,,,,ASPIRE TOURISM INDIA PRIVATE LIMITED,ASPIRE TOURISM INDIA PRIVATE LIMITED
28-06-2024 15:52,TJ905196269860,RAIL,Deposit,Paid For Order,322.7,,,,918.25,,Success,,322.7,,8254244130,,,0,0,0,TJ905196269860,,81068428,81068428,,,,ASPIRE TOURISM INDIA PRIVATE LIMITED,ASPIRE TOURISM INDIA PRIVATE LIMITED
,,,,,,,,,,,,,,,,,,,,,,,,,,,,,
05-07-2024 12:53,TJ901494974987,RAIL,Deposit,Refund,,1410,,,2328.25,,Success,Topup,1410,,6098854691,,,0,0,0,TJ901494974987,TJA0196831357,81015677,81068428,,,,Madhusudan,ASPIRE TOURISM INDIA PRIVATE LIMITED
05-07-2024 12:53,TJ909094973518,RAIL,Deposit,Refund,,1410,,,3738.25,,Success,Topup,1410,,2404548208,,,0,0,0,TJ909094973518,TJA9896831411,81015677,81068428,,,,Madhusudan,ASPIRE TOURISM INDIA PRIVATE LIMITED
05-07-2024 12:54,TJ900995060546,RAIL,Deposit,Refund,,235,,,3973.25,,Success,Topup,235,,7058161992,,,0,0,0,TJ900995060546,TJA4696831452,81015677,81068428,,,,Madhusudan,ASPIRE TOURISM INDIA PRIVATE LIMITED
05-07-2024 12:54,TJ907194975817,RAIL,Deposit,Refund,,1410,,,5383.25,,Success,Topup,1410,,4897533632,,,0,0,0,TJ907194975817,TJA9196831538,81015677,81068428,,,,Madhusudan,ASPIRE TOURISM INDIA PRIVATE LIMITED
05-07-2024 12:56,TJ901594973986,RAIL,Deposit,Refund,,1410,,,6793.25,,Success,Topup,1410,,6640345445,,,0,0,0,TJ901594973986,TJA7796831689,81015677,81068428,,,,Madhusudan,ASPIRE TOURISM INDIA PRIVATE LIMITED
05-07-2024 12:56,TJ902094974581,RAIL,Deposit,Refund,,1410,,,8203.25,,Success,Topup,1410,,5965336250,,,0,0,0,TJ902094974581,TJA8296831735,81015677,81068428,,,,Madhusudan,ASPIRE TOURISM INDIA PRIVATE LIMITED
05-07-2024 12:57,TJ903894972880,RAIL,Deposit,Refund,,1410,,,9613.25,,Success,Topup,1410,,3427544238,,,0,0,0,TJ903894972880,TJA4096831833,81015677,81068428,,,,Madhusudan,ASPIRE TOURISM INDIA PRIVATE LIMITED
05-07-2024 12:57,TJ909894975384,RAIL,Deposit,Refund,,1410,,,11023.25,,Success,Topup,1410,,1757523324,,,0,0,0,TJ909894975384,TJA7796831880,81015677,81068428,,,,Madhusudan,ASPIRE TOURISM INDIA PRIVATE LIMITED
05-07-2024 12:58,TJ906894979088,RAIL,Deposit,Refund,,235,,,11258.25,,Success,Topup,235,,3997393107,,,0,0,0,TJ906894979088,TJA6296831935,81015677,81068428,,,,Madhusudan,ASPIRE TOURISM INDIA PRIVATE LIMITED
16-07-2024 20:30,TJ904797854011,RAIL,Deposit,Paid For Order,3615.4,,,,7642.85,,Success,,3615.4,,8984342045,,,0,0,0,TJ904797854011,,81068428,81068428,,,,ASPIRE TOURISM INDIA PRIVATE LIMITED,ASPIRE TOURISM INDIA PRIVATE LIMITED
16-07-2024 20:52,TJ902597855896,RAIL,Deposit,Paid For Order,3615.4,,,,4027.45,,Success,,3615.4,,6286841150,,,0,0,0,TJ902597855896,,81068428,81068428,,,,ASPIRE TOURISM INDIA PRIVATE LIMITED,ASPIRE TOURISM INDIA PRIVATE LIMITED
16-07-2024 21:05,TJ908997856963,RAIL,Deposit,Paid For Order,3615.4,,,,412.05,,Success,,3615.4,,4544561757,,,0,0,0,TJ908997856963,,81068428,81068428,,,,ASPIRE TOURISM INDIA PRIVATE LIMITED,ASPIRE TOURISM INDIA PRIVATE LIMITED
16-07-2024 21:07,TJ904797854011,RAIL,Deposit,Reverse,,3615.4,,,4027.45,,Success,Topup,3615.4,,7361984328,,,0,0,0,TJ904797854011,,,81068428,,,,,ASPIRE TOURISM INDIA PRIVATE LIMITED
16-07-2024 21:27,TJ902597855896,RAIL,Deposit,Reverse,,3615.4,,,7642.85,,Success,Topup,3615.4,,0315006571,,,0,0,0,TJ902597855896,,,81068428,,,,,ASPIRE TOURISM INDIA PRIVATE LIMITED
17-07-2024 18:12,307997936804,WALLET_TOPUP,Netbanking,Topup,58840,,,,0,,Failure,,58840,,2743985789,Payment Failed. Paid using: hdfc_ccavenue; Payment Fee: 0.00; Failure reason: ,,0,0,0,307997936804,,81068428,81068428,,,,ASPIRE TOURISM INDIA PRIVATE LIMITED,ASPIRE TOURISM INDIA PRIVATE LIMITED
17-07-2024 18:22,305697937719,WALLET_TOPUP,Deposit,Topup,,58840,,,66482.85,,Success,,58840,,5111479725,Paid using: hdfc_ccavenue; Payment Fee: 0.00; Merchant Txn Id: 113380429233,,0,0,0,305697937719,,81068428,81068428,,,,ASPIRE TOURISM INDIA PRIVATE LIMITED,ASPIRE TOURISM INDIA PRIVATE LIMITED
17-07-2024 18:41,TJ115797938502,AIR,Deposit,Paid For Order,58836,,,,7646.85,,Success,,58836,,0649586888,,,0,0,0,TJ115797938502,,81068428,81068428,,,,ASPIRE TOURISM INDIA PRIVATE LIMITED,ASPIRE TOURISM INDIA PRIVATE LIMITED
,,,,,,,,,,,,,,,,,,,,,,,,,,,,,
18-07-2024 14:57,308398007356,WALLET_TOPUP,Deposit,Topup,,17000,,,24646.85,,Success,,17000,,7969132593,Paid using: hdfc_ccavenue; Payment Fee: 15.00; Merchant Txn Id: 113381624688,Updated By Automated Job,0,0,0,308398007356,,81068428,81068428,,,,ASPIRE TOURISM INDIA PRIVATE LIMITED,ASPIRE TOURISM INDIA PRIVATE LIMITED
18-07-2024 16:42,TJ905098019034,RAIL,Deposit,Paid For Order,3237.7,,,,21409.15,,Success,,3237.7,,1897141971,,,0,0,0,TJ905098019034,,81068428,81068428,,,,ASPIRE TOURISM INDIA PRIVATE LIMITED,ASPIRE TOURISM INDIA PRIVATE LIMITED
18-07-2024 17:07,TJ906698021564,RAIL,Deposit,Paid For Order,3237.7,,,,18171.45,,Success,,3237.7,,4330398976,,,0,0,0,TJ906698021564,,81068428,81068428,,,,ASPIRE TOURISM INDIA PRIVATE LIMITED,ASPIRE TOURISM INDIA PRIVATE LIMITED
18-07-2024 17:11,TJ902798021864,RAIL,Deposit,Paid For Order,2167.7,,,,16003.75,,Success,,2167.7,,1242640150,,,0,0,0,TJ902798021864,,81068428,81068428,,,,ASPIRE TOURISM INDIA PRIVATE LIMITED,ASPIRE TOURISM INDIA PRIVATE LIMITED
18-07-2024 17:16,TJ900298022486,RAIL,Deposit,Paid For Order,3177.7,,,,12826.05,,Success,,3177.7,,3348218877,,,0,0,0,TJ900298022486,,81068428,81068428,,,,ASPIRE TOURISM INDIA PRIVATE LIMITED,ASPIRE TOURISM INDIA PRIVATE LIMITED
18-07-2024 17:18,TJ903698022786,RAIL,Deposit,Paid For Order,3177.7,,,,9648.35,,Success,,3177.7,,6505711152,,,0,0,0,TJ903698022786,,81068428,81068428,,,,ASPIRE TOURISM INDIA PRIVATE LIMITED,ASPIRE TOURISM INDIA PRIVATE LIMITED
18-07-2024 17:22,TJ908798023163,RAIL,Deposit,Paid For Order,2127.7,,,,7520.65,,Success,,2127.7,,7238839841,,,0,0,0,TJ908798023163,,81068428,81068428,,,,ASPIRE TOURISM INDIA PRIVATE LIMITED,ASPIRE TOURISM INDIA PRIVATE LIMITED
26-07-2024 17:25,TJ908498752344,RAIL,Deposit,Paid For Order,1977.7,,,,5542.95,,Success,,1977.7,,6002282060,,,0,0,0,TJ908498752344,,81068428,81068428,,,,ASPIRE TOURISM INDIA PRIVATE LIMITED,ASPIRE TOURISM INDIA PRIVATE LIMITED
26-07-2024 17:37,TJ908498752344,RAIL,Deposit,Refund,,1590,,,7132.95,,Success,Topup,1590,,6807032245,,,0,0,0,TJ908498752344,TJA4198753259,81068428,81068428,,,,ASPIRE TOURISM INDIA PRIVATE LIMITED,ASPIRE TOURISM INDIA PRIVATE LIMITED
26-07-2024 17:57,TJ900198755314,RAIL,Deposit,Paid For Order,1977.7,,,,5155.25,,Success,,1977.7,,8352094320,,,0,0,0,TJ900198755314,,81068428,81068428,,,,ASPIRE TOURISM INDIA PRIVATE LIMITED,ASPIRE TOURISM INDIA PRIVATE LIMITED
26-07-2024 18:04,TJ907698756206,RAIL,Deposit,Paid For Order,1977.7,,,,3177.55,,Success,,1977.7,,8456415659,,,0,0,0,TJ907698756206,,81068428,81068428,,,,ASPIRE TOURISM INDIA PRIVATE LIMITED,ASPIRE TOURISM INDIA PRIVATE LIMITED
26-07-2024 18:11,TJ903298756808,RAIL,Deposit,Paid For Order,1977.7,,,,1199.85,,Success,,1977.7,,3053934812,,,0,0,0,TJ903298756808,,81068428,81068428,,,,ASPIRE TOURISM INDIA PRIVATE LIMITED,ASPIRE TOURISM INDIA PRIVATE LIMITED
26-07-2024 18:30,307798758998,WALLET_TOPUP,Deposit,Topup,,13500,,,14699.85,,Success,,13500,,5273004468,Paid using: Payphi; Payment Fee: 0.00; Merchant Txn Id: 2200196995188,,0,0,0,307798758998,,81068428,81068428,,,,ASPIRE TOURISM INDIA PRIVATE LIMITED,ASPIRE TOURISM INDIA PRIVATE LIMITED
26-07-2024 18:34,TJ908098758026,RAIL,Deposit,Paid For Order,1977.7,,,,12722.15,,Success,,1977.7,,1593088075,,,0,0,0,TJ908098758026,,81068428,81068428,,,,ASPIRE TOURISM INDIA PRIVATE LIMITED,ASPIRE TOURISM INDIA PRIVATE LIMITED
26-07-2024 18:45,TJ903998760232,RAIL,Deposit,Paid For Order,1977.7,,,,10744.45,,Success,,1977.7,,6826648038,,,0,0,0,TJ903998760232,,81068428,81068428,,,,ASPIRE TOURISM INDIA PRIVATE LIMITED,ASPIRE TOURISM INDIA PRIVATE LIMITED
26-07-2024 18:50,TJ900198761059,RAIL,Deposit,Paid For Order,352.7,,,,10391.75,,Success,,352.7,,3546731607,,,0,0,0,TJ900198761059,,81068428,81068428,,,,ASPIRE TOURISM INDIA PRIVATE LIMITED,ASPIRE TOURISM INDIA PRIVATE LIMITED
26-07-2024 18:53,TJ906698761323,RAIL,Deposit,Paid For Order,1977.7,,,,8414.05,,Success,,1977.7,,4695120715,,,0,0,0,TJ906698761323,,81068428,81068428,,,,ASPIRE TOURISM INDIA PRIVATE LIMITED,ASPIRE TOURISM INDIA PRIVATE LIMITED
26-07-2024 19:02,TJ905698762029,RAIL,Deposit,Paid For Order,1977.7,,,,6436.35,,Success,,1977.7,,2369822888,,,0,0,0,TJ905698762029,,81068428,81068428,,,,ASPIRE TOURISM INDIA PRIVATE LIMITED,ASPIRE TOURISM INDIA PRIVATE LIMITED
26-07-2024 19:07,TJ908098758026,RAIL,Deposit,Reverse,,1977.7,,,8414.05,,Success,Topup,1977.7,,9748730020,,,0,0,0,TJ908098758026,,,81068428,,,,,ASPIRE TOURISM INDIA PRIVATE LIMITED
26-07-2024 19:08,TJ903198762733,RAIL,Deposit,Paid For Order,1977.7,,,,6436.35,,Success,,1977.7,,8825513995,,,0,0,0,TJ903198762733,,81068428,81068428,,,,ASPIRE TOURISM INDIA PRIVATE LIMITED,ASPIRE TOURISM INDIA PRIVATE LIMITED
26-07-2024 19:09,TJ904998762723,RAIL,Deposit,Paid For Order,1977.7,,,,4458.65,,Success,,1977.7,,0068907994,,,0,0,0,TJ904998762723,,81068428,81068428,,,,ASPIRE TOURISM INDIA PRIVATE LIMITED,ASPIRE TOURISM INDIA PRIVATE LIMITED
26-07-2024 19:17,TJ905998763429,RAIL,Deposit,Paid For Order,1977.7,,,,2480.95,,Success,,1977.7,,3101386000,,,0,0,0,TJ905998763429,,81068428,81068428,,,,ASPIRE TOURISM INDIA PRIVATE LIMITED,ASPIRE TOURISM INDIA PRIVATE LIMITED
26-07-2024 19:21,TJ900498763848,RAIL,Deposit,Paid For Order,1977.7,,,,503.25,,Success,,1977.7,,4236852405,,,0,0,0,TJ900498763848,,81068428,81068428,,,,ASPIRE TOURISM INDIA PRIVATE LIMITED,ASPIRE TOURISM INDIA PRIVATE LIMITED
26-07-2024 19:30,309798764733,WALLET_TOPUP,Deposit,Topup,,3000,,,3503.25,,Success,,3000,,1586821737,Paid using: Payphi; Payment Fee: 0.00; Merchant Txn Id: 2200197008420,,0,0,0,309798764733,,81068428,81068428,,,,ASPIRE TOURISM INDIA PRIVATE LIMITED,ASPIRE TOURISM INDIA PRIVATE LIMITED
26-07-2024 19:30,TJ902698764697,RAIL,Deposit,Paid For Order,1977.7,,,,1525.55,,Success,,1977.7,,8835279925,,,0,0,0,TJ902698764697,,81068428,81068428,,,,ASPIRE TOURISM INDIA PRIVATE LIMITED,ASPIRE TOURISM INDIA PRIVATE LIMITED
26-07-2024 19:35,TJ902298765215,RAIL,Deposit,Paid For Order,352.7,,,,1172.85,,Success,,352.7,,6106842619,,,0,0,0,TJ902298765215,,81068428,81068428,,,,ASPIRE TOURISM INDIA PRIVATE LIMITED,ASPIRE TOURISM INDIA PRIVATE LIMITED
26-07-2024 19:36,303198765204,WALLET_TOPUP,Deposit,Topup,,1000,,,2172.85,,Success,,1000,,8100414338,Paid using: Payphi; Payment Fee: 0.00; Merchant Txn Id: 4400197009552,,0,0,0,303198765204,,81068428,81068428,,,,ASPIRE TOURISM INDIA PRIVATE LIMITED,ASPIRE TOURISM INDIA PRIVATE LIMITED
26-07-2024 19:37,TJ906798765450,RAIL,Deposit,Paid For Order,1977.7,,,,195.15,,Success,,1977.7,,1227914297,,,0,0,0,TJ906798765450,,81068428,81068428,,,,ASPIRE TOURISM INDIA PRIVATE LIMITED,ASPIRE TOURISM INDIA PRIVATE LIMITED
27-07-2024 18:15,308398844076,WALLET_TOPUP,Deposit,Topup,,72000,,,72195.15,,Success,,72000,,8411274960,Paid using: hdfc_ccavenue; Payment Fee: 15.00; Merchant Txn Id: 113393938510,,0,0,0,308398844076,,81068428,81068428,,,,ASPIRE TOURISM INDIA PRIVATE LIMITED,ASPIRE TOURISM INDIA PRIVATE LIMITED
27-07-2024 18:59,TJ904198848052,RAIL,Deposit,Paid For Order,4425.4,,,,67769.75,,Success,,4425.4,,8664104254,,,0,0,0,TJ904198848052,,81068428,81068428,,,,ASPIRE TOURISM INDIA PRIVATE LIMITED,ASPIRE TOURISM INDIA PRIVATE LIMITED
27-07-2024 19:06,TJ908498848464,RAIL,Deposit,Paid For Order,4425.4,,,,63344.35,,Success,,4425.4,,0115333527,,,0,0,0,TJ908498848464,,81068428,81068428,,,,ASPIRE TOURISM INDIA PRIVATE LIMITED,ASPIRE TOURISM INDIA PRIVATE LIMITED
27-07-2024 19:10,TJ908798848884,RAIL,Deposit,Paid For Order,4425.4,,,,58918.95,,Success,,4425.4,,0337642671,,,0,0,0,TJ908798848884,,81068428,81068428,,,,ASPIRE TOURISM INDIA PRIVATE LIMITED,ASPIRE TOURISM INDIA PRIVATE LIMITED
27-07-2024 19:14,TJ902298849191,RAIL,Deposit,Paid For Order,4425.4,,,,54493.55,,Success,,4425.4,,3782649668,,,0,0,0,TJ902298849191,,81068428,81068428,,,,ASPIRE TOURISM INDIA PRIVATE LIMITED,ASPIRE TOURISM INDIA PRIVATE LIMITED
27-07-2024 19:16,TJ909798849268,RAIL,Deposit,Paid For Order,3695.4,,,,50798.15,,Success,,3695.4,,0407168130,,,0,0,0,TJ909798849268,,81068428,81068428,,,,ASPIRE TOURISM INDIA PRIVATE LIMITED,ASPIRE TOURISM INDIA PRIVATE LIMITED
27-07-2024 19:19,TJ905898849536,RAIL,Deposit,Paid For Order,4425.4,,,,46372.75,,Success,,4425.4,,8131834633,,,0,0,0,TJ905898849536,,81068428,81068428,,,,ASPIRE TOURISM INDIA PRIVATE LIMITED,ASPIRE TOURISM INDIA PRIVATE LIMITED
27-07-2024 19:21,TJ903698849812,RAIL,Deposit,Paid For Order,4425.4,,,,41947.35,,Success,,4425.4,,2431146139,,,0,0,0,TJ903698849812,,81068428,81068428,,,,ASPIRE TOURISM INDIA PRIVATE LIMITED,ASPIRE TOURISM INDIA PRIVATE LIMITED
27-07-2024 19:24,TJ909398850002,RAIL,Deposit,Paid For Order,4425.4,,,,37521.95,,Success,,4425.4,,4509724835,,,0,0,0,TJ909398850002,,81068428,81068428,,,,ASPIRE TOURISM INDIA PRIVATE LIMITED,ASPIRE TOURISM INDIA PRIVATE LIMITED
27-07-2024 19:26,TJ906198850094,RAIL,Deposit,Paid For Order,4425.4,,,,33096.55,,Success,,4425.4,,1602988609,,,0,0,0,TJ906198850094,,81068428,81068428,,,,ASPIRE TOURISM INDIA PRIVATE LIMITED,ASPIRE TOURISM INDIA PRIVATE LIMITED
27-07-2024 19:29,TJ902998850312,RAIL,Deposit,Paid For Order,4425.4,,,,28671.15,,Success,,4425.4,,4673639917,,,0,0,0,TJ902998850312,,81068428,81068428,,,,ASPIRE TOURISM INDIA PRIVATE LIMITED,ASPIRE TOURISM INDIA PRIVATE LIMITED
27-07-2024 19:36,TJ909798850892,RAIL,Deposit,Paid For Order,4425.4,,,,24245.75,,Success,,4425.4,,6533958286,,,0,0,0,TJ909798850892,,81068428,81068428,,,,ASPIRE TOURISM INDIA PRIVATE LIMITED,ASPIRE TOURISM INDIA PRIVATE LIMITED
27-07-2024 19:37,TJ905198850893,RAIL,Deposit,Paid For Order,4425.4,,,,19820.35,,Success,,4425.4,,3122262065,,,0,0,0,TJ905198850893,,81068428,81068428,,,,ASPIRE TOURISM INDIA PRIVATE LIMITED,ASPIRE TOURISM INDIA PRIVATE LIMITED
27-07-2024 19:39,TJ903398851099,RAIL,Deposit,Paid For Order,4425.4,,,,15394.95,,Success,,4425.4,,7494581453,,,0,0,0,TJ903398851099,,81068428,81068428,,,,ASPIRE TOURISM INDIA PRIVATE LIMITED,ASPIRE TOURISM INDIA PRIVATE LIMITED
27-07-2024 19:43,TJ909698851471,RAIL,Deposit,Paid For Order,4425.4,,,,10969.55,,Success,,4425.4,,0262510142,,,0,0,0,TJ909698851471,,81068428,81068428,,,,ASPIRE TOURISM INDIA PRIVATE LIMITED,ASPIRE TOURISM INDIA PRIVATE LIMITED
27-07-2024 19:45,TJ909598851675,RAIL,Deposit,Paid For Order,4425.4,,,,6544.15,,Success,,4425.4,,5834976200,,,0,0,0,TJ909598851675,,81068428,81068428,,,,ASPIRE TOURISM INDIA PRIVATE LIMITED,ASPIRE TOURISM INDIA PRIVATE LIMITED
27-07-2024 19:45,TJ901598851630,RAIL,Deposit,Paid For Order,3695.4,,,,2848.75,,Success,,3695.4,,6967917390,,,0,0,0,TJ901598851630,,81068428,81068428,,,,ASPIRE TOURISM INDIA PRIVATE LIMITED,ASPIRE TOURISM INDIA PRIVATE LIMITED
29-07-2024 12:13,TJ909598955834,RAIL,Deposit,Paid For Order,1097.7,,,,1751.05,,Success,,1097.7,,7857780147,,,0,0,0,TJ909598955834,,81068428,81068428,,,,ASPIRE TOURISM INDIA PRIVATE LIMITED,ASPIRE TOURISM INDIA PRIVATE LIMITED
29-07-2024 12:16,TJ907898956283,RAIL,Deposit,Paid For Order,1077.7,,,,673.35,,Success,,1077.7,,3875271363,,,0,0,0,TJ907898956283,,81068428,81068428,,,,ASPIRE TOURISM INDIA PRIVATE LIMITED,ASPIRE TOURISM INDIA PRIVATE LIMITED
29-07-2024 14:41,309198974569,WALLET_TOPUP,Deposit,Topup,,28000,,,28673.35,,Success,,28000,,2267107756,Paid using: hdfc_ccavenue; Payment Fee: 0.00; Merchant Txn Id: 113395996422,,0,0,0,309198974569,,81068428,81068428,,,,ASPIRE TOURISM INDIA PRIVATE LIMITED,ASPIRE TOURISM INDIA PRIVATE LIMITED
29-07-2024 15:20,TJ906698979413,RAIL,Deposit,Paid For Order,1977.7,,,,26695.65,,Success,,1977.7,,1907992827,,,0,0,0,TJ906698979413,,81068428,81068428,,,,ASPIRE TOURISM INDIA PRIVATE LIMITED,ASPIRE TOURISM INDIA PRIVATE LIMITED
29-07-2024 15:26,TJ904798979973,RAIL,Deposit,Paid For Order,1977.7,,,,24717.95,,Success,,1977.7,,7897107411,,,0,0,0,TJ904798979973,,81068428,81068428,,,,ASPIRE TOURISM INDIA PRIVATE LIMITED,ASPIRE TOURISM INDIA PRIVATE LIMITED
29-07-2024 15:36,TJ902298981018,RAIL,Deposit,Paid For Order,1977.7,,,,22740.25,,Success,,1977.7,,5493921678,,,0,0,0,TJ902298981018,,81068428,81068428,,,,ASPIRE TOURISM INDIA PRIVATE LIMITED,ASPIRE TOURISM INDIA PRIVATE LIMITED
29-07-2024 15:48,TJ903498982493,RAIL,Deposit,Paid For Order,1977.7,,,,20762.55,,Success,,1977.7,,7117861756,,,0,0,0,TJ903498982493,,81068428,81068428,,,,ASPIRE TOURISM INDIA PRIVATE LIMITED,ASPIRE TOURISM INDIA PRIVATE LIMITED
29-07-2024 15:53,TJ905598983141,RAIL,Deposit,Paid For Order,1977.7,,,,18784.85,,Success,,1977.7,,9707589279,,,0,0,0,TJ905598983141,,81068428,81068428,,,,ASPIRE TOURISM INDIA PRIVATE LIMITED,ASPIRE TOURISM INDIA PRIVATE LIMITED
29-07-2024 15:57,TJ908198983679,RAIL,Deposit,Paid For Order,1977.7,,,,16807.15,,Success,,1977.7,,1018513829,,,0,0,0,TJ908198983679,,81068428,81068428,,,,ASPIRE TOURISM INDIA PRIVATE LIMITED,ASPIRE TOURISM INDIA PRIVATE LIMITED
29-07-2024 16:02,TJ904098984194,RAIL,Deposit,Paid For Order,1652.7,,,,15154.45,,Success,,1652.7,,4860376693,,,0,0,0,TJ904098984194,,81068428,81068428,,,,ASPIRE TOURISM INDIA PRIVATE LIMITED,ASPIRE TOURISM INDIA PRIVATE LIMITED
29-07-2024 16:15,TJ907298985595,RAIL,Deposit,Paid For Order,2037.7,,,,13116.75,,Success,,2037.7,,6890052958,,,0,0,0,TJ907298985595,,81068428,81068428,,,,ASPIRE TOURISM INDIA PRIVATE LIMITED,ASPIRE TOURISM INDIA PRIVATE LIMITED
29-07-2024 16:24,TJ909098986647,RAIL,Deposit,Paid For Order,2037.7,,,,11079.05,,Success,,2037.7,,6770002718,,,0,0,0,TJ909098986647,,81068428,81068428,,,,ASPIRE TOURISM INDIA PRIVATE LIMITED,ASPIRE TOURISM INDIA PRIVATE LIMITED
29-07-2024 16:43,TJ908498988848,RAIL,Deposit,Paid For Order,2037.7,,,,9041.35,,Success,,2037.7,,5298972805,,,0,0,0,TJ908498988848,,81068428,81068428,,,,ASPIRE TOURISM INDIA PRIVATE LIMITED,ASPIRE TOURISM INDIA PRIVATE LIMITED
29-07-2024 16:48,TJ903398989371,RAIL,Deposit,Paid For Order,2037.7,,,,7003.65,,Success,,2037.7,,7207082234,,,0,0,0,TJ903398989371,,81068428,81068428,,,,ASPIRE TOURISM INDIA PRIVATE LIMITED,ASPIRE TOURISM INDIA PRIVATE LIMITED
29-07-2024 16:52,TJ903498989906,RAIL,Deposit,Paid For Order,2037.7,,,,4965.95,,Success,,2037.7,,4720065957,,,0,0,0,TJ903498989906,,81068428,81068428,,,,ASPIRE TOURISM INDIA PRIVATE LIMITED,ASPIRE TOURISM INDIA PRIVATE LIMITED
29-07-2024 16:57,TJ909098986647,RAIL,Deposit,Reverse,,2037.7,,,7003.65,,Success,Topup,2037.7,,9177103949,,,0,0,0,TJ909098986647,,,81068428,,,,,ASPIRE TOURISM INDIA PRIVATE LIMITED
29-07-2024 16:57,TJ909898990429,RAIL,Deposit,Paid For Order,2037.7,,,,4965.95,,Success,,2037.7,,8110532141,,,0,0,0,TJ909898990429,,81068428,81068428,,,,ASPIRE TOURISM INDIA PRIVATE LIMITED,ASPIRE TOURISM INDIA PRIVATE LIMITED
29-07-2024 17:02,TJ905698990940,RAIL,Deposit,Paid For Order,2037.7,,,,2928.25,,Success,,2037.7,,6466187367,,,0,0,0,TJ905698990940,,81068428,81068428,,,,ASPIRE TOURISM INDIA PRIVATE LIMITED,ASPIRE TOURISM INDIA PRIVATE LIMITED
29-07-2024 17:09,TJ904398991823,RAIL,Deposit,Paid For Order,1702.7,,,,1225.55,,Success,,1702.7,,8439699281,,,0,0,0,TJ904398991823,,81068428,81068428,,,,ASPIRE TOURISM INDIA PRIVATE LIMITED,ASPIRE TOURISM INDIA PRIVATE LIMITED
30-07-2024 12:19,305699056790,WALLET_TOPUP,Deposit,Topup,,2950,,,4175.55,,Success,,2950,,7901452522,Paid using: hdfc_ccavenue; Payment Fee: 15.00; Merchant Txn Id: 113397237765,,0,0,0,305699056790,,81068428,81068428,,,,ASPIRE TOURISM INDIA PRIVATE LIMITED,ASPIRE TOURISM INDIA PRIVATE LIMITED
30-07-2024 12:20,TJ908299057457,RAIL,Deposit,Paid For Order,2955.4,,,,1220.15,,Success,,2955.4,,2849470344,,,0,0,0,TJ908299057457,,81068428,81068428,,,,ASPIRE TOURISM INDIA PRIVATE LIMITED,ASPIRE TOURISM INDIA PRIVATE LIMITED
30-07-2024 17:12,301099094270,WALLET_TOPUP,Deposit,Topup,,1300,,,2520.15,,Success,,1300,,9709986791,Paid using: Payphi; Payment Fee: 0.00; Merchant Txn Id: 4400198173702,,0,0,0,301099094270,,81068428,81068428,,,,ASPIRE TOURISM INDIA PRIVATE LIMITED,ASPIRE TOURISM INDIA PRIVATE LIMITED
30-07-2024 17:13,TJ908499094446,RAIL,Deposit,Paid For Order,2475.4,,,,44.75,,Success,,2475.4,,7107003719,,,0,0,0,TJ908499094446,,81068428,81068428,,,,ASPIRE TOURISM INDIA PRIVATE LIMITED,ASPIRE TOURISM INDIA PRIVATE LIMITED
02-08-2024 14:49,305099387588,WALLET_TOPUP,Deposit,Topup,,550,,,594.75,,Success,,550,,3734378352,Paid using: Payphi; Payment Fee: 0.00; Merchant Txn Id: 4400199017822,,0,0,0,305099387588,,81068428,81068428,,,,ASPIRE TOURISM INDIA PRIVATE LIMITED,ASPIRE TOURISM INDIA PRIVATE LIMITED
02-08-2024 15:57,TJ904499395733,RAIL,Deposit,Paid For Order,217.7,,,,377.05,,Success,,217.7,,9942677541,,,0,0,0,TJ904499395733,,81068428,81068428,,,,ASPIRE TOURISM INDIA PRIVATE LIMITED,ASPIRE TOURISM INDIA PRIVATE LIMITED
02-08-2024 15:59,TJ906399395981,RAIL,Deposit,Paid For Order,352.7,,,,24.35,,Success,,352.7,,8608702026,,,0,0,0,TJ906399395981,,81068428,81068428,,,,ASPIRE TOURISM INDIA PRIVATE LIMITED,ASPIRE TOURISM INDIA PRIVATE LIMITED
02-08-2024 16:00,TJ906399395981,RAIL,Deposit,Reverse,,352.7,,,377.05,,Success,Topup,352.7,,5115530091,,,0,0,0,TJ906399395981,,81068428,81068428,,,,ASPIRE TOURISM INDIA PRIVATE LIMITED,ASPIRE TOURISM INDIA PRIVATE LIMITED
02-08-2024 16:35,TJ901899400065,RAIL,Deposit,Paid For Order,352.7,,,,24.35,,Success,,352.7,,4933279177,,,0,0,0,TJ901899400065,,81068428,81068428,,,,ASPIRE TOURISM INDIA PRIVATE LIMITED,ASPIRE TOURISM INDIA PRIVATE LIMITED
02-08-2024 16:37,TJ901899400065,RAIL,Deposit,Reverse,,352.7,,,377.05,,Success,Topup,352.7,,5421528999,,,0,0,0,TJ901899400065,,,81068428,,,,,ASPIRE TOURISM INDIA PRIVATE LIMITED
02-08-2024 16:59,306499402589,WALLET_TOPUP,Deposit,Topup,,1000,,,1377.05,,Success,,1000,,7726028451,Paid using: Payphi; Payment Fee: 0.00; Merchant Txn Id: 4400199063181,,0,0,0,306499402589,,81068428,81068428,,,,ASPIRE TOURISM INDIA PRIVATE LIMITED,ASPIRE TOURISM INDIA PRIVATE LIMITED
02-08-2024 17:01,TJ908199403067,RAIL,Deposit,Paid For Order,352.7,,,,1024.35,,Success,,352.7,,0196238995,,,0,0,0,TJ908199403067,,81068428,81068428,,,,ASPIRE TOURISM INDIA PRIVATE LIMITED,ASPIRE TOURISM INDIA PRIVATE LIMITED
02-08-2024 17:03,TJ908199403067,RAIL,Deposit,Reverse,,352.7,,,1377.05,,Success,Topup,352.7,,9912416327,,,0,0,0,TJ908199403067,,,81068428,,,,,ASPIRE TOURISM INDIA PRIVATE LIMITED
02-08-2024 17:04,TJ908799403441,RAIL,Deposit,Paid For Order,1155.4,,,,221.65,,Success,,1155.4,,6619453995,,,0,0,0,TJ908799403441,,81068428,81068428,,,,ASPIRE TOURISM INDIA PRIVATE LIMITED,ASPIRE TOURISM INDIA PRIVATE LIMITED
02-08-2024 17:05,TJ907099403559,RAIL,Deposit,Paid For Order,352.7,,,,0,,Failure,,352.7,,8613961070,Insufficient Balance. ,,0,0,0,TJ907099403559,,81068428,81068428,,,,ASPIRE TOURISM INDIA PRIVATE LIMITED,ASPIRE TOURISM INDIA PRIVATE LIMITED
02-08-2024 17:09,301399403982,WALLET_TOPUP,Deposit,Topup,,150,,,371.65,,Success,,150,,9466064897,Paid using: Payphi; Payment Fee: 0.00; Merchant Txn Id: 2200199066408,,0,0,0,301399403982,,81068428,81068428,,,,ASPIRE TOURISM INDIA PRIVATE LIMITED,ASPIRE TOURISM INDIA PRIVATE LIMITED
02-08-2024 17:10,TJ909199404173,RAIL,Deposit,Paid For Order,352.7,,,,18.95,,Success,,352.7,,0202259893,,,0,0,0,TJ909199404173,,81068428,81068428,,,,ASPIRE TOURISM INDIA PRIVATE LIMITED,ASPIRE TOURISM INDIA PRIVATE LIMITED
08-08-2024 17:36,300899922807,WALLET_TOPUP,Deposit,Topup,,25000,,,25018.95,,Success,,25000,,4817937189,Paid using: hdfc_ccavenue; Payment Fee: 0.00; Merchant Txn Id: 113410113181,,0,0,0,300899922807,,81068428,81068428,,,,ASPIRE TOURISM INDIA PRIVATE LIMITED,ASPIRE TOURISM INDIA PRIVATE LIMITED
08-08-2024 17:52,TJ907799924802,RAIL,Deposit,Paid For Order,5715.4,,,,19303.55,,Success,,5715.4,,6611718908,,,0,0,0,TJ907799924802,,81068428,81068428,,,,ASPIRE TOURISM INDIA PRIVATE LIMITED,ASPIRE TOURISM INDIA PRIVATE LIMITED
08-08-2024 17:54,TJ908699925042,RAIL,Deposit,Paid For Order,5715.4,,,,13588.15,,Success,,5715.4,,1638779662,,,0,0,0,TJ908699925042,,81068428,81068428,,,,ASPIRE TOURISM INDIA PRIVATE LIMITED,ASPIRE TOURISM INDIA PRIVATE LIMITED
08-08-2024 17:57,TJ904499925440,RAIL,Deposit,Paid For Order,5715.4,,,,7872.75,,Success,,5715.4,,3851214464,,,0,0,0,TJ904499925440,,81068428,81068428,,,,ASPIRE TOURISM INDIA PRIVATE LIMITED,ASPIRE TOURISM INDIA PRIVATE LIMITED
08-08-2024 17:58,TJ909499925495,RAIL,Deposit,Paid For Order,5715.4,,,,2157.35,,Success,,5715.4,,9809229534,,,0,0,0,TJ909499925495,,81068428,81068428,,,,ASPIRE TOURISM INDIA PRIVATE LIMITED,ASPIRE TOURISM INDIA PRIVATE LIMITED
08-08-2024 18:13,305399926768,WALLET_TOPUP,Deposit,Topup,,24500,,,26657.35,,Success,,24500,,6678020628,Paid using: hdfc_ccavenue; Payment Fee: 15.00; Merchant Txn Id: 113410168256,,0,0,0,305399926768,,81068428,81068428,,,,ASPIRE TOURISM INDIA PRIVATE LIMITED,ASPIRE TOURISM INDIA PRIVATE LIMITED
08-08-2024 18:17,TJ907699927315,RAIL,Deposit,Paid For Order,5715.4,,,,20941.95,,Success,,5715.4,,0343314242,,,0,0,0,TJ907699927315,,81068428,81068428,,,,ASPIRE TOURISM INDIA PRIVATE LIMITED,ASPIRE TOURISM INDIA PRIVATE LIMITED
08-08-2024 18:18,TJ908599927488,RAIL,Deposit,Paid For Order,5715.4,,,,15226.55,,Success,,5715.4,,0253907581,,,0,0,0,TJ908599927488,,81068428,81068428,,,,ASPIRE TOURISM INDIA PRIVATE LIMITED,ASPIRE TOURISM INDIA PRIVATE LIMITED
08-08-2024 18:19,TJ906099927658,RAIL,Deposit,Paid For Order,5715.4,,,,9511.15,,Success,,5715.4,,4985569288,,,0,0,0,TJ906099927658,,81068428,81068428,,,,ASPIRE TOURISM INDIA PRIVATE LIMITED,ASPIRE TOURISM INDIA PRIVATE LIMITED
08-08-2024 18:22,TJ904399927902,RAIL,Deposit,Paid For Order,1935.4,,,,7575.75,,Success,,1935.4,,3782747733,,,0,0,0,TJ904399927902,,81068428,81068428,,,,ASPIRE TOURISM INDIA PRIVATE LIMITED,ASPIRE TOURISM INDIA PRIVATE LIMITED
08-08-2024 18:23,TJ902799927957,RAIL,Deposit,Paid For Order,5715.4,,,,1860.35,,Success,,5715.4,,9758537461,,,0,0,0,TJ902799927957,,81068428,81068428,,,,ASPIRE TOURISM INDIA PRIVATE LIMITED,ASPIRE TOURISM INDIA PRIVATE LIMITED
09-08-2024 10:25,304499971475,WALLET_TOPUP,Deposit,Topup,,37500,,,39360.35,,Success,,37500,,5824853567,Paid using: hdfc_ccavenue; Payment Fee: 0.00; Merchant Txn Id: 113410780813,,0,0,0,304499971475,,81068428,81068428,,,,ASPIRE TOURISM INDIA PRIVATE LIMITED,ASPIRE TOURISM INDIA PRIVATE LIMITED
09-08-2024 10:46,TJ903099973448,RAIL,Deposit,Paid For Order,7095.4,,,,32264.95,,Success,,7095.4,,6113553919,,,0,0,0,TJ903099973448,,81068428,81068428,,,,ASPIRE TOURISM INDIA PRIVATE LIMITED,ASPIRE TOURISM INDIA PRIVATE LIMITED
09-08-2024 10:52,TJ903099974042,RAIL,Deposit,Paid For Order,7095.4,,,,25169.55,,Success,,7095.4,,9279824712,,,0,0,0,TJ903099974042,,81068428,81068428,,,,ASPIRE TOURISM INDIA PRIVATE LIMITED,ASPIRE TOURISM INDIA PRIVATE LIMITED
09-08-2024 10:54,TJ908499974068,RAIL,Deposit,Paid For Order,7095.4,,,,18074.15,,Success,,7095.4,,1560841992,,,0,0,0,TJ908499974068,,81068428,81068428,,,,ASPIRE TOURISM INDIA PRIVATE LIMITED,ASPIRE TOURISM INDIA PRIVATE LIMITED
09-08-2024 10:55,TJ906699974384,RAIL,Deposit,Paid For Order,7095.4,,,,10978.75,,Success,,7095.4,,1969929060,,,0,0,0,TJ906699974384,,81068428,81068428,,,,ASPIRE TOURISM INDIA PRIVATE LIMITED,ASPIRE TOURISM INDIA PRIVATE LIMITED
09-08-2024 11:03,TJ901499975225,RAIL,Deposit,Paid For Order,7095.4,,,,3883.35,,Success,,7095.4,,2960844705,,,0,0,0,TJ901499975225,,81068428,81068428,,,,ASPIRE TOURISM INDIA PRIVATE LIMITED,ASPIRE TOURISM INDIA PRIVATE LIMITED
09-08-2024 11:10,301099975848,WALLET_TOPUP,Deposit,Topup,,66000,,,69883.35,,Success,,66000,,3147595633,Paid using: hdfc_ccavenue; Payment Fee: 0.00; Merchant Txn Id: 113410861523,,0,0,0,301099975848,,81068428,81068428,,,,ASPIRE TOURISM INDIA PRIVATE LIMITED,ASPIRE TOURISM INDIA PRIVATE LIMITED
09-08-2024 11:14,TJ909099976591,RAIL,Deposit,Paid For Order,7095.4,,,,62787.95,,Success,,7095.4,,7609165169,,,0,0,0,TJ909099976591,,81068428,81068428,,,,ASPIRE TOURISM INDIA PRIVATE LIMITED,ASPIRE TOURISM INDIA PRIVATE LIMITED
09-08-2024 11:17,TJ903599976721,RAIL,Deposit,Paid For Order,7095.4,,,,55692.55,,Success,,7095.4,,2852271910,,,0,0,0,TJ903599976721,,81068428,81068428,,,,ASPIRE TOURISM INDIA PRIVATE LIMITED,ASPIRE TOURISM INDIA PRIVATE LIMITED
09-08-2024 11:25,TJ908499978022,RAIL,Deposit,Paid For Order,7095.4,,,,48597.15,,Success,,7095.4,,1333113790,,,0,0,0,TJ908499978022,,81068428,81068428,,,,ASPIRE TOURISM INDIA PRIVATE LIMITED,ASPIRE TOURISM INDIA PRIVATE LIMITED
09-08-2024 11:28,TJ909599978471,RAIL,Deposit,Paid For Order,7095.4,,,,41501.75,,Success,,7095.4,,8076696538,,,0,0,0,TJ909599978471,,81068428,81068428,,,,ASPIRE TOURISM INDIA PRIVATE LIMITED,ASPIRE TOURISM INDIA PRIVATE LIMITED
09-08-2024 11:31,TJ900199978821,RAIL,Deposit,Paid For Order,7095.4,,,,34406.35,,Success,,7095.4,,8114646427,,,0,0,0,TJ900199978821,,81068428,81068428,,,,ASPIRE TOURISM INDIA PRIVATE LIMITED,ASPIRE TOURISM INDIA PRIVATE LIMITED
09-08-2024 11:32,TJ906699978927,RAIL,Deposit,Paid For Order,7095.4,,,,27310.95,,Success,,7095.4,,9802014138,,,0,0,0,TJ906699978927,,81068428,81068428,,,,ASPIRE TOURISM INDIA PRIVATE LIMITED,ASPIRE TOURISM INDIA PRIVATE LIMITED
09-08-2024 11:37,TJ901499975225,RAIL,Deposit,Reverse,,7095.4,,,34406.35,,Success,Topup,7095.4,,4166354268,,,0,0,0,TJ901499975225,,,81068428,,,,,ASPIRE TOURISM INDIA PRIVATE LIMITED
09-08-2024 11:37,TJ901399979554,RAIL,Deposit,Paid For Order,7095.4,,,,27310.95,,Success,,7095.4,,2812517312,,,0,0,0,TJ901399979554,,81068428,81068428,,,,ASPIRE TOURISM INDIA PRIVATE LIMITED,ASPIRE TOURISM INDIA PRIVATE LIMITED
09-08-2024 11:41,TJ907799979498,RAIL,Deposit,Paid For Order,7095.4,,,,20215.55,,Success,,7095.4,,3168612256,,,0,0,0,TJ907799979498,,81068428,81068428,,,,ASPIRE TOURISM INDIA PRIVATE LIMITED,ASPIRE TOURISM INDIA PRIVATE LIMITED
09-08-2024 11:44,TJ902899980105,RAIL,Deposit,Paid For Order,7095.4,,,,13120.15,,Success,,7095.4,,3479501134,,,0,0,0,TJ902899980105,,81068428,81068428,,,,ASPIRE TOURISM INDIA PRIVATE LIMITED,ASPIRE TOURISM INDIA PRIVATE LIMITED
09-08-2024 11:50,TJ909499981110,RAIL,Deposit,Paid For Order,7095.4,,,,6024.75,,Success,,7095.4,,9271568999,,,0,0,0,TJ909499981110,,81068428,81068428,,,,ASPIRE TOURISM INDIA PRIVATE LIMITED,ASPIRE TOURISM INDIA PRIVATE LIMITED
09-08-2024 12:00,307499981544,WALLET_TOPUP,Netbanking,Topup,60000,,,,0,,Failure,,60000,,6518569961,Payment Failed. Paid using: hdfc_ccavenue; Payment Fee: 0.00; Failure reason: ,,0,0,0,307499981544,,81068428,81068428,,,,ASPIRE TOURISM INDIA PRIVATE LIMITED,ASPIRE TOURISM INDIA PRIVATE LIMITED
09-08-2024 12:02,306999982548,WALLET_TOPUP,Netbanking,Topup,49000,,,,0,,Failure,,?-,,8682641669,Payment Tracking failed! . Paid using: hdfc_ccavenue; Payment Fee: 0.00; Merchant Txn Id: 113410960967,,0,0,0,306999982548,,81068428,81068428,,,,ASPIRE TOURISM INDIA PRIVATE LIMITED,ASPIRE TOURISM INDIA PRIVATE LIMITED
09-08-2024 12:04,301999982738,WALLET_TOPUP,Netbanking,Topup,49000,,,,0,,Failure,,49000,,8353898253,Payment Failed. Paid using: hdfc_ccavenue; Payment Fee: 0.00; Failure reason: ,,0,0,0,301999982738,,81068428,81068428,,,,ASPIRE TOURISM INDIA PRIVATE LIMITED,ASPIRE TOURISM INDIA PRIVATE LIMITED
09-08-2024 12:06,306899983098,WALLET_TOPUP,Netbanking,Topup,30000,,,,0,,Failure,,30000,,5496282451,Payment Failed. Paid using: hdfc_ccavenue; Payment Fee: 0.00; Failure reason: ,,0,0,0,306899983098,,81068428,81068428,,,,ASPIRE TOURISM INDIA PRIVATE LIMITED,ASPIRE TOURISM INDIA PRIVATE LIMITED
09-08-2024 12:10,302399983454,WALLET_TOPUP,Deposit,Topup,,49000,,,55024.75,,Success,,49000,,4338047965,Paid using: hdfc_ccavenue; Payment Fee: 0.00; Merchant Txn Id: 113410975960,,0,0,0,302399983454,,81068428,81068428,,,,ASPIRE TOURISM INDIA PRIVATE LIMITED,ASPIRE TOURISM INDIA PRIVATE LIMITED
09-08-2024 12:10,TJ905099980384,RAIL,Deposit,Paid For Order,7095.4,,,,47929.35,,Success,,7095.4,,2845674503,,,0,0,0,TJ905099980384,,81068428,81068428,,,,ASPIRE TOURISM INDIA PRIVATE LIMITED,ASPIRE TOURISM INDIA PRIVATE LIMITED
09-08-2024 12:21,TJ906299983728,RAIL,Deposit,Paid For Order,7095.4,,,,40833.95,,Success,,7095.4,,8943692660,,,0,0,0,TJ906299983728,,81068428,81068428,,,,ASPIRE TOURISM INDIA PRIVATE LIMITED,ASPIRE TOURISM INDIA PRIVATE LIMITED
09-08-2024 12:34,TJ907899984579,RAIL,Deposit,Paid For Order,7095.4,,,,33738.55,,Success,,7095.4,,8511686456,,,0,0,0,TJ907899984579,,81068428,81068428,,,,ASPIRE TOURISM INDIA PRIVATE LIMITED,ASPIRE TOURISM INDIA PRIVATE LIMITED
09-08-2024 12:47,TJ905099980384,RAIL,Deposit,Reverse,,7095.4,,,40833.95,,Success,Topup,7095.4,,8323416126,,,0,0,0,TJ905099980384,,,81068428,,,,,ASPIRE TOURISM INDIA PRIVATE LIMITED
09-08-2024 12:57,TJ906299983728,RAIL,Deposit,Reverse,,7095.4,,,47929.35,,Success,Topup,7095.4,,3823672124,,,0,0,0,TJ906299983728,,,81068428,,,,,ASPIRE TOURISM INDIA PRIVATE LIMITED
09-08-2024 13:07,TJ907899984579,RAIL,Deposit,Reverse,,7095.4,,,55024.75,,Success,Topup,7095.4,,6968833689,,,0,0,0,TJ907899984579,,,81068428,,,,,ASPIRE TOURISM INDIA PRIVATE LIMITED
09-08-2024 13:23,TJ907299992527,RAIL,Deposit,Paid For Order,7095.4,,,,47929.35,,Success,,7095.4,,1286290592,,,0,0,0,TJ907299992527,,81068428,81068428,,,,ASPIRE TOURISM INDIA PRIVATE LIMITED,ASPIRE TOURISM INDIA PRIVATE LIMITED
09-08-2024 13:30,TJ904999993450,RAIL,Deposit,Paid For Order,7095.4,,,,40833.95,,Success,,7095.4,,4915443013,,,0,0,0,TJ904999993450,,81068428,81068428,,,,ASPIRE TOURISM INDIA PRIVATE LIMITED,ASPIRE TOURISM INDIA PRIVATE LIMITED
09-08-2024 13:33,TJ908699993811,RAIL,Deposit,Paid For Order,7095.4,,,,33738.55,,Success,,7095.4,,6942982807,,,0,0,0,TJ908699993811,,81068428,81068428,,,,ASPIRE TOURISM INDIA PRIVATE LIMITED,ASPIRE TOURISM INDIA PRIVATE LIMITED
09-08-2024 13:35,TJ906299993863,RAIL,Deposit,Paid For Order,7095.4,,,,26643.15,,Success,,7095.4,,5303258583,,,0,0,0,TJ906299993863,,81068428,81068428,,,,ASPIRE TOURISM INDIA PRIVATE LIMITED,ASPIRE TOURISM INDIA PRIVATE LIMITED
09-08-2024 13:48,TJ901899995498,RAIL,Deposit,Paid For Order,7095.4,,,,19547.75,,Success,,7095.4,,1751293273,,,0,0,0,TJ901899995498,,81068428,81068428,,,,ASPIRE TOURISM INDIA PRIVATE LIMITED,ASPIRE TOURISM INDIA PRIVATE LIMITED
09-08-2024 14:42,TJ9032100001165,RAIL,Deposit,Paid For Order,7095.4,,,,12452.35,,Success,,7095.4,,4994149686,,,0,0,0,TJ9032100001165,,81068428,81068428,,,,ASPIRE TOURISM INDIA PRIVATE LIMITED,ASPIRE TOURISM INDIA PRIVATE LIMITED
09-08-2024 14:51,TJ9097100002156,RAIL,Deposit,Paid For Order,7095.4,,,,5356.95,,Success,,7095.4,,7416546596,,,0,0,0,TJ9097100002156,,81068428,81068428,,,,ASPIRE TOURISM INDIA PRIVATE LIMITED,ASPIRE TOURISM INDIA PRIVATE LIMITED
09-08-2024 15:08,3024100004044,WALLET_TOPUP,Deposit,Topup,,75000,,,80356.95,,Success,,75000,,7405406837,Paid using: hdfc_ccavenue; Payment Fee: 15.00; Merchant Txn Id: 113411267562,,0,0,0,3024100004044,,81068428,81068428,,,,ASPIRE TOURISM INDIA PRIVATE LIMITED,ASPIRE TOURISM INDIA PRIVATE LIMITED
09-08-2024 15:41,TJ9085100007949,RAIL,Deposit,Paid For Order,7095.4,,,,73261.55,,Success,,7095.4,,3052297006,,,0,0,0,TJ9085100007949,,81068428,81068428,,,,ASPIRE TOURISM INDIA PRIVATE LIMITED,ASPIRE TOURISM INDIA PRIVATE LIMITED
09-08-2024 15:57,TJ9025100009448,RAIL,Deposit,Paid For Order,7095.4,,,,66166.15,,Success,,7095.4,,1836098577,,,0,0,0,TJ9025100009448,,81068428,81068428,,,,ASPIRE TOURISM INDIA PRIVATE LIMITED,ASPIRE TOURISM INDIA PRIVATE LIMITED
09-08-2024 16:05,TJ9097100010315,RAIL,Deposit,Paid For Order,7095.4,,,,59070.75,,Success,,7095.4,,6886076749,,,0,0,0,TJ9097100010315,,81068428,81068428,,,,ASPIRE TOURISM INDIA PRIVATE LIMITED,ASPIRE TOURISM INDIA PRIVATE LIMITED
09-08-2024 16:11,TJ9050100011133,RAIL,Deposit,Paid For Order,7095.4,,,,51975.35,,Success,,7095.4,,0666985928,,,0,0,0,TJ9050100011133,,81068428,81068428,,,,ASPIRE TOURISM INDIA PRIVATE LIMITED,ASPIRE TOURISM INDIA PRIVATE LIMITED
09-08-2024 16:17,TJ9036100011746,RAIL,Deposit,Paid For Order,7095.4,,,,44879.95,,Success,,7095.4,,7584030975,,,0,0,0,TJ9036100011746,,81068428,81068428,,,,ASPIRE TOURISM INDIA PRIVATE LIMITED,ASPIRE TOURISM INDIA PRIVATE LIMITED
09-08-2024 16:22,TJ9041100012298,RAIL,Deposit,Paid For Order,7095.4,,,,37784.55,,Success,,7095.4,,4637903416,,,0,0,0,TJ9041100012298,,81068428,81068428,,,,ASPIRE TOURISM INDIA PRIVATE LIMITED,ASPIRE TOURISM INDIA PRIVATE LIMITED
09-08-2024 16:27,TJ9094100013001,RAIL,Deposit,Paid For Order,7095.4,,,,30689.15,,Success,,7095.4,,2044666887,,,0,0,0,TJ9094100013001,,81068428,81068428,,,,ASPIRE TOURISM INDIA PRIVATE LIMITED,ASPIRE TOURISM INDIA PRIVATE LIMITED
09-08-2024 16:31,TJ9060100013466,RAIL,Deposit,Paid For Order,7095.4,,,,23593.75,,Success,,7095.4,,8966683810,,,0,0,0,TJ9060100013466,,81068428,81068428,,,,ASPIRE TOURISM INDIA PRIVATE LIMITED,ASPIRE TOURISM INDIA PRIVATE LIMITED
09-08-2024 16:42,TJ9065100014836,RAIL,Deposit,Paid For Order,7095.4,,,,16498.35,,Success,,7095.4,,3036239555,,,0,0,0,TJ9065100014836,,81068428,81068428,,,,ASPIRE TOURISM INDIA PRIVATE LIMITED,ASPIRE TOURISM INDIA PRIVATE LIMITED
09-08-2024 16:56,TJ9027100016254,RAIL,Deposit,Paid For Order,7095.4,,,,9402.95,,Success,,7095.4,,1379676593,,,0,0,0,TJ9027100016254,,81068428,81068428,,,,ASPIRE TOURISM INDIA PRIVATE LIMITED,ASPIRE TOURISM INDIA PRIVATE LIMITED
09-08-2024 17:10,TJ9031100018108,RAIL,Deposit,Paid For Order,7095.4,,,,2307.55,,Success,,7095.4,,3874793111,,,0,0,0,TJ9031100018108,,81068428,81068428,,,,ASPIRE TOURISM INDIA PRIVATE LIMITED,ASPIRE TOURISM INDIA PRIVATE LIMITED
09-08-2024 17:15,TJ9002100018638,RAIL,Deposit,Paid For Order,1797.7,,,,509.85,,Success,,1797.7,,8734611722,,,0,0,0,TJ9002100018638,,81068428,81068428,,,,ASPIRE TOURISM INDIA PRIVATE LIMITED,ASPIRE TOURISM INDIA PRIVATE LIMITED
09-08-2024 17:47,TJ9002100018638,RAIL,Deposit,Reverse,,1797.7,,,2307.55,,Success,Topup,1797.7,,6262698675,,,0,0,0,TJ9002100018638,,,81068428,,,,,ASPIRE TOURISM INDIA PRIVATE LIMITED
09-08-2024 19:05,3045100030907,WALLET_TOPUP,Netbanking,Topup,75000,,,,0,,Failure,,75000,,2168381655,Payment Failed. Paid using: hdfc_ccavenue; Payment Fee: 0.00; Failure reason: ,,0,0,0,3045100030907,,81068428,81068428,,,,ASPIRE TOURISM INDIA PRIVATE LIMITED,ASPIRE TOURISM INDIA PRIVATE LIMITED
09-08-2024 19:07,3067100031185,WALLET_TOPUP,Deposit,Topup,,73000,,,75307.55,,Success,,73000,,2992776551,Paid using: hdfc_ccavenue; Payment Fee: 0.00; Merchant Txn Id: 113411636976,,0,0,0,3067100031185,,81068428,81068428,,,,ASPIRE TOURISM INDIA PRIVATE LIMITED,ASPIRE TOURISM INDIA PRIVATE LIMITED
09-08-2024 19:39,TJ9015100034124,RAIL,Deposit,Paid For Order,7095.4,,,,68212.15,,Success,,7095.4,,8614901234,,,0,0,0,TJ9015100034124,,81068428,81068428,,,,ASPIRE TOURISM INDIA PRIVATE LIMITED,ASPIRE TOURISM INDIA PRIVATE LIMITED
09-08-2024 19:49,TJ9069100034640,RAIL,Deposit,Paid For Order,7095.4,,,,61116.75,,Success,,7095.4,,0671817971,,,0,0,0,TJ9069100034640,,81068428,81068428,,,,ASPIRE TOURISM INDIA PRIVATE LIMITED,ASPIRE TOURISM INDIA PRIVATE LIMITED
09-08-2024 19:57,TJ9076100035976,RAIL,Deposit,Paid For Order,7095.4,,,,54021.35,,Success,,7095.4,,7921793077,,,0,0,0,TJ9076100035976,,81068428,81068428,,,,ASPIRE TOURISM INDIA PRIVATE LIMITED,ASPIRE TOURISM INDIA PRIVATE LIMITED
09-08-2024 20:01,TJ9096100036396,RAIL,Deposit,Paid For Order,7095.4,,,,46925.95,,Success,,7095.4,,9796138037,,,0,0,0,TJ9096100036396,,81068428,81068428,,,,ASPIRE TOURISM INDIA PRIVATE LIMITED,ASPIRE TOURISM INDIA PRIVATE LIMITED
09-08-2024 20:02,TJ9024100036357,RAIL,Deposit,Paid For Order,7095.4,,,,39830.55,,Success,,7095.4,,4097497265,,,0,0,0,TJ9024100036357,,81068428,81068428,,,,ASPIRE TOURISM INDIA PRIVATE LIMITED,ASPIRE TOURISM INDIA PRIVATE LIMITED
09-08-2024 20:06,TJ9067100036837,RAIL,Deposit,Paid For Order,7095.4,,,,32735.15,,Success,,7095.4,,8005626938,,,0,0,0,TJ9067100036837,,81068428,81068428,,,,ASPIRE TOURISM INDIA PRIVATE LIMITED,ASPIRE TOURISM INDIA PRIVATE LIMITED
09-08-2024 20:09,TJ9031100037120,RAIL,Deposit,Paid For Order,7095.4,,,,25639.75,,Success,,7095.4,,6829670103,,,0,0,0,TJ9031100037120,,81068428,81068428,,,,ASPIRE TOURISM INDIA PRIVATE LIMITED,ASPIRE TOURISM INDIA PRIVATE LIMITED
09-08-2024 20:10,TJ9059100037280,RAIL,Deposit,Paid For Order,7095.4,,,,18544.35,,Success,,7095.4,,6960619727,,,0,0,0,TJ9059100037280,,81068428,81068428,,,,ASPIRE TOURISM INDIA PRIVATE LIMITED,ASPIRE TOURISM INDIA PRIVATE LIMITED
09-08-2024 20:14,TJ9094100037700,RAIL,Deposit,Paid For Order,7095.4,,,,11448.95,,Success,,7095.4,,3313572669,,,0,0,0,TJ9094100037700,,81068428,81068428,,,,ASPIRE TOURISM INDIA PRIVATE LIMITED,ASPIRE TOURISM INDIA PRIVATE LIMITED
09-08-2024 20:16,TJ9018100037669,RAIL,Deposit,Paid For Order,7095.4,,,,4353.55,,Success,,7095.4,,7179077055,,,0,0,0,TJ9018100037669,,81068428,81068428,,,,ASPIRE TOURISM INDIA PRIVATE LIMITED,ASPIRE TOURISM INDIA PRIVATE LIMITED
09-08-2024 20:17,TJ9015100034124,RAIL,Deposit,Reverse,,7095.4,,,11448.95,,Success,Topup,7095.4,,2426402408,,,0,0,0,TJ9015100034124,,,81068428,,,,,ASPIRE TOURISM INDIA PRIVATE LIMITED
09-08-2024 20:19,TJ9029100038107,RAIL,Deposit,Paid For Order,7095.4,,,,4353.55,,Success,,7095.4,,9681560065,,,0,0,0,TJ9029100038107,,81068428,81068428,,,,ASPIRE TOURISM INDIA PRIVATE LIMITED,ASPIRE TOURISM INDIA PRIVATE LIMITED
10-08-2024 10:47,3020100074283,WALLET_TOPUP,Deposit,Topup,,10100,,,14453.55,,Success,,10100,,3225459886,Paid using: hdfc_ccavenue; Payment Fee: 15.00; Merchant Txn Id: 113412222708,,0,0,0,3020100074283,,81068428,81068428,,,,ASPIRE TOURISM INDIA PRIVATE LIMITED,ASPIRE TOURISM INDIA PRIVATE LIMITED
10-08-2024 11:24,TJ9090100078562,RAIL,Deposit,Paid For Order,7095.4,,,,7358.15,,Success,,7095.4,,9791095478,,,0,0,0,TJ9090100078562,,81068428,81068428,,,,ASPIRE TOURISM INDIA PRIVATE LIMITED,ASPIRE TOURISM INDIA PRIVATE LIMITED
10-08-2024 11:57,TJ9090100078562,RAIL,Deposit,Reverse,,7095.4,,,14453.55,,Success,Topup,7095.4,,3507335761,,,0,0,0,TJ9090100078562,,,81068428,,,,,ASPIRE TOURISM INDIA PRIVATE LIMITED
10-08-2024 12:14,TJ9003100084716,RAIL,Deposit,Paid For Order,7095.4,,,,7358.15,,Success,,7095.4,,4938285527,,,0,0,0,TJ9003100084716,,81068428,81068428,,,,ASPIRE TOURISM INDIA PRIVATE LIMITED,ASPIRE TOURISM INDIA PRIVATE LIMITED
10-08-2024 12:47,TJ9003100084716,RAIL,Deposit,Reverse,,7095.4,,,14453.55,,Success,Topup,7095.4,,6862638580,,,0,0,0,TJ9003100084716,,,81068428,,,,,ASPIRE TOURISM INDIA PRIVATE LIMITED
10-08-2024 13:06,TJ9060100091209,RAIL,Deposit,Paid For Order,7095.4,,,,7358.15,,Success,,7095.4,,3876951435,,,0,0,0,TJ9060100091209,,81068428,81068428,,,,ASPIRE TOURISM INDIA PRIVATE LIMITED,ASPIRE TOURISM INDIA PRIVATE LIMITED
10-08-2024 13:47,TJ9060100091209,RAIL,Deposit,Reverse,,7095.4,,,14453.55,,Success,Topup,7095.4,,7661399969,,,0,0,0,TJ9060100091209,,,81068428,,,,,ASPIRE TOURISM INDIA PRIVATE LIMITED
10-08-2024 15:09,TJ9029100104824,RAIL,Deposit,Paid For Order,7095.4,,,,7358.15,,Success,,7095.4,,5882272215,,,0,0,0,TJ9029100104824,,81068428,81068428,,,,ASPIRE TOURISM INDIA PRIVATE LIMITED,ASPIRE TOURISM INDIA PRIVATE LIMITED
10-08-2024 15:16,TJ9019100105474,RAIL,Deposit,Paid For Order,7095.4,,,,262.75,,Success,,7095.4,,7664694018,,,0,0,0,TJ9019100105474,,81068428,81068428,,,,ASPIRE TOURISM INDIA PRIVATE LIMITED,ASPIRE TOURISM INDIA PRIVATE LIMITED
10-08-2024 18:38,3065100123372,WALLET_TOPUP,Deposit,Topup,,52000,,,52262.75,,Success,,52000,,2971073418,Paid using: hdfc_ccavenue; Payment Fee: 15.00; Merchant Txn Id: 113412924344,,0,0,0,3065100123372,,81068428,81068428,,,,ASPIRE TOURISM INDIA PRIVATE LIMITED,ASPIRE TOURISM INDIA PRIVATE LIMITED
10-08-2024 18:52,TJ9098100124526,RAIL,Deposit,Paid For Order,5655.4,,,,46607.35,,Success,,5655.4,,2040036936,,,0,0,0,TJ9098100124526,,81068428,81068428,,,,ASPIRE TOURISM INDIA PRIVATE LIMITED,ASPIRE TOURISM INDIA PRIVATE LIMITED
10-08-2024 18:58,TJ9008100125004,RAIL,Deposit,Paid For Order,5655.4,,,,40951.95,,Success,,5655.4,,9865378901,,,0,0,0,TJ9008100125004,,81068428,81068428,,,,ASPIRE TOURISM INDIA PRIVATE LIMITED,ASPIRE TOURISM INDIA PRIVATE LIMITED
10-08-2024 19:03,TJ9015100125317,RAIL,Deposit,Paid For Order,5655.4,,,,35296.55,,Success,,5655.4,,6160603034,,,0,0,0,TJ9015100125317,,81068428,81068428,,,,ASPIRE TOURISM INDIA PRIVATE LIMITED,ASPIRE TOURISM INDIA PRIVATE LIMITED
10-08-2024 19:07,TJ9081100125665,RAIL,Deposit,Paid For Order,5655.4,,,,29641.15,,Success,,5655.4,,4891345816,,,0,0,0,TJ9081100125665,,81068428,81068428,,,,ASPIRE TOURISM INDIA PRIVATE LIMITED,ASPIRE TOURISM INDIA PRIVATE LIMITED
10-08-2024 19:11,TJ9083100126010,RAIL,Deposit,Paid For Order,5655.4,,,,23985.75,,Success,,5655.4,,4064323517,,,0,0,0,TJ9083100126010,,81068428,81068428,,,,ASPIRE TOURISM INDIA PRIVATE LIMITED,ASPIRE TOURISM INDIA PRIVATE LIMITED
10-08-2024 19:20,TJ9017100126690,RAIL,Deposit,Paid For Order,5655.4,,,,18330.35,,Success,,5655.4,,1660513639,,,0,0,0,TJ9017100126690,,81068428,81068428,,,,ASPIRE TOURISM INDIA PRIVATE LIMITED,ASPIRE TOURISM INDIA PRIVATE LIMITED
10-08-2024 19:25,TJ9020100127021,RAIL,Deposit,Paid For Order,5655.4,,,,12674.95,,Success,,5655.4,,1872221584,,,0,0,0,TJ9020100127021,,81068428,81068428,,,,ASPIRE TOURISM INDIA PRIVATE LIMITED,ASPIRE TOURISM INDIA PRIVATE LIMITED
10-08-2024 19:28,TJ9095100127365,RAIL,Deposit,Paid For Order,5655.4,,,,7019.55,,Success,,5655.4,,6658823911,,,0,0,0,TJ9095100127365,,81068428,81068428,,,,ASPIRE TOURISM INDIA PRIVATE LIMITED,ASPIRE TOURISM INDIA PRIVATE LIMITED
10-08-2024 19:34,TJ9056100127821,RAIL,Deposit,Paid For Order,3785.4,,,,3234.15,,Success,,3785.4,,9837659763,,,0,0,0,TJ9056100127821,,81068428,81068428,,,,ASPIRE TOURISM INDIA PRIVATE LIMITED,ASPIRE TOURISM INDIA PRIVATE LIMITED
10-08-2024 19:43,TJ9032100128489,RAIL,Deposit,Paid For Order,1935.4,,,,1298.75,,Success,,1935.4,,6125102082,,,0,0,0,TJ9032100128489,,81068428,81068428,,,,ASPIRE TOURISM INDIA PRIVATE LIMITED,ASPIRE TOURISM INDIA PRIVATE LIMITED
12-08-2024 19:53,TJ9048100297450,RAIL,Deposit,Paid For Order,652.7,,,,646.05,,Success,,652.7,,7591873211,,,0,0,0,TJ9048100297450,,81068428,81068428,,,,ASPIRE TOURISM INDIA PRIVATE LIMITED,ASPIRE TOURISM INDIA PRIVATE LIMITED
13-08-2024 19:38,3076100416598,WALLET_TOPUP,Deposit,Topup,,9400,,,10046.05,,Success,,9400,,7081825122,Paid using: hdfc_ccavenue; Payment Fee: 15.00; Merchant Txn Id: 113416964093,,0,0,0,3076100416598,,81068428,81068428,,,,ASPIRE TOURISM INDIA PRIVATE LIMITED,ASPIRE TOURISM INDIA PRIVATE LIMITED
13-08-2024 20:03,TJ9008100419836,RAIL,Deposit,Paid For Order,4745.4,,,,5300.65,,Success,,4745.4,,7085781407,,,0,0,0,TJ9008100419836,,81068428,81068428,,,,ASPIRE TOURISM INDIA PRIVATE LIMITED,ASPIRE TOURISM INDIA PRIVATE LIMITED
13-08-2024 20:09,TJ9069100420504,RAIL,Deposit,Paid For Order,4745.4,,,,555.25,,Success,,4745.4,,4584031895,,,0,0,0,TJ9069100420504,,81068428,81068428,,,,ASPIRE TOURISM INDIA PRIVATE LIMITED,ASPIRE TOURISM INDIA PRIVATE LIMITED
17-08-2024 18:25,3085100807455,WALLET_TOPUP,Deposit,Topup,,3000,,,3555.25,,Success,,3000,,7507594140,Paid using: Payphi; Payment Fee: 0.00; Merchant Txn Id: 4400203949024,,0,0,0,3085100807455,,81068428,81068428,,,,ASPIRE TOURISM INDIA PRIVATE LIMITED,ASPIRE TOURISM INDIA PRIVATE LIMITED
17-08-2024 18:30,TJ9082100808070,RAIL,Deposit,Paid For Order,677.7,,,,2877.55,,Success,,677.7,,4838171096,,,0,0,0,TJ9082100808070,,81068428,81068428,,,,ASPIRE TOURISM INDIA PRIVATE LIMITED,ASPIRE TOURISM INDIA PRIVATE LIMITED
17-08-2024 18:34,TJ9093100808432,RAIL,Deposit,Paid For Order,697.7,,,,2179.85,,Success,,697.7,,8503713274,,,0,0,0,TJ9093100808432,,81068428,81068428,,,,ASPIRE TOURISM INDIA PRIVATE LIMITED,ASPIRE TOURISM INDIA PRIVATE LIMITED
17-08-2024 19:23,TJ9077100813466,RAIL,Deposit,Paid For Order,990.4,,,,1189.45,,Success,,990.4,,8747673947,,,0,0,0,TJ9077100813466,,81068428,81068428,,,,ASPIRE TOURISM INDIA PRIVATE LIMITED,ASPIRE TOURISM INDIA PRIVATE LIMITED
17-08-2024 19:28,TJ9038100813862,RAIL,Deposit,Paid For Order,980.4,,,,209.05,,Success,,980.4,,7502745885,,,0,0,0,TJ9038100813862,,81068428,81068428,,,,ASPIRE TOURISM INDIA PRIVATE LIMITED,ASPIRE TOURISM INDIA PRIVATE LIMITED
20-08-2024 19:11,TJ905698990940,RAIL,Deposit,Refund,,1075,,,1284.05,,Success,Topup,1075,,9923761776,,,0,0,0,TJ905698990940,TJA09101045150,81068428,81068428,,,,ASPIRE TOURISM INDIA PRIVATE LIMITED,ASPIRE TOURISM INDIA PRIVATE LIMITED
20-08-2024 19:19,TJ904398991823,RAIL,Deposit,Refund,,430,,,1714.05,,Success,Topup,430,,3897970350,,,0,0,0,TJ904398991823,TJA79101046192,81068428,81068428,,,,ASPIRE TOURISM INDIA PRIVATE LIMITED,ASPIRE TOURISM INDIA PRIVATE LIMITED
20-08-2024 19:28,TJ9061101047467,RAIL,Deposit,Paid For Order,1557.7,,,,156.35,,Success,,1557.7,,7003903800,,,0,0,0,TJ9061101047467,,81068428,81068428,,,,ASPIRE TOURISM INDIA PRIVATE LIMITED,ASPIRE TOURISM INDIA PRIVATE LIMITED
20-08-2024 19:35,TJ906496200732,RAIL,Deposit,Refund,,1050,,,1206.35,,Success,Topup,1050,,5700588998,,,0,0,0,TJ906496200732,TJA06101047963,81068428,81068428,,,,ASPIRE TOURISM INDIA PRIVATE LIMITED,ASPIRE TOURISM INDIA PRIVATE LIMITED
20-08-2024 19:41,TJ9087101048537,RAIL,Deposit,Paid For Order,282.7,,,,923.65,,Success,,282.7,,5108552975,,,0,0,0,TJ9087101048537,,81068428,81068428,,,,ASPIRE TOURISM INDIA PRIVATE LIMITED,ASPIRE TOURISM INDIA PRIVATE LIMITED
22-08-2024 17:50,3041101213596,WALLET_TOPUP,Deposit,Topup,,3100,,,4023.65,,Success,,3100,,7515182893,Paid using: hdfc_ccavenue; Payment Fee: 15.00; Merchant Txn Id: 113428693684,,0,0,0,3041101213596,,81068428,81068428,,,,ASPIRE TOURISM INDIA PRIVATE LIMITED,ASPIRE TOURISM INDIA PRIVATE LIMITED
22-08-2024 18:13,TJ9038101216143,RAIL,Deposit,Paid For Order,3795.4,,,,228.25,,Success,,3795.4,,5483693302,,,0,0,0,TJ9038101216143,,81068428,81068428,,,,ASPIRE TOURISM INDIA PRIVATE LIMITED,ASPIRE TOURISM INDIA PRIVATE LIMITED
23-08-2024 17:07,TJ9015101293129,RAIL,Deposit,Paid For Order,705.4,,,,0,,Failure,,705.4,,1118075261,Insufficient Balance. ,,0,0,0,TJ9015101293129,,81068428,81068428,,,,ASPIRE TOURISM INDIA PRIVATE LIMITED,ASPIRE TOURISM INDIA PRIVATE LIMITED
23-08-2024 17:24,3042101294782,WALLET_TOPUP,Deposit,Topup,,500,,,728.25,,Success,,500,,7824606894,Paid using: Payphi; Payment Fee: 0.00; Merchant Txn Id: 2200205637443,,0,0,0,3042101294782,,81068428,81068428,,,,ASPIRE TOURISM INDIA PRIVATE LIMITED,ASPIRE TOURISM INDIA PRIVATE LIMITED
23-08-2024 17:26,TJ9038101295062,RAIL,Deposit,Paid For Order,705.4,,,,22.85,,Success,,705.4,,8269587110,,,0,0,0,TJ9038101295062,,81068428,81068428,,,,ASPIRE TOURISM INDIA PRIVATE LIMITED,ASPIRE TOURISM INDIA PRIVATE LIMITED
24-08-2024 16:35,3007101366981,WALLET_TOPUP,Deposit,Topup,,100000,,,100022.85,,Success,,100000,,4733244779,Paid using: hdfc_ccavenue; Payment Fee: 0.00; Merchant Txn Id: 113431285043,,0,0,0,3007101366981,,81068428,81068428,,,,ASPIRE TOURISM INDIA PRIVATE LIMITED,ASPIRE TOURISM INDIA PRIVATE LIMITED
24-08-2024 16:47,TJ9004101368131,RAIL,Deposit,Paid For Order,1220.4,,,,98802.45,,Success,,1220.4,,0501844880,,,0,0,0,TJ9004101368131,,81068428,81068428,,,,ASPIRE TOURISM INDIA PRIVATE LIMITED,ASPIRE TOURISM INDIA PRIVATE LIMITED
24-08-2024 16:49,TJ9029101368318,RAIL,Deposit,Paid For Order,1220.4,,,,97582.05,,Success,,1220.4,,1454397753,,,0,0,0,TJ9029101368318,,81068428,81068428,,,,ASPIRE TOURISM INDIA PRIVATE LIMITED,ASPIRE TOURISM INDIA PRIVATE LIMITED
24-08-2024 16:57,TJ9062101368865,RAIL,Deposit,Paid For Order,7095.4,,,,90486.65,,Success,,7095.4,,6045156953,,,0,0,0,TJ9062101368865,,81068428,81068428,,,,ASPIRE TOURISM INDIA PRIVATE LIMITED,ASPIRE TOURISM INDIA PRIVATE LIMITED
24-08-2024 17:01,TJ9026101369171,RAIL,Deposit,Paid For Order,7095.4,,,,83391.25,,Success,,7095.4,,9290510950,,,0,0,0,TJ9026101369171,,81068428,81068428,,,,ASPIRE TOURISM INDIA PRIVATE LIMITED,ASPIRE TOURISM INDIA PRIVATE LIMITED
24-08-2024 17:04,TJ9049101369419,RAIL,Deposit,Paid For Order,7095.4,,,,76295.85,,Success,,7095.4,,3388831206,,,0,0,0,TJ9049101369419,,81068428,81068428,,,,ASPIRE TOURISM INDIA PRIVATE LIMITED,ASPIRE TOURISM INDIA PRIVATE LIMITED
24-08-2024 17:08,TJ9050101369662,RAIL,Deposit,Paid For Order,7095.4,,,,69200.45,,Success,,7095.4,,2079805257,,,0,0,0,TJ9050101369662,,81068428,81068428,,,,ASPIRE TOURISM INDIA PRIVATE LIMITED,ASPIRE TOURISM INDIA PRIVATE LIMITED
24-08-2024 17:12,TJ9029101370014,RAIL,Deposit,Paid For Order,7095.4,,,,62105.05,,Success,,7095.4,,4344466500,,,0,0,0,TJ9029101370014,,81068428,81068428,,,,ASPIRE TOURISM INDIA PRIVATE LIMITED,ASPIRE TOURISM INDIA PRIVATE LIMITED
24-08-2024 17:17,TJ9035101370285,RAIL,Deposit,Paid For Order,7095.4,,,,55009.65,,Success,,7095.4,,0860478791,,,0,0,0,TJ9035101370285,,81068428,81068428,,,,ASPIRE TOURISM INDIA PRIVATE LIMITED,ASPIRE TOURISM INDIA PRIVATE LIMITED
24-08-2024 17:21,TJ9000101370679,RAIL,Deposit,Paid For Order,7095.4,,,,47914.25,,Success,,7095.4,,5509470784,,,0,0,0,TJ9000101370679,,81068428,81068428,,,,ASPIRE TOURISM INDIA PRIVATE LIMITED,ASPIRE TOURISM INDIA PRIVATE LIMITED
24-08-2024 17:24,TJ9008101370874,RAIL,Deposit,Paid For Order,3570.4,,,,44343.85,,Success,,3570.4,,4471164655,,,0,0,0,TJ9008101370874,,81068428,81068428,,,,ASPIRE TOURISM INDIA PRIVATE LIMITED,ASPIRE TOURISM INDIA PRIVATE LIMITED
24-08-2024 17:36,TJ9034101371783,RAIL,Deposit,Paid For Order,7095.4,,,,37248.45,,Success,,7095.4,,9458683270,,,0,0,0,TJ9034101371783,,81068428,81068428,,,,ASPIRE TOURISM INDIA PRIVATE LIMITED,ASPIRE TOURISM INDIA PRIVATE LIMITED
24-08-2024 17:46,TJ9082101372538,RAIL,Deposit,Paid For Order,7095.4,,,,30153.05,,Success,,7095.4,,8174394105,,,0,0,0,TJ9082101372538,,81068428,81068428,,,,ASPIRE TOURISM INDIA PRIVATE LIMITED,ASPIRE TOURISM INDIA PRIVATE LIMITED
24-08-2024 17:49,TJ9074101372998,RAIL,Deposit,Paid For Order,7095.4,,,,23057.65,,Success,,7095.4,,6936849816,,,0,0,0,TJ9074101372998,,81068428,81068428,,,,ASPIRE TOURISM INDIA PRIVATE LIMITED,ASPIRE TOURISM INDIA PRIVATE LIMITED
24-08-2024 17:52,TJ9075101373265,RAIL,Deposit,Paid For Order,7095.4,,,,15962.25,,Success,,7095.4,,2779934138,,,0,0,0,TJ9075101373265,,81068428,81068428,,,,ASPIRE TOURISM INDIA PRIVATE LIMITED,ASPIRE TOURISM INDIA PRIVATE LIMITED
24-08-2024 17:57,TJ9016101373646,RAIL,Deposit,Paid For Order,7095.4,,,,8866.85,,Success,,7095.4,,7974838706,,,0,0,0,TJ9016101373646,,81068428,81068428,,,,ASPIRE TOURISM INDIA PRIVATE LIMITED,ASPIRE TOURISM INDIA PRIVATE LIMITED
24-08-2024 18:01,TJ9011101373919,RAIL,Deposit,Paid For Order,7095.4,,,,1771.45,,Success,,7095.4,,4348890915,,,0,0,0,TJ9011101373919,,81068428,81068428,,,,ASPIRE TOURISM INDIA PRIVATE LIMITED,ASPIRE TOURISM INDIA PRIVATE LIMITED
24-08-2024 18:55,3080101377637,WALLET_TOPUP,Deposit,Topup,,9100,,,10871.45,,Success,,9100,,3837385596,Paid using: hdfc_ccavenue; Payment Fee: 0.00; Merchant Txn Id: 113431473211,,0,0,0,3080101377637,,81068428,81068428,,,,ASPIRE TOURISM INDIA PRIVATE LIMITED,ASPIRE TOURISM INDIA PRIVATE LIMITED
24-08-2024 18:59,TJ9010101377916,RAIL,Deposit,Paid For Order,7095.4,,,,3776.05,,Success,,7095.4,,3283852842,,,0,0,0,TJ9010101377916,,81068428,81068428,,,,ASPIRE TOURISM INDIA PRIVATE LIMITED,ASPIRE TOURISM INDIA PRIVATE LIMITED
24-08-2024 19:01,TJ9059101378037,RAIL,Deposit,Paid For Order,3570.4,,,,205.65,,Success,,3570.4,,1512465550,,,0,0,0,TJ9059101378037,,81068428,81068428,,,,ASPIRE TOURISM INDIA PRIVATE LIMITED,ASPIRE TOURISM INDIA PRIVATE LIMITED
27-08-2024 19:34,3074101594615,WALLET_TOPUP,Deposit,Topup,,6060,,,6265.65,,Success,,6060,,7027088445,Paid using: hdfc_ccavenue; Payment Fee: 15.00; Merchant Txn Id: 113435274889,,0,0,0,3074101594615,,81068428,81068428,,,,ASPIRE TOURISM INDIA PRIVATE LIMITED,ASPIRE TOURISM INDIA PRIVATE LIMITED
27-08-2024 19:40,TJ9004101595201,RAIL,Deposit,Paid For Order,597.7,,,,5667.95,,Success,,597.7,,6420591091,,,0,0,0,TJ9004101595201,,81068428,81068428,,,,ASPIRE TOURISM INDIA PRIVATE LIMITED,ASPIRE TOURISM INDIA PRIVATE LIMITED
27-08-2024 19:43,TJ9003101595470,RAIL,Deposit,Paid For Order,2487.7,,,,3180.25,,Success,,2487.7,,0445949203,,,0,0,0,TJ9003101595470,,81068428,81068428,,,,ASPIRE TOURISM INDIA PRIVATE LIMITED,ASPIRE TOURISM INDIA PRIVATE LIMITED
27-08-2024 19:46,TJ9018101595747,RAIL,Deposit,Paid For Order,597.7,,,,2582.55,,Success,,597.7,,6784474853,,,0,0,0,TJ9018101595747,,81068428,81068428,,,,ASPIRE TOURISM INDIA PRIVATE LIMITED,ASPIRE TOURISM INDIA PRIVATE LIMITED
27-08-2024 19:48,TJ9084101595866,RAIL,Deposit,Paid For Order,2487.7,,,,94.85,,Success,,2487.7,,2931270310,,,0,0,0,TJ9084101595866,,81068428,81068428,,,,ASPIRE TOURISM INDIA PRIVATE LIMITED,ASPIRE TOURISM INDIA PRIVATE LIMITED
29-08-2024 16:29,3074101763863,WALLET_TOPUP,Deposit,Topup,,50000,,,50094.85,,Success,,50000,,2626204039,Paid using: hdfc_ccavenue; Payment Fee: 0.00; Merchant Txn Id: 113437909030,,0,0,0,3074101763863,,81068428,81068428,,,,ASPIRE TOURISM INDIA PRIVATE LIMITED,ASPIRE TOURISM INDIA PRIVATE LIMITED
29-08-2024 16:39,TJ9088101764970,RAIL,Deposit,Paid For Order,9345.4,,,,40749.45,,Success,,9345.4,,1918212858,,,0,0,0,TJ9088101764970,,81068428,81068428,,,,ASPIRE TOURISM INDIA PRIVATE LIMITED,ASPIRE TOURISM INDIA PRIVATE LIMITED
29-08-2024 16:45,TJ9095101765668,RAIL,Deposit,Paid For Order,9345.4,,,,31404.05,,Success,,9345.4,,8317270918,,,0,0,0,TJ9095101765668,,81068428,81068428,,,,ASPIRE TOURISM INDIA PRIVATE LIMITED,ASPIRE TOURISM INDIA PRIVATE LIMITED
29-08-2024 16:57,TJ9036101767117,RAIL,Deposit,Paid For Order,6245.4,,,,25158.65,,Success,,6245.4,,2188553483,,,0,0,0,TJ9036101767117,,81068428,81068428,,,,ASPIRE TOURISM INDIA PRIVATE LIMITED,ASPIRE TOURISM INDIA PRIVATE LIMITED
29-08-2024 17:07,TJ9077101768181,RAIL,Deposit,Paid For Order,9345.4,,,,15813.25,,Success,,9345.4,,4903497032,,,0,0,0,TJ9077101768181,,81068428,81068428,,,,ASPIRE TOURISM INDIA PRIVATE LIMITED,ASPIRE TOURISM INDIA PRIVATE LIMITED
29-08-2024 17:14,TJ9010101768905,RAIL,Deposit,Paid For Order,9345.4,,,,6467.85,,Success,,9345.4,,0565114416,,,0,0,0,TJ9010101768905,,81068428,81068428,,,,ASPIRE TOURISM INDIA PRIVATE LIMITED,ASPIRE TOURISM INDIA PRIVATE LIMITED
29-08-2024 17:22,TJ9068101769676,RAIL,Deposit,Paid For Order,6245.4,,,,222.45,,Success,,6245.4,,4888777665,,,0,0,0,TJ9068101769676,,81068428,81068428,,,,ASPIRE TOURISM INDIA PRIVATE LIMITED,ASPIRE TOURISM INDIA PRIVATE LIMITED
30-08-2024 21:00,3075101869399,WALLET_TOPUP,Deposit,Topup,,520,,,742.45,,Success,,520,,5703853377,Paid using: Payphi; Payment Fee: 0.00; Merchant Txn Id: 2200207762243,,0,0,0,3075101869399,,81068428,81068428,,,,ASPIRE TOURISM INDIA PRIVATE LIMITED,ASPIRE TOURISM INDIA PRIVATE LIMITED
30-08-2024 21:00,TJ9065101869373,RAIL,Deposit,Paid For Order,725.4,,,,17.05,,Success,,725.4,,2913115524,,,0,0,0,TJ9065101869373,,81068428,81068428,,,,ASPIRE TOURISM INDIA PRIVATE LIMITED,ASPIRE TOURISM INDIA PRIVATE LIMITED
31-08-2024 20:51,3047101948274,WALLET_TOPUP,Deposit,Topup,,56448,,,56465.05,,Success,,56448,,7196425342,Paid using: Payphi; Payment Fee: 451.58; Merchant Txn Id: 2200208075111,,0,0,0,3047101948274,,81068428,81068428,,,,ASPIRE TOURISM INDIA PRIVATE LIMITED,ASPIRE TOURISM INDIA PRIVATE LIMITED
03-09-2024 12:04,TJ1077102148924,AIR,Deposit,Paid For Order,38349,,,,18116.05,,Success,,38349,,1489007783,,,0,2700,0,TJ1077102148924,,81068428,81068428,,,,ASPIRE TOURISM INDIA PRIVATE LIMITED,ASPIRE TOURISM INDIA PRIVATE LIMITED
03-09-2024 12:04,TJ1077102148924,AIR,Deposit,Commission,,122.58,129.06,,18238.63,,Success,Topup,122.58,,5275391298,,,0,0,6.48,TJ1077102148924,,81068428,81068428,,,,ASPIRE TOURISM INDIA PRIVATE LIMITED,ASPIRE TOURISM INDIA PRIVATE LIMITED
03-09-2024 12:28,TJ1031102152312,AIR,Netbanking,Paid For Order,51216,,,,0,,Success,,51201,,0988692721,Paid using: hdfc_ccavenue; Payment Fee: 15.00; Merchant Txn Id: 113445046820,,15,2700,0,TJ1031102152312,,81068428,81068428,,,,ASPIRE TOURISM INDIA PRIVATE LIMITED,ASPIRE TOURISM INDIA PRIVATE LIMITED
03-09-2024 12:28,TJ1031102152312,AIR,Deposit,Commission,,180.72,190.26,,18419.35,,Success,Topup,180.72,,4004136393,,,0,0,9.54,TJ1031102152312,,81068428,81068428,,,,ASPIRE TOURISM INDIA PRIVATE LIMITED,ASPIRE TOURISM INDIA PRIVATE LIMITED
03-09-2024 13:19,3029102160903,WALLET_TOPUP,Deposit,Topup,,13300,,,31719.35,,Success,,13300,,3956825281,Paid using: Payphi; Payment Fee: 0.00; Merchant Txn Id: 4400208875686,,0,0,0,3029102160903,,81068428,81068428,,,,ASPIRE TOURISM INDIA PRIVATE LIMITED,ASPIRE TOURISM INDIA PRIVATE LIMITED
03-09-2024 13:19,TJ1061102159610,AIR,Deposit,Paid For Order,29826,,,,1893.35,,Success,,29826,,7514379833,,,0,1800,0,TJ1061102159610,,81068428,81068428,,,,ASPIRE TOURISM INDIA PRIVATE LIMITED,ASPIRE TOURISM INDIA PRIVATE LIMITED
03-09-2024 13:19,TJ1061102159610,AIR,Deposit,Commission,,100.98,106.32000000000001,,1994.33,,Success,Topup,100.98,,6440810478,,,0,0,5.34,TJ1061102159610,,81068428,81068428,,,,ASPIRE TOURISM INDIA PRIVATE LIMITED,ASPIRE TOURISM INDIA PRIVATE LIMITED
03-09-2024 13:31,TJ1099102162083,AIR,Netbanking,Paid For Order,17044,,,,0,,Success,,17044,,0434591478,Paid using: Payphi; Payment Fee: 0.00; Merchant Txn Id: 4400208882244,,0,1200,0,TJ1099102162083,,81068428,81068428,,,,ASPIRE TOURISM INDIA PRIVATE LIMITED,ASPIRE TOURISM INDIA PRIVATE LIMITED
03-09-2024 13:31,TJ1099102162083,AIR,Deposit,Commission,,54.48,57.36,,2048.81,,Success,Topup,54.48,,2439227557,,,0,0,2.88,TJ1099102162083,,81068428,81068428,,,,ASPIRE TOURISM INDIA PRIVATE LIMITED,ASPIRE TOURISM INDIA PRIVATE LIMITED
04-09-2024 14:44,TJ9021102279503,RAIL,Deposit,Paid For Order,1730.85,,,,317.96,,Success,,1730.85,,3184306145,,,0,0,0,TJ9021102279503,,81068428,81068428,,,,ASPIRE TOURISM INDIA PRIVATE LIMITED,ASPIRE TOURISM INDIA PRIVATE LIMITED
04-09-2024 14:54,3054102280497,WALLET_TOPUP,Deposit,Topup,,3200,,,3517.96,,Success,,3200,,2443582327,Paid using: hdfc_ccavenue; Payment Fee: 15.00; Merchant Txn Id: 113446841348,,0,0,0,3054102280497,,81068428,81068428,,,,ASPIRE TOURISM INDIA PRIVATE LIMITED,ASPIRE TOURISM INDIA PRIVATE LIMITED
04-09-2024 14:56,TJ9036102280852,RAIL,Deposit,Paid For Order,1430.85,,,,2087.11,,Success,,1430.85,,9635414034,,,0,0,0,TJ9036102280852,,81068428,81068428,,,,ASPIRE TOURISM INDIA PRIVATE LIMITED,ASPIRE TOURISM INDIA PRIVATE LIMITED
04-09-2024 14:59,TJ9070102281276,RAIL,Deposit,Paid For Order,1730.85,,,,356.26,,Success,,1730.85,,2080877805,,,0,0,0,TJ9070102281276,,81068428,81068428,,,,ASPIRE TOURISM INDIA PRIVATE LIMITED,ASPIRE TOURISM INDIA PRIVATE LIMITED
05-09-2024 11:10,3002102349983,WALLET_TOPUP,Deposit,Topup,,780,,,1136.26,,Success,,780,,6976768278,Paid using: Payphi; Payment Fee: 0.00; Merchant Txn Id: 4400209468882,,0,0,0,3002102349983,,81068428,81068428,,,,ASPIRE TOURISM INDIA PRIVATE LIMITED,ASPIRE TOURISM INDIA PRIVATE LIMITED
05-09-2024 11:19,TJ9003102351087,RAIL,Deposit,Paid For Order,1132.7,,,,3.56,,Success,,1132.7,,0883822250,,,0,0,0,TJ9003102351087,,81068428,81068428,,,,ASPIRE TOURISM INDIA PRIVATE LIMITED,ASPIRE TOURISM INDIA PRIVATE LIMITED
05-09-2024 11:41,TJ9031100037120,RAIL,Deposit,Refund,,7050,,,7053.56,,Success,Topup,7050,,2378263528,,,0,0,0,TJ9031100037120,TJA56102353647,81015677,81068428,,,,Madhusudan,ASPIRE TOURISM INDIA PRIVATE LIMITED
05-09-2024 11:41,TJ9031100018108,RAIL,Deposit,Refund,,7050,,,14103.56,,Success,Topup,7050,,4366909093,,,0,0,0,TJ9031100018108,TJA26102353648,81015677,81068428,,,,Madhusudan,ASPIRE TOURISM INDIA PRIVATE LIMITED
05-09-2024 11:41,TJ9025100009448,RAIL,Deposit,Refund,,7050,,,21153.56,,Success,Topup,7050,,3380956296,,,0,0,0,TJ9025100009448,TJA16102353660,81015677,81068428,,,,Madhusudan,ASPIRE TOURISM INDIA PRIVATE LIMITED
05-09-2024 11:41,TJ9027100016254,RAIL,Deposit,Refund,,7050,,,28203.56,,Success,Topup,7050,,4572420920,,,0,0,0,TJ9027100016254,TJA20102353667,81015677,81068428,,,,Madhusudan,ASPIRE TOURISM INDIA PRIVATE LIMITED
05-09-2024 11:41,TJ9065100014836,RAIL,Deposit,Refund,,7050,,,35253.56,,Success,Topup,7050,,8861859499,,,0,0,0,TJ9065100014836,TJA25102353677,81015677,81068428,,,,Madhusudan,ASPIRE TOURISM INDIA PRIVATE LIMITED
05-09-2024 11:42,TJ9069100034640,RAIL,Deposit,Refund,,7050,,,42303.56,,Success,Topup,7050,,6301523638,,,0,0,0,TJ9069100034640,TJA06102353807,81015677,81068428,,,,Madhusudan,ASPIRE TOURISM INDIA PRIVATE LIMITED
05-09-2024 11:43,TJ9096100036396,RAIL,Deposit,Refund,,7050,,,49353.56,,Success,Topup,7050,,7754166732,,,0,0,0,TJ9096100036396,TJA35102353838,81015677,81068428,,,,Madhusudan,ASPIRE TOURISM INDIA PRIVATE LIMITED
05-09-2024 11:43,TJ9059100037280,RAIL,Deposit,Refund,,7050,,,56403.56,,Success,Topup,7050,,2893631578,,,0,0,0,TJ9059100037280,TJA75102353843,81015677,81068428,,,,Madhusudan,ASPIRE TOURISM INDIA PRIVATE LIMITED
05-09-2024 11:43,TJ9019100105474,RAIL,Deposit,Refund,,7050,,,63453.56,,Success,Topup,7050,,6329330183,,,0,0,0,TJ9019100105474,TJA09102353845,81015677,81068428,,,,Madhusudan,ASPIRE TOURISM INDIA PRIVATE LIMITED
05-09-2024 11:43,TJ9076100035976,RAIL,Deposit,Refund,,7050,,,70503.56,,Success,Topup,7050,,1833154902,,,0,0,0,TJ9076100035976,TJA78102353852,81015677,81068428,,,,Madhusudan,ASPIRE TOURISM INDIA PRIVATE LIMITED
05-09-2024 11:43,TJ9029100038107,RAIL,Deposit,Refund,,7050,,,77553.56,,Success,Topup,7050,,1584764116,,,0,0,0,TJ9029100038107,TJA82102353964,81015677,81068428,,,,Madhusudan,ASPIRE TOURISM INDIA PRIVATE LIMITED
05-09-2024 11:43,TJ9067100036837,RAIL,Deposit,Refund,,7050,,,84603.56,,Success,Topup,7050,,0094070490,,,0,0,0,TJ9067100036837,TJA29102353973,81015677,81068428,,,,Madhusudan,ASPIRE TOURISM INDIA PRIVATE LIMITED
05-09-2024 11:43,TJ9069100420504,RAIL,Deposit,Refund,,4700,,,89303.56,,Success,Topup,4700,,8001166370,,,0,0,0,TJ9069100420504,TJA56102353971,81015677,81068428,,,,Madhusudan,ASPIRE TOURISM INDIA PRIVATE LIMITED
05-09-2024 11:43,TJ9094100013001,RAIL,Deposit,Refund,,7050,,,96353.56,,Success,Topup,7050,,9402916581,,,0,0,0,TJ9094100013001,TJA08102353970,81015677,81068428,,,,Madhusudan,ASPIRE TOURISM INDIA PRIVATE LIMITED
05-09-2024 11:44,TJ9018100037669,RAIL,Deposit,Refund,,7050,,,103403.56,,Success,Topup,7050,,7343265950,,,0,0,0,TJ9018100037669,TJA23102353993,81015677,81068428,,,,Madhusudan,ASPIRE TOURISM INDIA PRIVATE LIMITED
05-09-2024 11:44,TJ9036100011746,RAIL,Deposit,Refund,,7050,,,110453.56,,Success,Topup,7050,,0622361104,,,0,0,0,TJ9036100011746,TJA93102353997,81015677,81068428,,,,Madhusudan,ASPIRE TOURISM INDIA PRIVATE LIMITED
05-09-2024 11:44,TJ9060100013466,RAIL,Deposit,Refund,,7050,,,117503.56,,Success,Topup,7050,,7118653884,,,0,0,0,TJ9060100013466,TJA40102354003,81015677,81068428,,,,Madhusudan,ASPIRE TOURISM INDIA PRIVATE LIMITED
05-09-2024 11:44,TJ9097100010315,RAIL,Deposit,Refund,,7050,,,124553.56,,Success,Topup,7050,,2359347868,,,0,0,0,TJ9097100010315,TJA22102354008,81015677,81068428,,,,Madhusudan,ASPIRE TOURISM INDIA PRIVATE LIMITED
05-09-2024 11:44,TJ9041100012298,RAIL,Deposit,Refund,,7050,,,131603.56,,Success,Topup,7050,,9325036994,,,0,0,0,TJ9041100012298,TJA94102354004,81015677,81068428,,,,Madhusudan,ASPIRE TOURISM INDIA PRIVATE LIMITED
05-09-2024 11:45,TJ9029101368318,RAIL,Deposit,Refund,,1175,,,132778.56,,Success,Topup,1175,,3857004300,,,0,0,0,TJ9029101368318,TJA19102354189,81015677,81068428,,,,Madhusudan,ASPIRE TOURISM INDIA PRIVATE LIMITED
05-09-2024 11:45,TJ9024100036357,RAIL,Deposit,Refund,,7050,,,139828.56,,Success,Topup,7050,,9276846324,,,0,0,0,TJ9024100036357,TJA83102354191,81015677,81068428,,,,Madhusudan,ASPIRE TOURISM INDIA PRIVATE LIMITED
05-09-2024 11:45,TJ9050100011133,RAIL,Deposit,Refund,,7050,,,146878.56,,Success,Topup,7050,,2027213735,,,0,0,0,TJ9050100011133,TJA78102354198,81015677,81068428,,,,Madhusudan,ASPIRE TOURISM INDIA PRIVATE LIMITED
05-09-2024 11:45,TJ9029100104824,RAIL,Deposit,Refund,,7050,,,153928.56,,Success,Topup,7050,,3468632022,,,0,0,0,TJ9029100104824,TJA28102354205,81015677,81068428,,,,Madhusudan,ASPIRE TOURISM INDIA PRIVATE LIMITED
05-09-2024 11:45,TJ9094100037700,RAIL,Deposit,Refund,,7050,,,160978.56,,Success,Topup,7050,,6569364873,,,0,0,0,TJ9094100037700,TJA10102354221,81015677,81068428,,,,Madhusudan,ASPIRE TOURISM INDIA PRIVATE LIMITED
05-09-2024 14:06,TJ1191102369737,AIR,Deposit,Paid For Order,145110,,,,15868.56,,Success,,145110,,4810701123,,,0,0,0,TJ1191102369737,,81068428,81068428,,,,ASPIRE TOURISM INDIA PRIVATE LIMITED,ASPIRE TOURISM INDIA PRIVATE LIMITED
,,,,,,,,,,,,,,,,,,,,,,,,,,,,,
07-09-2024 10:43,TJ9062101368865,RAIL,Deposit,Refund,,3510,,,19378.56,,Success,Topup,3510,,4571071829,,,0,0,0,TJ9062101368865,TJA67102541574,81068428,81068428,,,,ASPIRE TOURISM INDIA PRIVATE LIMITED,ASPIRE TOURISM INDIA PRIVATE LIMITED
07-09-2024 10:44,TJ9026101369171,RAIL,Deposit,Refund,,3510,,,22888.56,,Success,Topup,3510,,9291702845,,,0,0,0,TJ9026101369171,TJA57102541795,81068428,81068428,,,,ASPIRE TOURISM INDIA PRIVATE LIMITED,ASPIRE TOURISM INDIA PRIVATE LIMITED
07-09-2024 10:45,TJ9049101369419,RAIL,Deposit,Refund,,3510,,,26398.56,,Success,Topup,3510,,1461441753,,,0,0,0,TJ9049101369419,TJA79102541879,81068428,81068428,,,,ASPIRE TOURISM INDIA PRIVATE LIMITED,ASPIRE TOURISM INDIA PRIVATE LIMITED
07-09-2024 10:46,TJ9050101369662,RAIL,Deposit,Refund,,3510,,,29908.56,,Success,Topup,3510,,9614098476,,,0,0,0,TJ9050101369662,TJA44102541972,81068428,81068428,,,,ASPIRE TOURISM INDIA PRIVATE LIMITED,ASPIRE TOURISM INDIA PRIVATE LIMITED
07-09-2024 10:47,TJ9029101370014,RAIL,Deposit,Refund,,3510,,,33418.56,,Success,Topup,3510,,0339499754,,,0,0,0,TJ9029101370014,TJA58102542043,81068428,81068428,,,,ASPIRE TOURISM INDIA PRIVATE LIMITED,ASPIRE TOURISM INDIA PRIVATE LIMITED
07-09-2024 10:48,TJ9035101370285,RAIL,Deposit,Refund,,3510,,,36928.56,,Success,Topup,3510,,6380849762,,,0,0,0,TJ9035101370285,TJA59102542095,81068428,81068428,,,,ASPIRE TOURISM INDIA PRIVATE LIMITED,ASPIRE TOURISM INDIA PRIVATE LIMITED
07-09-2024 10:49,TJ9000101370679,RAIL,Deposit,Refund,,3510,,,40438.56,,Success,Topup,3510,,1068478568,,,0,0,0,TJ9000101370679,TJA84102542166,81068428,81068428,,,,ASPIRE TOURISM INDIA PRIVATE LIMITED,ASPIRE TOURISM INDIA PRIVATE LIMITED
07-09-2024 10:50,TJ9008101370874,RAIL,Deposit,Refund,,1755,,,42193.56,,Success,Topup,1755,,8910399653,,,0,0,0,TJ9008101370874,TJA67102542261,81068428,81068428,,,,ASPIRE TOURISM INDIA PRIVATE LIMITED,ASPIRE TOURISM INDIA PRIVATE LIMITED
07-09-2024 11:00,TJ9034101371783,RAIL,Deposit,Refund,,5910,,,48103.56,,Success,Topup,5910,,1029146357,,,0,0,0,TJ9034101371783,TJA88102543029,81068428,81068428,,,,ASPIRE TOURISM INDIA PRIVATE LIMITED,ASPIRE TOURISM INDIA PRIVATE LIMITED
07-09-2024 11:03,TJ9082101372538,RAIL,Deposit,Refund,,5910,,,54013.56,,Success,Topup,5910,,7779033375,,,0,0,0,TJ9082101372538,TJA58102543386,81068428,81068428,,,,ASPIRE TOURISM INDIA PRIVATE LIMITED,ASPIRE TOURISM INDIA PRIVATE LIMITED
07-09-2024 11:09,TJ9011101373919,RAIL,Deposit,Refund,,5910,,,59923.56,,Success,Topup,5910,,8074275623,,,0,0,0,TJ9011101373919,TJA29102543984,81068428,81068428,,,,ASPIRE TOURISM INDIA PRIVATE LIMITED,ASPIRE TOURISM INDIA PRIVATE LIMITED
07-09-2024 11:10,TJ9010101377916,RAIL,Deposit,Refund,,5910,,,65833.56,,Success,Topup,5910,,9838207334,,,0,0,0,TJ9010101377916,TJA20102544111,81068428,81068428,,,,ASPIRE TOURISM INDIA PRIVATE LIMITED,ASPIRE TOURISM INDIA PRIVATE LIMITED
07-09-2024 11:12,TJ9074101372998,RAIL,Deposit,Refund,,5910,,,71743.56,,Success,Topup,5910,,0252159863,,,0,0,0,TJ9074101372998,TJA70102544410,81068428,81068428,,,,ASPIRE TOURISM INDIA PRIVATE LIMITED,ASPIRE TOURISM INDIA PRIVATE LIMITED
07-09-2024 11:13,TJ9075101373265,RAIL,Deposit,Refund,,5910,,,77653.56,,Success,Topup,5910,,8274807243,,,0,0,0,TJ9075101373265,TJA10102544483,81068428,81068428,,,,ASPIRE TOURISM INDIA PRIVATE LIMITED,ASPIRE TOURISM INDIA PRIVATE LIMITED
07-09-2024 11:14,TJ9059101378037,RAIL,Deposit,Refund,,2955,,,80608.56,,Success,Topup,2955,,2816449185,,,0,0,0,TJ9059101378037,TJA46102544612,81068428,81068428,,,,ASPIRE TOURISM INDIA PRIVATE LIMITED,ASPIRE TOURISM INDIA PRIVATE LIMITED
07-09-2024 12:12,TJ9023102550629,RAIL,Deposit,Paid For Order,118.15,,,,80490.41,,Success,,118.15,,0987876810,,,0,0,0,TJ9023102550629,,81068428,81068428,,,,ASPIRE TOURISM INDIA PRIVATE LIMITED,ASPIRE TOURISM INDIA PRIVATE LIMITED
07-09-2024 12:26,TJ9067102552151,RAIL,Deposit,Paid For Order,7635.4,,,,72855.01,,Success,,7635.4,,8985213759,,,0,0,0,TJ9067102552151,,81068428,81068428,,,,ASPIRE TOURISM INDIA PRIVATE LIMITED,ASPIRE TOURISM INDIA PRIVATE LIMITED
07-09-2024 12:29,TJ9027102552062,RAIL,Deposit,Paid For Order,7635.4,,,,65219.61,,Success,,7635.4,,8335786157,,,0,0,0,TJ9027102552062,,81068428,81068428,,,,ASPIRE TOURISM INDIA PRIVATE LIMITED,ASPIRE TOURISM INDIA PRIVATE LIMITED
07-09-2024 12:35,TJ9086102553112,RAIL,Deposit,Paid For Order,7635.4,,,,57584.21,,Success,,7635.4,,6870735960,,,0,0,0,TJ9086102553112,,81068428,81068428,,,,ASPIRE TOURISM INDIA PRIVATE LIMITED,ASPIRE TOURISM INDIA PRIVATE LIMITED
07-09-2024 12:43,TJ9046102554048,RAIL,Deposit,Paid For Order,7635.4,,,,49948.81,,Success,,7635.4,,1549394684,,,0,0,0,TJ9046102554048,,81068428,81068428,,,,ASPIRE TOURISM INDIA PRIVATE LIMITED,ASPIRE TOURISM INDIA PRIVATE LIMITED
07-09-2024 12:45,TJ9035102554090,RAIL,Deposit,Paid For Order,7635.4,,,,42313.41,,Success,,7635.4,,8950363043,,,0,0,0,TJ9035102554090,,81068428,81068428,,,,ASPIRE TOURISM INDIA PRIVATE LIMITED,ASPIRE TOURISM INDIA PRIVATE LIMITED
07-09-2024 12:50,TJ9037102554825,RAIL,Deposit,Paid For Order,7635.4,,,,34678.01,,Success,,7635.4,,8198722201,,,0,0,0,TJ9037102554825,,81068428,81068428,,,,ASPIRE TOURISM INDIA PRIVATE LIMITED,ASPIRE TOURISM INDIA PRIVATE LIMITED
07-09-2024 12:54,TJ9041102555163,RAIL,Deposit,Paid For Order,7635.4,,,,27042.61,,Success,,7635.4,,5865031169,,,0,0,0,TJ9041102555163,,81068428,81068428,,,,ASPIRE TOURISM INDIA PRIVATE LIMITED,ASPIRE TOURISM INDIA PRIVATE LIMITED
07-09-2024 12:56,TJ9069102555467,RAIL,Deposit,Paid For Order,7635.4,,,,19407.21,,Success,,7635.4,,6947406918,,,0,0,0,TJ9069102555467,,81068428,81068428,,,,ASPIRE TOURISM INDIA PRIVATE LIMITED,ASPIRE TOURISM INDIA PRIVATE LIMITED
07-09-2024 12:56,3089102555391,WALLET_TOPUP,Deposit,Topup,,16830,,,36237.21,,Success,,16830,,9992339501,Paid using: Payphi; Payment Fee: 0.00; Merchant Txn Id: 4400210192580,,0,0,0,3089102555391,,81068428,81068428,,,,ASPIRE TOURISM INDIA PRIVATE LIMITED,ASPIRE TOURISM INDIA PRIVATE LIMITED
07-09-2024 12:59,TJ9069102555817,RAIL,Deposit,Paid For Order,7635.4,,,,28601.81,,Success,,7635.4,,6570025710,,,0,0,0,TJ9069102555817,,81068428,81068428,,,,ASPIRE TOURISM INDIA PRIVATE LIMITED,ASPIRE TOURISM INDIA PRIVATE LIMITED
07-09-2024 13:03,TJ9057102556309,RAIL,Deposit,Paid For Order,5055.4,,,,23546.41,,Success,,5055.4,,0790392531,,,0,0,0,TJ9057102556309,,81068428,81068428,,,,ASPIRE TOURISM INDIA PRIVATE LIMITED,ASPIRE TOURISM INDIA PRIVATE LIMITED
07-09-2024 13:04,TJ9009102556463,RAIL,Deposit,Paid For Order,7635.4,,,,15911.01,,Success,,7635.4,,5077763107,,,0,0,0,TJ9009102556463,,81068428,81068428,,,,ASPIRE TOURISM INDIA PRIVATE LIMITED,ASPIRE TOURISM INDIA PRIVATE LIMITED
07-09-2024 13:07,TJ9022102556837,RAIL,Deposit,Paid For Order,4220.4,,,,11690.61,,Success,,4220.4,,9381533163,,,0,0,0,TJ9022102556837,,81068428,81068428,,,,ASPIRE TOURISM INDIA PRIVATE LIMITED,ASPIRE TOURISM INDIA PRIVATE LIMITED
07-09-2024 13:09,TJ9091102556920,RAIL,Deposit,Paid For Order,7635.4,,,,4055.21,,Success,,7635.4,,1386526744,,,0,0,0,TJ9091102556920,,81068428,81068428,,,,ASPIRE TOURISM INDIA PRIVATE LIMITED,ASPIRE TOURISM INDIA PRIVATE LIMITED
07-09-2024 13:24,TJ9022102556837,RAIL,Deposit,Refund,,645,,,4700.21,,Success,Topup,645,,0678601372,,,0,0,0,TJ9022102556837,TJA31102558688,81068428,81068428,,,,ASPIRE TOURISM INDIA PRIVATE LIMITED,ASPIRE TOURISM INDIA PRIVATE LIMITED
07-09-2024 13:52,3088102561574,WALLET_TOPUP,Deposit,Topup,,8440,,,13140.21,,Success,,8440,,0163756031,Paid using: Payphi; Payment Fee: 0.00; Merchant Txn Id: 4400210219918,,0,0,0,3088102561574,,81068428,81068428,,,,ASPIRE TOURISM INDIA PRIVATE LIMITED,ASPIRE TOURISM INDIA PRIVATE LIMITED
07-09-2024 13:52,TJ9060102557211,RAIL,Deposit,Paid For Order,5105.4,,,,8034.81,,Success,,5105.4,,4197707306,,,0,0,0,TJ9060102557211,,81068428,81068428,,,,ASPIRE TOURISM INDIA PRIVATE LIMITED,ASPIRE TOURISM INDIA PRIVATE LIMITED
07-09-2024 14:17,TJ9032102564348,RAIL,Deposit,Paid For Order,4155.4,,,,3879.41,,Success,,4155.4,,6831099299,,,0,0,0,TJ9032102564348,,81068428,81068428,,,,ASPIRE TOURISM INDIA PRIVATE LIMITED,ASPIRE TOURISM INDIA PRIVATE LIMITED
07-09-2024 14:22,TJ9025102564802,RAIL,Deposit,Paid For Order,3470.4,,,,409.01,,Success,,3470.4,,5017704821,,,0,0,0,TJ9025102564802,,81068428,81068428,,,,ASPIRE TOURISM INDIA PRIVATE LIMITED,ASPIRE TOURISM INDIA PRIVATE LIMITED
07-09-2024 14:27,TJ9060102557211,RAIL,Deposit,Reverse,,5105.4,,,5514.41,,Success,Topup,5105.4,,5273073949,,,0,0,0,TJ9060102557211,,,81068428,,,,,ASPIRE TOURISM INDIA PRIVATE LIMITED
07-09-2024 14:45,TJ9063102567167,RAIL,Deposit,Paid For Order,5105.4,,,,409.01,,Success,,5105.4,,9564149950,,,0,0,0,TJ9063102567167,,81068428,81068428,,,,ASPIRE TOURISM INDIA PRIVATE LIMITED,ASPIRE TOURISM INDIA PRIVATE LIMITED
07-09-2024 17:44,TJ9016101373646,RAIL,Deposit,Refund,,5910,,,6319.01,,Success,Topup,5910,,4181449030,,,0,0,0,TJ9016101373646,TJA87102543597,81068428,81068428,,,,ASPIRE TOURISM INDIA PRIVATE LIMITED,ASPIRE TOURISM INDIA PRIVATE LIMITED
08-09-2024 10:05,3027102618968,WALLET_TOPUP,Deposit,Topup,,9200,,,15519.01,,Success,,9200,,7448194753,Paid using: Payphi; Payment Fee: 0.00; Merchant Txn Id: 2200210406542,,0,0,0,3027102618968,,81068428,81068428,,,,ASPIRE TOURISM INDIA PRIVATE LIMITED,ASPIRE TOURISM INDIA PRIVATE LIMITED
08-09-2024 10:09,TJ9007102619251,RAIL,Deposit,Paid For Order,5055.4,,,,10463.61,,Success,,5055.4,,9744887619,,,0,0,0,TJ9007102619251,,81068428,81068428,,,,ASPIRE TOURISM INDIA PRIVATE LIMITED,ASPIRE TOURISM INDIA PRIVATE LIMITED
08-09-2024 10:14,TJ9089102619682,RAIL,Deposit,Paid For Order,4155.4,,,,6308.21,,Success,,4155.4,,7476782462,,,0,0,0,TJ9089102619682,,81068428,81068428,,,,ASPIRE TOURISM INDIA PRIVATE LIMITED,ASPIRE TOURISM INDIA PRIVATE LIMITED
09-09-2024 19:42,3024102753001,WALLET_TOPUP,Deposit,Topup,,1700,,,8008.21,,Success,,1700,,1581786356,Paid using: Payphi; Payment Fee: 0.00; Merchant Txn Id: 4400210968439,,0,0,0,3024102753001,,81068428,81068428,,,,ASPIRE TOURISM INDIA PRIVATE LIMITED,ASPIRE TOURISM INDIA PRIVATE LIMITED
11-09-2024 15:14,TJ9015102931324,RAIL,Deposit,Paid For Order,6525.4,,,,1482.81,,Success,,6525.4,,6602148533,,,0,0,0,TJ9015102931324,,81068428,81068428,,,,ASPIRE TOURISM INDIA PRIVATE LIMITED,ASPIRE TOURISM INDIA PRIVATE LIMITED
11-09-2024 15:30,3081102933338,WALLET_TOPUP,Deposit,Topup,,50000,,,51482.81,,Success,,50000,,5319816575,Paid using: Payphi; Payment Fee: 0.00; Merchant Txn Id: 4400211499602,,0,0,0,3081102933338,,81068428,81068428,,,,ASPIRE TOURISM INDIA PRIVATE LIMITED,ASPIRE TOURISM INDIA PRIVATE LIMITED
11-09-2024 15:31,TJ9073102932981,RAIL,Deposit,Paid For Order,6525.4,,,,44957.41,,Success,,6525.4,,8860860756,,,0,0,0,TJ9073102932981,,81068428,81068428,,,,ASPIRE TOURISM INDIA PRIVATE LIMITED,ASPIRE TOURISM INDIA PRIVATE LIMITED
11-09-2024 15:45,TJ9055102934776,RAIL,Deposit,Paid For Order,10065.4,,,,34892.01,,Success,,10065.4,,1813204343,,,0,0,0,TJ9055102934776,,81068428,81068428,,,,ASPIRE TOURISM INDIA PRIVATE LIMITED,ASPIRE TOURISM INDIA PRIVATE LIMITED
11-09-2024 15:47,TJ9015102931324,RAIL,Deposit,Reverse,,6525.4,,,41417.41,,Success,Topup,6525.4,,7191287326,,,0,0,0,TJ9015102931324,,,81068428,,,,,ASPIRE TOURISM INDIA PRIVATE LIMITED
11-09-2024 16:00,TJ9095102937076,RAIL,Deposit,Paid For Order,6525.4,,,,34892.01,,Success,,6525.4,,4554437418,,,0,0,0,TJ9095102937076,,81068428,81068428,,,,ASPIRE TOURISM INDIA PRIVATE LIMITED,ASPIRE TOURISM INDIA PRIVATE LIMITED
11-09-2024 16:07,TJ9073102932981,RAIL,Deposit,Reverse,,6525.4,,,41417.41,,Success,Topup,6525.4,,2527525808,,,0,0,0,TJ9073102932981,,,81068428,,,,,ASPIRE TOURISM INDIA PRIVATE LIMITED
11-09-2024 16:08,TJ9042102938051,RAIL,Deposit,Paid For Order,6525.4,,,,34892.01,,Success,,6525.4,,8122740882,,,0,0,0,TJ9042102938051,,81068428,81068428,,,,ASPIRE TOURISM INDIA PRIVATE LIMITED,ASPIRE TOURISM INDIA PRIVATE LIMITED
11-09-2024 16:12,TJ9040102938610,RAIL,Deposit,Paid For Order,6525.4,,,,28366.61,,Success,,6525.4,,7134346301,,,0,0,0,TJ9040102938610,,81068428,81068428,,,,ASPIRE TOURISM INDIA PRIVATE LIMITED,ASPIRE TOURISM INDIA PRIVATE LIMITED
11-09-2024 16:20,TJ9093102939447,RAIL,Deposit,Paid For Order,6525.4,,,,21841.21,,Success,,6525.4,,4660400812,,,0,0,0,TJ9093102939447,,81068428,81068428,,,,ASPIRE TOURISM INDIA PRIVATE LIMITED,ASPIRE TOURISM INDIA PRIVATE LIMITED
11-09-2024 16:24,TJ9079102940067,RAIL,Deposit,Paid For Order,6525.4,,,,15315.81,,Success,,6525.4,,6584562664,,,0,0,0,TJ9079102940067,,81068428,81068428,,,,ASPIRE TOURISM INDIA PRIVATE LIMITED,ASPIRE TOURISM INDIA PRIVATE LIMITED
11-09-2024 16:30,TJ9033102940803,RAIL,Deposit,Paid For Order,6525.4,,,,8790.41,,Success,,6525.4,,0005312936,,,0,0,0,TJ9033102940803,,81068428,81068428,,,,ASPIRE TOURISM INDIA PRIVATE LIMITED,ASPIRE TOURISM INDIA PRIVATE LIMITED
11-09-2024 16:35,TJ9099102941514,RAIL,Deposit,Paid For Order,6525.4,,,,2265.01,,Success,,6525.4,,9466840491,,,0,0,0,TJ9099102941514,,81068428,81068428,,,,ASPIRE TOURISM INDIA PRIVATE LIMITED,ASPIRE TOURISM INDIA PRIVATE LIMITED
11-09-2024 16:55,3036102944002,WALLET_TOPUP,Netbanking,Topup,30000,,,,0,,Failure,,30000,,5724952944,Paid using: Payphi; Payment Fee: 0.00; Failure reason: Awaiting user action,Payment failed due to a delayed response from the gateway,0,0,0,3036102944002,,81068428,81068428,,,,ASPIRE TOURISM INDIA PRIVATE LIMITED,ASPIRE TOURISM INDIA PRIVATE LIMITED
11-09-2024 16:57,3053102944449,WALLET_TOPUP,Deposit,Topup,,30000,,,32265.01,,Success,,30000,,7241618304,Paid using: Payphi; Payment Fee: 0.00; Merchant Txn Id: 4400211529191,,0,0,0,3053102944449,,81068428,81068428,,,,ASPIRE TOURISM INDIA PRIVATE LIMITED,ASPIRE TOURISM INDIA PRIVATE LIMITED
11-09-2024 17:02,TJ9051102945198,RAIL,Deposit,Paid For Order,6525.4,,,,25739.61,,Success,,6525.4,,5214248162,,,0,0,0,TJ9051102945198,,81068428,81068428,,,,ASPIRE TOURISM INDIA PRIVATE LIMITED,ASPIRE TOURISM INDIA PRIVATE LIMITED
11-09-2024 17:10,TJ9062102946092,RAIL,Deposit,Paid For Order,6525.4,,,,19214.21,,Success,,6525.4,,8461753434,,,0,0,0,TJ9062102946092,,81068428,81068428,,,,ASPIRE TOURISM INDIA PRIVATE LIMITED,ASPIRE TOURISM INDIA PRIVATE LIMITED
11-09-2024 17:15,TJ9046102946699,RAIL,Deposit,Paid For Order,6525.4,,,,12688.81,,Success,,6525.4,,1986740985,,,0,0,0,TJ9046102946699,,81068428,81068428,,,,ASPIRE TOURISM INDIA PRIVATE LIMITED,ASPIRE TOURISM INDIA PRIVATE LIMITED
11-09-2024 17:20,TJ9004102947195,RAIL,Deposit,Paid For Order,6525.4,,,,6163.41,,Success,,6525.4,,2785260360,,,0,0,0,TJ9004102947195,,81068428,81068428,,,,ASPIRE TOURISM INDIA PRIVATE LIMITED,ASPIRE TOURISM INDIA PRIVATE LIMITED
11-09-2024 17:27,TJ9048102947932,RAIL,Deposit,Paid For Order,4365.4,,,,1798.01,,Success,,4365.4,,2222953220,,,0,0,0,TJ9048102947932,,81068428,81068428,,,,ASPIRE TOURISM INDIA PRIVATE LIMITED,ASPIRE TOURISM INDIA PRIVATE LIMITED
11-09-2024 19:20,3015102959680,WALLET_TOPUP,Deposit,Topup,,5000,,,6798.01,,Success,,5000,,1504518364,Paid using: Payphi; Payment Fee: 0.00; Merchant Txn Id: 4400211565213,,0,0,0,3015102959680,,81068428,81068428,,,,ASPIRE TOURISM INDIA PRIVATE LIMITED,ASPIRE TOURISM INDIA PRIVATE LIMITED
11-09-2024 20:09,3099102962968,WALLET_TOPUP,Netbanking,Topup,75000,,,,0,,Failure,,75000,,9109331354,Payment Failed. Paid using: hdfc_ccavenue; Payment Fee: 0.00; Failure reason: ,,0,0,0,3099102962968,,81068428,81068428,,,,ASPIRE TOURISM INDIA PRIVATE LIMITED,ASPIRE TOURISM INDIA PRIVATE LIMITED
11-09-2024 20:51,TJ9082102967848,RAIL,Deposit,Paid For Order,4695.4,,,,2102.61,,Success,,4695.4,,5713418456,,,0,0,0,TJ9082102967848,,81068428,81068428,,,,ASPIRE TOURISM INDIA PRIVATE LIMITED,ASPIRE TOURISM INDIA PRIVATE LIMITED
11-09-2024 21:14,3064102969553,WALLET_TOPUP,Netbanking,Topup,30000,,,,0,,Failure,,30000,,8381410449,Payment Failed. Paid using: hdfc_ccavenue; Payment Fee: 0.00; Failure reason: ,,0,0,0,3064102969553,,81068428,81068428,,,,ASPIRE TOURISM INDIA PRIVATE LIMITED,ASPIRE TOURISM INDIA PRIVATE LIMITED
11-09-2024 21:24,3097102969977,WALLET_TOPUP,Deposit,Topup,,30000,,,32102.61,,Success,,30000,,6234812608,Paid using: hdfc_ccavenue; Payment Fee: 0.00; Merchant Txn Id: 113457749000,,0,0,0,3097102969977,,81068428,81068428,,,,ASPIRE TOURISM INDIA PRIVATE LIMITED,ASPIRE TOURISM INDIA PRIVATE LIMITED
11-09-2024 21:33,TJ9066102971017,RAIL,Deposit,Paid For Order,4695.4,,,,27407.21,,Success,,4695.4,,9078708280,,,0,0,0,TJ9066102971017,,81068428,81068428,,,,ASPIRE TOURISM INDIA PRIVATE LIMITED,ASPIRE TOURISM INDIA PRIVATE LIMITED
11-09-2024 21:37,TJ9048102971354,RAIL,Deposit,Paid For Order,4695.4,,,,22711.81,,Success,,4695.4,,4595168501,,,0,0,0,TJ9048102971354,,81068428,81068428,,,,ASPIRE TOURISM INDIA PRIVATE LIMITED,ASPIRE TOURISM INDIA PRIVATE LIMITED
11-09-2024 21:42,TJ9067102971712,RAIL,Deposit,Paid For Order,4695.4,,,,18016.41,,Success,,4695.4,,5427899554,,,0,0,0,TJ9067102971712,,81068428,81068428,,,,ASPIRE TOURISM INDIA PRIVATE LIMITED,ASPIRE TOURISM INDIA PRIVATE LIMITED
11-09-2024 21:46,TJ9085102971980,RAIL,Deposit,Paid For Order,4695.4,,,,13321.01,,Success,,4695.4,,5624768048,,,0,0,0,TJ9085102971980,,81068428,81068428,,,,ASPIRE TOURISM INDIA PRIVATE LIMITED,ASPIRE TOURISM INDIA PRIVATE LIMITED
11-09-2024 21:50,TJ9004102972207,RAIL,Deposit,Paid For Order,4695.4,,,,8625.61,,Success,,4695.4,,1848621836,,,0,0,0,TJ9004102972207,,81068428,81068428,,,,ASPIRE TOURISM INDIA PRIVATE LIMITED,ASPIRE TOURISM INDIA PRIVATE LIMITED
11-09-2024 21:54,TJ9023102972505,RAIL,Deposit,Paid For Order,4695.4,,,,3930.21,,Success,,4695.4,,4569466218,,,0,0,0,TJ9023102972505,,81068428,81068428,,,,ASPIRE TOURISM INDIA PRIVATE LIMITED,ASPIRE TOURISM INDIA PRIVATE LIMITED
11-09-2024 21:58,TJ9070102972785,RAIL,Deposit,Paid For Order,4695.4,,,,0,,Failure,,4695.4,,5242029405,Insufficient Balance. ,,0,0,0,TJ9070102972785,,81068428,81068428,,,,ASPIRE TOURISM INDIA PRIVATE LIMITED,ASPIRE TOURISM INDIA PRIVATE LIMITED
11-09-2024 22:01,3021102972855,WALLET_TOPUP,Deposit,Topup,,75000,,,78930.21,,Success,,75000,,5679520511,Paid using: hdfc_ccavenue; Payment Fee: 0.00; Merchant Txn Id: 113457794033,,0,0,0,3021102972855,,81068428,81068428,,,,ASPIRE TOURISM INDIA PRIVATE LIMITED,ASPIRE TOURISM INDIA PRIVATE LIMITED
11-09-2024 22:05,TJ9038102973261,RAIL,Deposit,Paid For Order,4695.4,,,,74234.81,,Success,,4695.4,,2904557140,,,0,0,0,TJ9038102973261,,81068428,81068428,,,,ASPIRE TOURISM INDIA PRIVATE LIMITED,ASPIRE TOURISM INDIA PRIVATE LIMITED
11-09-2024 22:12,TJ9056102973755,RAIL,Deposit,Paid For Order,4695.4,,,,69539.41,,Success,,4695.4,,8602164782,,,0,0,0,TJ9056102973755,,81068428,81068428,,,,ASPIRE TOURISM INDIA PRIVATE LIMITED,ASPIRE TOURISM INDIA PRIVATE LIMITED
11-09-2024 22:16,TJ9028102974074,RAIL,Deposit,Paid For Order,4695.4,,,,64844.01,,Success,,4695.4,,4639699202,,,0,0,0,TJ9028102974074,,81068428,81068428,,,,ASPIRE TOURISM INDIA PRIVATE LIMITED,ASPIRE TOURISM INDIA PRIVATE LIMITED
11-09-2024 22:20,TJ9092102974305,RAIL,Deposit,Paid For Order,4695.4,,,,60148.61,,Success,,4695.4,,2882309099,,,0,0,0,TJ9092102974305,,81068428,81068428,,,,ASPIRE TOURISM INDIA PRIVATE LIMITED,ASPIRE TOURISM INDIA PRIVATE LIMITED
11-09-2024 22:24,TJ9058102974560,RAIL,Deposit,Paid For Order,1595.4,,,,58553.21,,Success,,1595.4,,3808986244,,,0,0,0,TJ9058102974560,,81068428,81068428,,,,ASPIRE TOURISM INDIA PRIVATE LIMITED,ASPIRE TOURISM INDIA PRIVATE LIMITED
11-09-2024 22:32,3027102974960,WALLET_TOPUP,Deposit,Topup,,25000,,,83553.21,,Success,,25000,,5068306183,Paid using: hdfc_ccavenue; Payment Fee: 0.00; Merchant Txn Id: 113457822671,,0,0,0,3027102974960,,81068428,81068428,,,,ASPIRE TOURISM INDIA PRIVATE LIMITED,ASPIRE TOURISM INDIA PRIVATE LIMITED
12-09-2024 14:12,TJ9096103023427,RAIL,Deposit,Paid For Order,217.7,,,,83335.51,,Success,,217.7,,8698533690,,,0,0,0,TJ9096103023427,,81068428,81068428,,,,ASPIRE TOURISM INDIA PRIVATE LIMITED,ASPIRE TOURISM INDIA PRIVATE LIMITED
12-09-2024 14:47,TJ9096103023427,RAIL,Deposit,Reverse,,217.7,,,83553.21,,Success,Topup,217.7,,6723434987,,,0,0,0,TJ9096103023427,,,81068428,,,,,ASPIRE TOURISM INDIA PRIVATE LIMITED
12-09-2024 14:54,TJ9051103028093,RAIL,Deposit,Paid For Order,2370.4,,,,81182.81,,Success,,2370.4,,3895965370,,,0,0,0,TJ9051103028093,,81068428,81068428,,,,ASPIRE TOURISM INDIA PRIVATE LIMITED,ASPIRE TOURISM INDIA PRIVATE LIMITED
12-09-2024 17:00,TJ9087103042493,RAIL,Deposit,Paid For Order,6015.4,,,,75167.41,,Success,,6015.4,,4136081865,,,0,0,0,TJ9087103042493,,81068428,81068428,,,,ASPIRE TOURISM INDIA PRIVATE LIMITED,ASPIRE TOURISM INDIA PRIVATE LIMITED
12-09-2024 17:05,TJ9049103043069,RAIL,Deposit,Paid For Order,6015.4,,,,69152.01,,Success,,6015.4,,5162449042,,,0,0,0,TJ9049103043069,,81068428,81068428,,,,ASPIRE TOURISM INDIA PRIVATE LIMITED,ASPIRE TOURISM INDIA PRIVATE LIMITED
12-09-2024 17:09,TJ9035103043521,RAIL,Deposit,Paid For Order,6015.4,,,,63136.61,,Success,,6015.4,,0766857529,,,0,0,0,TJ9035103043521,,81068428,81068428,,,,ASPIRE TOURISM INDIA PRIVATE LIMITED,ASPIRE TOURISM INDIA PRIVATE LIMITED
12-09-2024 17:14,TJ9062103044038,RAIL,Deposit,Paid For Order,6015.4,,,,57121.21,,Success,,6015.4,,6219277200,,,0,0,0,TJ9062103044038,,81068428,81068428,,,,ASPIRE TOURISM INDIA PRIVATE LIMITED,ASPIRE TOURISM INDIA PRIVATE LIMITED
12-09-2024 17:19,TJ9026103044614,RAIL,Deposit,Paid For Order,6015.4,,,,51105.81,,Success,,6015.4,,9911282320,,,0,0,0,TJ9026103044614,,81068428,81068428,,,,ASPIRE TOURISM INDIA PRIVATE LIMITED,ASPIRE TOURISM INDIA PRIVATE LIMITED
12-09-2024 17:23,TJ9079103045066,RAIL,Deposit,Paid For Order,6015.4,,,,45090.41,,Success,,6015.4,,5685424017,,,0,0,0,TJ9079103045066,,81068428,81068428,,,,ASPIRE TOURISM INDIA PRIVATE LIMITED,ASPIRE TOURISM INDIA PRIVATE LIMITED
12-09-2024 17:57,TJ9079103045066,RAIL,Deposit,Reverse,,6015.4,,,51105.81,,Success,Topup,6015.4,,6675013871,,,0,0,0,TJ9079103045066,,,81068428,,,,,ASPIRE TOURISM INDIA PRIVATE LIMITED
12-09-2024 18:03,TJ9038103049336,RAIL,Deposit,Paid For Order,6015.4,,,,45090.41,,Success,,6015.4,,0132889354,,,0,0,0,TJ9038103049336,,81068428,81068428,,,,ASPIRE TOURISM INDIA PRIVATE LIMITED,ASPIRE TOURISM INDIA PRIVATE LIMITED
12-09-2024 18:07,TJ9036103049743,RAIL,Deposit,Paid For Order,6015.4,,,,39075.01,,Success,,6015.4,,4040638333,,,0,0,0,TJ9036103049743,,81068428,81068428,,,,ASPIRE TOURISM INDIA PRIVATE LIMITED,ASPIRE TOURISM INDIA PRIVATE LIMITED
12-09-2024 18:11,TJ9035103050172,RAIL,Deposit,Paid For Order,6015.4,,,,33059.61,,Success,,6015.4,,8440180884,,,0,0,0,TJ9035103050172,,81068428,81068428,,,,ASPIRE TOURISM INDIA PRIVATE LIMITED,ASPIRE TOURISM INDIA PRIVATE LIMITED
12-09-2024 18:16,TJ9022103050656,RAIL,Deposit,Paid For Order,6015.4,,,,27044.21,,Success,,6015.4,,7020622200,,,0,0,0,TJ9022103050656,,81068428,81068428,,,,ASPIRE TOURISM INDIA PRIVATE LIMITED,ASPIRE TOURISM INDIA PRIVATE LIMITED
12-09-2024 18:20,TJ9052103051149,RAIL,Deposit,Paid For Order,6015.4,,,,21028.81,,Success,,6015.4,,6201188469,,,0,0,0,TJ9052103051149,,81068428,81068428,,,,ASPIRE TOURISM INDIA PRIVATE LIMITED,ASPIRE TOURISM INDIA PRIVATE LIMITED
12-09-2024 18:24,TJ9048103051633,RAIL,Deposit,Paid For Order,6015.4,,,,15013.41,,Success,,6015.4,,5873015698,,,0,0,0,TJ9048103051633,,81068428,81068428,,,,ASPIRE TOURISM INDIA PRIVATE LIMITED,ASPIRE TOURISM INDIA PRIVATE LIMITED
12-09-2024 18:30,TJ9004103052436,RAIL,Deposit,Paid For Order,6015.4,,,,8998.01,,Success,,6015.4,,0425229075,,,0,0,0,TJ9004103052436,,81068428,81068428,,,,ASPIRE TOURISM INDIA PRIVATE LIMITED,ASPIRE TOURISM INDIA PRIVATE LIMITED
12-09-2024 18:56,TJ9015103054079,RAIL,Deposit,Paid For Order,5020.4,,,,3977.61,,Success,,5020.4,,1464896979,,,0,0,0,TJ9015103054079,,81068428,81068428,,,,ASPIRE TOURISM INDIA PRIVATE LIMITED,ASPIRE TOURISM INDIA PRIVATE LIMITED
13-09-2024 17:41,TJ9072103141930,RAIL,Deposit,Paid For Order,1040.4,,,,2937.21,,Success,,1040.4,,1942717815,,,0,0,0,TJ9072103141930,,81068428,81068428,,,,ASPIRE TOURISM INDIA PRIVATE LIMITED,ASPIRE TOURISM INDIA PRIVATE LIMITED
13-09-2024 17:44,TJ9067103142321,RAIL,Deposit,Paid For Order,820.4,,,,2116.81,,Success,,820.4,,9060370532,,,0,0,0,TJ9067103142321,,81068428,81068428,,,,ASPIRE TOURISM INDIA PRIVATE LIMITED,ASPIRE TOURISM INDIA PRIVATE LIMITED
14-09-2024 10:50,3066103192097,WALLET_TOPUP,Deposit,Topup,,4200,,,6316.81,,Success,,4200,,5905157849,Paid using: Payphi; Payment Fee: 0.00; Merchant Txn Id: 2200212334314,,0,0,0,3066103192097,,81068428,81068428,,,,ASPIRE TOURISM INDIA PRIVATE LIMITED,ASPIRE TOURISM INDIA PRIVATE LIMITED
14-09-2024 10:58,TJ9035103192965,RAIL,Deposit,Paid For Order,3075.4,,,,3241.41,,Success,,3075.4,,9987201757,,,0,0,0,TJ9035103192965,,81068428,81068428,,,,ASPIRE TOURISM INDIA PRIVATE LIMITED,ASPIRE TOURISM INDIA PRIVATE LIMITED
14-09-2024 11:08,TJ9092103193874,RAIL,Deposit,Paid For Order,1055.4,,,,2186.01,,Success,,1055.4,,2944050231,,,0,0,0,TJ9092103193874,,81068428,81068428,,,,ASPIRE TOURISM INDIA PRIVATE LIMITED,ASPIRE TOURISM INDIA PRIVATE LIMITED
14-09-2024 11:47,TJ9092103193874,RAIL,Deposit,Reverse,,1055.4,,,3241.41,,Success,Topup,1055.4,,7590863542,,,0,0,0,TJ9092103193874,,,81068428,,,,,ASPIRE TOURISM INDIA PRIVATE LIMITED
16-09-2024 11:52,3029103346225,WALLET_TOPUP,Deposit,Topup,,12050,,,15291.41,,Success,,12050,,0081466912,Paid using: hdfc_ccavenue; Payment Fee: 0.00; Merchant Txn Id: 113463829369,,0,0,0,3029103346225,,81068428,81068428,,,,ASPIRE TOURISM INDIA PRIVATE LIMITED,ASPIRE TOURISM INDIA PRIVATE LIMITED
16-09-2024 12:12,TJ9087103348932,RAIL,Deposit,Paid For Order,747.7,,,,14543.71,,Success,,747.7,,1762329930,,,0,0,0,TJ9087103348932,,81068428,81068428,,,,ASPIRE TOURISM INDIA PRIVATE LIMITED,ASPIRE TOURISM INDIA PRIVATE LIMITED
16-09-2024 12:22,TJ9088103350410,RAIL,Deposit,Paid For Order,747.7,,,,13796.01,,Success,,747.7,,4272233712,,,0,0,0,TJ9088103350410,,81068428,81068428,,,,ASPIRE TOURISM INDIA PRIVATE LIMITED,ASPIRE TOURISM INDIA PRIVATE LIMITED
16-09-2024 12:44,TJ9063103353408,RAIL,Deposit,Paid For Order,747.7,,,,13048.31,,Success,,747.7,,9143178948,,,0,0,0,TJ9063103353408,,81068428,81068428,,,,ASPIRE TOURISM INDIA PRIVATE LIMITED,ASPIRE TOURISM INDIA PRIVATE LIMITED
16-09-2024 12:47,TJ9012103353779,RAIL,Deposit,Paid For Order,747.7,,,,12300.61,,Success,,747.7,,8068606989,,,0,0,0,TJ9012103353779,,81068428,81068428,,,,ASPIRE TOURISM INDIA PRIVATE LIMITED,ASPIRE TOURISM INDIA PRIVATE LIMITED
16-09-2024 12:52,TJ9055103354341,RAIL,Deposit,Paid For Order,747.7,,,,11552.91,,Success,,747.7,,7150404639,,,0,0,0,TJ9055103354341,,81068428,81068428,,,,ASPIRE TOURISM INDIA PRIVATE LIMITED,ASPIRE TOURISM INDIA PRIVATE LIMITED
16-09-2024 12:54,TJ9086103354678,RAIL,Deposit,Paid For Order,747.7,,,,10805.21,,Success,,747.7,,3196450506,,,0,0,0,TJ9086103354678,,81068428,81068428,,,,ASPIRE TOURISM INDIA PRIVATE LIMITED,ASPIRE TOURISM INDIA PRIVATE LIMITED
16-09-2024 13:00,TJ9043103355445,RAIL,Deposit,Paid For Order,747.7,,,,10057.51,,Success,,747.7,,0286849685,,,0,0,0,TJ9043103355445,,81068428,81068428,,,,ASPIRE TOURISM INDIA PRIVATE LIMITED,ASPIRE TOURISM INDIA PRIVATE LIMITED
16-09-2024 13:03,TJ9095103355815,RAIL,Deposit,Paid For Order,747.7,,,,9309.81,,Success,,747.7,,8130797397,,,0,0,0,TJ9095103355815,,81068428,81068428,,,,ASPIRE TOURISM INDIA PRIVATE LIMITED,ASPIRE TOURISM INDIA PRIVATE LIMITED
16-09-2024 13:06,TJ9031103356273,RAIL,Deposit,Paid For Order,747.7,,,,8562.11,,Success,,747.7,,3752793154,,,0,0,0,TJ9031103356273,,81068428,81068428,,,,ASPIRE TOURISM INDIA PRIVATE LIMITED,ASPIRE TOURISM INDIA PRIVATE LIMITED
16-09-2024 13:09,TJ9082103356605,RAIL,Deposit,Paid For Order,747.7,,,,7814.41,,Success,,747.7,,1104285058,,,0,0,0,TJ9082103356605,,81068428,81068428,,,,ASPIRE TOURISM INDIA PRIVATE LIMITED,ASPIRE TOURISM INDIA PRIVATE LIMITED
16-09-2024 13:12,TJ9040103356939,RAIL,Deposit,Paid For Order,747.7,,,,7066.71,,Success,,747.7,,7637437550,,,0,0,0,TJ9040103356939,,81068428,81068428,,,,ASPIRE TOURISM INDIA PRIVATE LIMITED,ASPIRE TOURISM INDIA PRIVATE LIMITED
16-09-2024 13:16,TJ9026103357335,RAIL,Deposit,Paid For Order,747.7,,,,6319.01,,Success,,747.7,,2090629762,,,0,0,0,TJ9026103357335,,81068428,81068428,,,,ASPIRE TOURISM INDIA PRIVATE LIMITED,ASPIRE TOURISM INDIA PRIVATE LIMITED
16-09-2024 13:20,TJ9085103357764,RAIL,Deposit,Paid For Order,747.7,,,,5571.31,,Success,,747.7,,6287702272,,,0,0,0,TJ9085103357764,,81068428,81068428,,,,ASPIRE TOURISM INDIA PRIVATE LIMITED,ASPIRE TOURISM INDIA PRIVATE LIMITED
16-09-2024 13:24,TJ9037103358179,RAIL,Deposit,Paid For Order,747.7,,,,4823.61,,Success,,747.7,,3146520336,,,0,0,0,TJ9037103358179,,81068428,81068428,,,,ASPIRE TOURISM INDIA PRIVATE LIMITED,ASPIRE TOURISM INDIA PRIVATE LIMITED
16-09-2024 13:27,TJ9075103358416,RAIL,Deposit,Paid For Order,747.7,,,,4075.91,,Success,,747.7,,8941403195,,,0,0,0,TJ9075103358416,,81068428,81068428,,,,ASPIRE TOURISM INDIA PRIVATE LIMITED,ASPIRE TOURISM INDIA PRIVATE LIMITED
16-09-2024 13:32,TJ9092103358965,RAIL,Deposit,Paid For Order,747.7,,,,3328.21,,Success,,747.7,,8502684067,,,0,0,0,TJ9092103358965,,81068428,81068428,,,,ASPIRE TOURISM INDIA PRIVATE LIMITED,ASPIRE TOURISM INDIA PRIVATE LIMITED
16-09-2024 13:36,TJ9083103359422,RAIL,Deposit,Paid For Order,747.7,,,,2580.51,,Success,,747.7,,6726079011,,,0,0,0,TJ9083103359422,,81068428,81068428,,,,ASPIRE TOURISM INDIA PRIVATE LIMITED,ASPIRE TOURISM INDIA PRIVATE LIMITED
16-09-2024 13:39,TJ9030103359744,RAIL,Deposit,Paid For Order,507.7,,,,2072.81,,Success,,507.7,,5531465377,,,0,0,0,TJ9030103359744,,81068428,81068428,,,,ASPIRE TOURISM INDIA PRIVATE LIMITED,ASPIRE TOURISM INDIA PRIVATE LIMITED
16-09-2024 14:40,TJ9018103365954,RAIL,Deposit,Paid For Order,747.7,,,,1325.11,,Success,,747.7,,8657350729,,,0,0,0,TJ9018103365954,,81068428,81068428,,,,ASPIRE TOURISM INDIA PRIVATE LIMITED,ASPIRE TOURISM INDIA PRIVATE LIMITED
16-09-2024 14:43,TJ9026103366286,RAIL,Deposit,Paid For Order,747.7,,,,577.41,,Success,,747.7,,3378382220,,,0,0,0,TJ9026103366286,,81068428,81068428,,,,ASPIRE TOURISM INDIA PRIVATE LIMITED,ASPIRE TOURISM INDIA PRIVATE LIMITED
16-09-2024 14:47,TJ9023103366659,RAIL,Deposit,Paid For Order,747.7,,,,0,,Failure,,747.7,,2149762750,Insufficient Balance. ,,0,0,0,TJ9023103366659,,81068428,81068428,,,,ASPIRE TOURISM INDIA PRIVATE LIMITED,ASPIRE TOURISM INDIA PRIVATE LIMITED
16-09-2024 14:51,3038103366966,WALLET_TOPUP,Deposit,Topup,,11700,,,12277.41,,Success,,11700,,7478944185,Paid using: Payphi; Payment Fee: 0.00; Merchant Txn Id: 4400213097197,,0,0,0,3038103366966,,81068428,81068428,,,,ASPIRE TOURISM INDIA PRIVATE LIMITED,ASPIRE TOURISM INDIA PRIVATE LIMITED
16-09-2024 14:56,TJ9028103367432,RAIL,Deposit,Paid For Order,10065.4,,,,2212.01,,Success,,10065.4,,5397361090,,,0,0,0,TJ9028103367432,,81068428,81068428,,,,ASPIRE TOURISM INDIA PRIVATE LIMITED,ASPIRE TOURISM INDIA PRIVATE LIMITED
16-09-2024 14:58,TJ9050103367740,RAIL,Deposit,Paid For Order,1715.4,,,,496.61,,Success,,1715.4,,3433840444,,,0,0,0,TJ9050103367740,,81068428,81068428,,,,ASPIRE TOURISM INDIA PRIVATE LIMITED,ASPIRE TOURISM INDIA PRIVATE LIMITED
16-09-2024 15:08,3037103368694,WALLET_TOPUP,Deposit,Topup,,15000,,,15496.61,,Success,,15000,,5131032127,Paid using: Payphi; Payment Fee: 0.00; Merchant Txn Id: 4400213105288,,0,0,0,3037103368694,,81068428,81068428,,,,ASPIRE TOURISM INDIA PRIVATE LIMITED,ASPIRE TOURISM INDIA PRIVATE LIMITED
16-09-2024 15:10,TJ9062103366716,RAIL,Deposit,Paid For Order,747.7,,,,14748.91,,Success,,747.7,,0945536309,,,0,0,0,TJ9062103366716,,81068428,81068428,,,,ASPIRE TOURISM INDIA PRIVATE LIMITED,ASPIRE TOURISM INDIA PRIVATE LIMITED
16-09-2024 15:43,TJ9006103372193,RAIL,Deposit,Paid For Order,747.7,,,,14001.21,,Success,,747.7,,7723830370,,,0,0,0,TJ9006103372193,,81068428,81068428,,,,ASPIRE TOURISM INDIA PRIVATE LIMITED,ASPIRE TOURISM INDIA PRIVATE LIMITED
16-09-2024 15:46,TJ9065103372598,RAIL,Deposit,Paid For Order,747.7,,,,13253.51,,Success,,747.7,,5956379682,,,0,0,0,TJ9065103372598,,81068428,81068428,,,,ASPIRE TOURISM INDIA PRIVATE LIMITED,ASPIRE TOURISM INDIA PRIVATE LIMITED
16-09-2024 15:47,TJ9062103366716,RAIL,Deposit,Reverse,,747.7,,,14001.21,,Success,Topup,747.7,,0969702969,,,0,0,0,TJ9062103366716,,,81068428,,,,,ASPIRE TOURISM INDIA PRIVATE LIMITED
16-09-2024 15:51,TJ9001103373059,RAIL,Deposit,Paid For Order,747.7,,,,13253.51,,Success,,747.7,,7943670214,,,0,0,0,TJ9001103373059,,81068428,81068428,,,,ASPIRE TOURISM INDIA PRIVATE LIMITED,ASPIRE TOURISM INDIA PRIVATE LIMITED
16-09-2024 15:56,TJ9004103373674,RAIL,Deposit,Paid For Order,747.7,,,,12505.81,,Success,,747.7,,7723771881,,,0,0,0,TJ9004103373674,,81068428,81068428,,,,ASPIRE TOURISM INDIA PRIVATE LIMITED,ASPIRE TOURISM INDIA PRIVATE LIMITED
16-09-2024 16:18,TJ9080103375653,RAIL,Deposit,Paid For Order,747.7,,,,11758.11,,Success,,747.7,,6534218148,,,0,0,0,TJ9080103375653,,81068428,81068428,,,,ASPIRE TOURISM INDIA PRIVATE LIMITED,ASPIRE TOURISM INDIA PRIVATE LIMITED
16-09-2024 16:24,TJ9078103376222,RAIL,Deposit,Paid For Order,747.7,,,,11010.41,,Success,,747.7,,0753463637,,,0,0,0,TJ9078103376222,,81068428,81068428,,,,ASPIRE TOURISM INDIA PRIVATE LIMITED,ASPIRE TOURISM INDIA PRIVATE LIMITED
16-09-2024 16:34,TJ9073103377185,RAIL,Deposit,Paid For Order,747.7,,,,10262.71,,Success,,747.7,,0609252119,,,0,0,0,TJ9073103377185,,81068428,81068428,,,,ASPIRE TOURISM INDIA PRIVATE LIMITED,ASPIRE TOURISM INDIA PRIVATE LIMITED
16-09-2024 16:40,TJ9056103377619,RAIL,Deposit,Paid For Order,747.7,,,,9515.01,,Success,,747.7,,5227524908,,,0,0,0,TJ9056103377619,,81068428,81068428,,,,ASPIRE TOURISM INDIA PRIVATE LIMITED,ASPIRE TOURISM INDIA PRIVATE LIMITED
16-09-2024 16:42,TJ9033103377860,RAIL,Deposit,Paid For Order,747.7,,,,8767.31,,Success,,747.7,,8800788004,,,0,0,0,TJ9033103377860,,81068428,81068428,,,,ASPIRE TOURISM INDIA PRIVATE LIMITED,ASPIRE TOURISM INDIA PRIVATE LIMITED
16-09-2024 16:45,TJ9008103378105,RAIL,Deposit,Paid For Order,747.7,,,,8019.61,,Success,,747.7,,7151093873,,,0,0,0,TJ9008103378105,,81068428,81068428,,,,ASPIRE TOURISM INDIA PRIVATE LIMITED,ASPIRE TOURISM INDIA PRIVATE LIMITED
16-09-2024 16:47,TJ9071103378335,RAIL,Deposit,Paid For Order,747.7,,,,7271.91,,Success,,747.7,,3183248516,,,0,0,0,TJ9071103378335,,81068428,81068428,,,,ASPIRE TOURISM INDIA PRIVATE LIMITED,ASPIRE TOURISM INDIA PRIVATE LIMITED
16-09-2024 16:51,TJ9022103378667,RAIL,Deposit,Paid For Order,747.7,,,,6524.21,,Success,,747.7,,1414265896,,,0,0,0,TJ9022103378667,,81068428,81068428,,,,ASPIRE TOURISM INDIA PRIVATE LIMITED,ASPIRE TOURISM INDIA PRIVATE LIMITED
16-09-2024 16:55,TJ9072103379067,RAIL,Deposit,Paid For Order,747.7,,,,5776.51,,Success,,747.7,,8763977445,,,0,0,0,TJ9072103379067,,81068428,81068428,,,,ASPIRE TOURISM INDIA PRIVATE LIMITED,ASPIRE TOURISM INDIA PRIVATE LIMITED
16-09-2024 16:58,TJ9062103379313,RAIL,Deposit,Paid For Order,747.7,,,,5028.81,,Success,,747.7,,7941498306,,,0,0,0,TJ9062103379313,,81068428,81068428,,,,ASPIRE TOURISM INDIA PRIVATE LIMITED,ASPIRE TOURISM INDIA PRIVATE LIMITED
16-09-2024 17:02,TJ9037103379691,RAIL,Deposit,Paid For Order,747.7,,,,4281.11,,Success,,747.7,,7510225467,,,0,0,0,TJ9037103379691,,81068428,81068428,,,,ASPIRE TOURISM INDIA PRIVATE LIMITED,ASPIRE TOURISM INDIA PRIVATE LIMITED
16-09-2024 17:05,TJ9020103379989,RAIL,Deposit,Paid For Order,507.7,,,,3773.41,,Success,,507.7,,3260070908,,,0,0,0,TJ9020103379989,,81068428,81068428,,,,ASPIRE TOURISM INDIA PRIVATE LIMITED,ASPIRE TOURISM INDIA PRIVATE LIMITED
17-09-2024 11:29,TJ9079103435450,RAIL,Deposit,Paid For Order,147.7,,,,3625.71,,Success,,147.7,,0964174354,,,0,0,0,TJ9079103435450,,81068428,81068428,,,,ASPIRE TOURISM INDIA PRIVATE LIMITED,ASPIRE TOURISM INDIA PRIVATE LIMITED
17-09-2024 11:41,TJ9042103436881,RAIL,Deposit,Paid For Order,147.7,,,,3478.01,,Success,,147.7,,3166049927,,,0,0,0,TJ9042103436881,,81068428,81068428,,,,ASPIRE TOURISM INDIA PRIVATE LIMITED,ASPIRE TOURISM INDIA PRIVATE LIMITED
17-09-2024 18:03,3026103477689,WALLET_TOPUP,Netbanking,Topup,1350,,,,0,,Failure,,1350,,8209741357,Payment Failed. Paid using: hdfc_ccavenue; Payment Fee: 0.00; Failure reason: ,,0,0,0,3026103477689,,81068428,81068428,,,,ASPIRE TOURISM INDIA PRIVATE LIMITED,ASPIRE TOURISM INDIA PRIVATE LIMITED
17-09-2024 18:14,3060103478573,WALLET_TOPUP,Netbanking,Topup,1350,,,,0,,Failure,,1350,,5585840222,Payment Failed. Paid using: hdfc_ccavenue; Payment Fee: 0.00; Failure reason: ,,0,0,0,3060103478573,,81068428,81068428,,,,ASPIRE TOURISM INDIA PRIVATE LIMITED,ASPIRE TOURISM INDIA PRIVATE LIMITED
17-09-2024 18:16,3078103479114,WALLET_TOPUP,Deposit,Topup,,1350,,,4828.01,,Success,,1350,,2894144804,Paid using: Payphi; Payment Fee: 0.00; Merchant Txn Id: 2200213482237,,0,0,0,3078103479114,,81068428,81068428,,,,ASPIRE TOURISM INDIA PRIVATE LIMITED,ASPIRE TOURISM INDIA PRIVATE LIMITED
17-09-2024 18:26,TJ9046103479972,RAIL,Deposit,Paid For Order,4695.4,,,,132.61,,Success,,4695.4,,0362243890,,,0,0,0,TJ9046103479972,,81068428,81068428,,,,ASPIRE TOURISM INDIA PRIVATE LIMITED,ASPIRE TOURISM INDIA PRIVATE LIMITED
18-09-2024 11:54,3075103529557,WALLET_TOPUP,Deposit,Topup,,24000,,,24132.61,,Success,,24000,,8536542772,Paid using: Payphi; Payment Fee: 0.00; Merchant Txn Id: 2200213646857,,0,0,0,3075103529557,,81068428,81068428,,,,ASPIRE TOURISM INDIA PRIVATE LIMITED,ASPIRE TOURISM INDIA PRIVATE LIMITED
18-09-2024 12:02,TJ9060103530751,RAIL,Deposit,Paid For Order,1977.7,,,,22154.91,,Success,,1977.7,,2348785645,,,0,0,0,TJ9060103530751,,81068428,81068428,,,,ASPIRE TOURISM INDIA PRIVATE LIMITED,ASPIRE TOURISM INDIA PRIVATE LIMITED
18-09-2024 12:07,TJ9088103531418,RAIL,Deposit,Paid For Order,1977.7,,,,20177.21,,Success,,1977.7,,9836012475,,,0,0,0,TJ9088103531418,,81068428,81068428,,,,ASPIRE TOURISM INDIA PRIVATE LIMITED,ASPIRE TOURISM INDIA PRIVATE LIMITED
18-09-2024 12:10,TJ9010103531840,RAIL,Deposit,Paid For Order,1977.7,,,,18199.51,,Success,,1977.7,,4429857771,,,0,0,0,TJ9010103531840,,81068428,81068428,,,,ASPIRE TOURISM INDIA PRIVATE LIMITED,ASPIRE TOURISM INDIA PRIVATE LIMITED
18-09-2024 12:13,TJ9089103532348,RAIL,Deposit,Paid For Order,1977.7,,,,16221.81,,Success,,1977.7,,9540281826,,,0,0,0,TJ9089103532348,,81068428,81068428,,,,ASPIRE TOURISM INDIA PRIVATE LIMITED,ASPIRE TOURISM INDIA PRIVATE LIMITED
18-09-2024 12:17,TJ9046103532853,RAIL,Deposit,Paid For Order,1977.7,,,,14244.11,,Success,,1977.7,,6423278788,,,0,0,0,TJ9046103532853,,81068428,81068428,,,,ASPIRE TOURISM INDIA PRIVATE LIMITED,ASPIRE TOURISM INDIA PRIVATE LIMITED
18-09-2024 12:21,TJ9067103533513,RAIL,Deposit,Paid For Order,1977.7,,,,12266.41,,Success,,1977.7,,7822080742,,,0,0,0,TJ9067103533513,,81068428,81068428,,,,ASPIRE TOURISM INDIA PRIVATE LIMITED,ASPIRE TOURISM INDIA PRIVATE LIMITED
18-09-2024 12:24,TJ9088103533930,RAIL,Deposit,Paid For Order,1977.7,,,,10288.71,,Success,,1977.7,,0815797714,,,0,0,0,TJ9088103533930,,81068428,81068428,,,,ASPIRE TOURISM INDIA PRIVATE LIMITED,ASPIRE TOURISM INDIA PRIVATE LIMITED
18-09-2024 12:28,TJ9087103534441,RAIL,Deposit,Paid For Order,1977.7,,,,8311.01,,Success,,1977.7,,0436276179,,,0,0,0,TJ9087103534441,,81068428,81068428,,,,ASPIRE TOURISM INDIA PRIVATE LIMITED,ASPIRE TOURISM INDIA PRIVATE LIMITED
18-09-2024 12:34,TJ9084103535295,RAIL,Deposit,Paid For Order,1977.7,,,,6333.31,,Success,,1977.7,,1513647418,,,0,0,0,TJ9084103535295,,81068428,81068428,,,,ASPIRE TOURISM INDIA PRIVATE LIMITED,ASPIRE TOURISM INDIA PRIVATE LIMITED
18-09-2024 12:38,TJ9006103535698,RAIL,Deposit,Paid For Order,1977.7,,,,4355.61,,Success,,1977.7,,5865985438,,,0,0,0,TJ9006103535698,,81068428,81068428,,,,ASPIRE TOURISM INDIA PRIVATE LIMITED,ASPIRE TOURISM INDIA PRIVATE LIMITED
18-09-2024 12:47,TJ9077103536937,RAIL,Deposit,Paid For Order,1977.7,,,,2377.91,,Success,,1977.7,,4955583295,,,0,0,0,TJ9077103536937,,81068428,81068428,,,,ASPIRE TOURISM INDIA PRIVATE LIMITED,ASPIRE TOURISM INDIA PRIVATE LIMITED
18-09-2024 12:50,TJ9080103537254,RAIL,Deposit,Paid For Order,1327.7,,,,1050.21,,Success,,1327.7,,0658802681,,,0,0,0,TJ9080103537254,,81068428,81068428,,,,ASPIRE TOURISM INDIA PRIVATE LIMITED,ASPIRE TOURISM INDIA PRIVATE LIMITED
18-09-2024 14:41,TJ9016103551882,RAIL,Deposit,Paid For Order,1002.7,,,,47.51,,Success,,1002.7,,9107297585,,,0,0,0,TJ9016103551882,,81068428,81068428,,,,ASPIRE TOURISM INDIA PRIVATE LIMITED,ASPIRE TOURISM INDIA PRIVATE LIMITED
18-09-2024 14:58,3073103553781,WALLET_TOPUP,Deposit,Topup,,14200,,,14247.51,,Success,,14200,,3190934073,Paid using: Payphi; Payment Fee: 0.00; Merchant Txn Id: 4400213739360,,0,0,0,3073103553781,,81068428,81068428,,,,ASPIRE TOURISM INDIA PRIVATE LIMITED,ASPIRE TOURISM INDIA PRIVATE LIMITED
18-09-2024 15:11,TJ9024103555446,RAIL,Deposit,Paid For Order,1167.7,,,,13079.81,,Success,,1167.7,,0340233640,,,0,0,0,TJ9024103555446,,81068428,81068428,,,,ASPIRE TOURISM INDIA PRIVATE LIMITED,ASPIRE TOURISM INDIA PRIVATE LIMITED
18-09-2024 15:14,TJ9086103555858,RAIL,Deposit,Paid For Order,1167.7,,,,11912.11,,Success,,1167.7,,6241597604,,,0,0,0,TJ9086103555858,,81068428,81068428,,,,ASPIRE TOURISM INDIA PRIVATE LIMITED,ASPIRE TOURISM INDIA PRIVATE LIMITED
18-09-2024 15:17,TJ9000103556256,RAIL,Deposit,Paid For Order,1167.7,,,,10744.41,,Success,,1167.7,,2717402167,,,0,0,0,TJ9000103556256,,81068428,81068428,,,,ASPIRE TOURISM INDIA PRIVATE LIMITED,ASPIRE TOURISM INDIA PRIVATE LIMITED
18-09-2024 15:22,TJ9040103556742,RAIL,Deposit,Paid For Order,1167.7,,,,9576.71,,Success,,1167.7,,7140645962,,,0,0,0,TJ9040103556742,,81068428,81068428,,,,ASPIRE TOURISM INDIA PRIVATE LIMITED,ASPIRE TOURISM INDIA PRIVATE LIMITED
18-09-2024 15:24,TJ9055103557025,RAIL,Deposit,Paid For Order,1167.7,,,,8409.01,,Success,,1167.7,,7227595763,,,0,0,0,TJ9055103557025,,81068428,81068428,,,,ASPIRE TOURISM INDIA PRIVATE LIMITED,ASPIRE TOURISM INDIA PRIVATE LIMITED
18-09-2024 15:49,TJ9094103559841,RAIL,Deposit,Paid For Order,1167.7,,,,7241.31,,Success,,1167.7,,7269052034,,,0,0,0,TJ9094103559841,,81068428,81068428,,,,ASPIRE TOURISM INDIA PRIVATE LIMITED,ASPIRE TOURISM INDIA PRIVATE LIMITED
18-09-2024 15:59,TJ9005103561020,RAIL,Deposit,Paid For Order,1167.7,,,,6073.61,,Success,,1167.7,,2568317501,,,0,0,0,TJ9005103561020,,81068428,81068428,,,,ASPIRE TOURISM INDIA PRIVATE LIMITED,ASPIRE TOURISM INDIA PRIVATE LIMITED
18-09-2024 16:05,TJ9025103561875,RAIL,Deposit,Paid For Order,1167.7,,,,4905.91,,Success,,1167.7,,9125545107,,,0,0,0,TJ9025103561875,,81068428,81068428,,,,ASPIRE TOURISM INDIA PRIVATE LIMITED,ASPIRE TOURISM INDIA PRIVATE LIMITED
18-09-2024 16:13,TJ9086103562893,RAIL,Deposit,Paid For Order,1167.7,,,,3738.21,,Success,,1167.7,,4405572080,,,0,0,0,TJ9086103562893,,81068428,81068428,,,,ASPIRE TOURISM INDIA PRIVATE LIMITED,ASPIRE TOURISM INDIA PRIVATE LIMITED
18-09-2024 16:19,TJ9091103563608,RAIL,Deposit,Paid For Order,1167.7,,,,2570.51,,Success,,1167.7,,1421304559,,,0,0,0,TJ9091103563608,,81068428,81068428,,,,ASPIRE TOURISM INDIA PRIVATE LIMITED,ASPIRE TOURISM INDIA PRIVATE LIMITED
18-09-2024 16:26,TJ9018103564459,RAIL,Deposit,Paid For Order,1167.7,,,,1402.81,,Success,,1167.7,,5126994865,,,0,0,0,TJ9018103564459,,81068428,81068428,,,,ASPIRE TOURISM INDIA PRIVATE LIMITED,ASPIRE TOURISM INDIA PRIVATE LIMITED
18-09-2024 16:35,TJ9012103565575,RAIL,Deposit,Paid For Order,1167.7,,,,235.11,,Success,,1167.7,,5896243262,,,0,0,0,TJ9012103565575,,81068428,81068428,,,,ASPIRE TOURISM INDIA PRIVATE LIMITED,ASPIRE TOURISM INDIA PRIVATE LIMITED
18-09-2024 17:32,TJ9012103565575,RAIL,Deposit,Refund,,260,,,495.11,,Success,Topup,260,,1014835426,,,0,0,0,TJ9012103565575,TJA98103572292,81068428,81068428,,,,ASPIRE TOURISM INDIA PRIVATE LIMITED,ASPIRE TOURISM INDIA PRIVATE LIMITED
18-09-2024 17:47,3025103573990,WALLET_TOPUP,Deposit,Topup,,900,,,1395.11,,Success,,900,,6565562869,Paid using: Payphi; Payment Fee: 0.00; Merchant Txn Id: 4400213799863,,0,0,0,3025103573990,,81068428,81068428,,,,ASPIRE TOURISM INDIA PRIVATE LIMITED,ASPIRE TOURISM INDIA PRIVATE LIMITED
18-09-2024 17:48,TJ9018103574337,RAIL,Deposit,Paid For Order,1415.4,,,,0,,Failure,,1415.4,,9270761692,Insufficient Balance. ,,0,0,0,TJ9018103574337,,81068428,81068428,,,,ASPIRE TOURISM INDIA PRIVATE LIMITED,ASPIRE TOURISM INDIA PRIVATE LIMITED
18-09-2024 17:50,3089103574420,WALLET_TOPUP,Deposit,Topup,,50,,,1445.11,,Success,,50,,3005705522,Paid using: Payphi; Payment Fee: 0.00; Merchant Txn Id: 4400213800795,,0,0,0,3089103574420,,81068428,81068428,,,,ASPIRE TOURISM INDIA PRIVATE LIMITED,ASPIRE TOURISM INDIA PRIVATE LIMITED
18-09-2024 17:53,TJ9095103574931,RAIL,Deposit,Paid For Order,1415.4,,,,29.71,,Success,,1415.4,,6740382087,,,0,0,0,TJ9095103574931,,81068428,81068428,,,,ASPIRE TOURISM INDIA PRIVATE LIMITED,ASPIRE TOURISM INDIA PRIVATE LIMITED
19-09-2024 19:04,3099103680428,WALLET_TOPUP,Deposit,Topup,,41000,,,41029.71,,Success,,41000,,2276201804,Paid using: hdfc_ccavenue; Payment Fee: 0.00; Merchant Txn Id: 113469134962,,0,0,0,3099103680428,,81068428,81068428,,,,ASPIRE TOURISM INDIA PRIVATE LIMITED,ASPIRE TOURISM INDIA PRIVATE LIMITED
19-09-2024 19:08,TJ9015103680991,RAIL,Deposit,Paid For Order,4785.4,,,,36244.31,,Success,,4785.4,,7376682070,,,0,0,0,TJ9015103680991,,81068428,81068428,,,,ASPIRE TOURISM INDIA PRIVATE LIMITED,ASPIRE TOURISM INDIA PRIVATE LIMITED
19-09-2024 19:11,TJ9013103681235,RAIL,Deposit,Paid For Order,4785.4,,,,31458.91,,Success,,4785.4,,2771851240,,,0,0,0,TJ9013103681235,,81068428,81068428,,,,ASPIRE TOURISM INDIA PRIVATE LIMITED,ASPIRE TOURISM INDIA PRIVATE LIMITED
19-09-2024 19:14,TJ9075103681557,RAIL,Deposit,Paid For Order,4785.4,,,,26673.51,,Success,,4785.4,,4068328937,,,0,0,0,TJ9075103681557,,81068428,81068428,,,,ASPIRE TOURISM INDIA PRIVATE LIMITED,ASPIRE TOURISM INDIA PRIVATE LIMITED
19-09-2024 19:16,TJ9076103681789,RAIL,Deposit,Paid For Order,4785.4,,,,21888.11,,Success,,4785.4,,1570122787,,,0,0,0,TJ9076103681789,,81068428,81068428,,,,ASPIRE TOURISM INDIA PRIVATE LIMITED,ASPIRE TOURISM INDIA PRIVATE LIMITED
19-09-2024 19:19,TJ9095103682009,RAIL,Deposit,Paid For Order,4785.4,,,,17102.71,,Success,,4785.4,,6065173612,,,0,0,0,TJ9095103682009,,81068428,81068428,,,,ASPIRE TOURISM INDIA PRIVATE LIMITED,ASPIRE TOURISM INDIA PRIVATE LIMITED
19-09-2024 19:21,TJ9039103682208,RAIL,Deposit,Paid For Order,4785.4,,,,12317.31,,Success,,4785.4,,9030767308,,,0,0,0,TJ9039103682208,,81068428,81068428,,,,ASPIRE TOURISM INDIA PRIVATE LIMITED,ASPIRE TOURISM INDIA PRIVATE LIMITED
19-09-2024 19:24,TJ9069103682424,RAIL,Deposit,Paid For Order,4785.4,,,,7531.91,,Success,,4785.4,,2992301378,,,0,0,0,TJ9069103682424,,81068428,81068428,,,,ASPIRE TOURISM INDIA PRIVATE LIMITED,ASPIRE TOURISM INDIA PRIVATE LIMITED
19-09-2024 19:27,TJ9091103682717,RAIL,Deposit,Paid For Order,4785.4,,,,2746.51,,Success,,4785.4,,3529229386,,,0,0,0,TJ9091103682717,,81068428,81068428,,,,ASPIRE TOURISM INDIA PRIVATE LIMITED,ASPIRE TOURISM INDIA PRIVATE LIMITED
19-09-2024 19:29,TJ9049103682857,RAIL,Deposit,Paid For Order,1625.4,,,,1121.11,,Success,,1625.4,,5639416230,,,0,0,0,TJ9049103682857,,81068428,81068428,,,,ASPIRE TOURISM INDIA PRIVATE LIMITED,ASPIRE TOURISM INDIA PRIVATE LIMITED
20-09-2024 10:50,3022103722193,WALLET_TOPUP,Deposit,Topup,,50000,,,51121.11,,Success,,50000,,7828173515,Paid using: hdfc_ccavenue; Payment Fee: 0.00; Merchant Txn Id: 113469794425,,0,0,0,3022103722193,,81068428,81068428,,,,ASPIRE TOURISM INDIA PRIVATE LIMITED,ASPIRE TOURISM INDIA PRIVATE LIMITED
20-09-2024 10:56,TJ9082103722911,RAIL,Deposit,Paid For Order,7575.4,,,,43545.71,,Success,,7575.4,,0281300824,,,0,0,0,TJ9082103722911,,81068428,81068428,,,,ASPIRE TOURISM INDIA PRIVATE LIMITED,ASPIRE TOURISM INDIA PRIVATE LIMITED
20-09-2024 11:43,TJ9049103728127,RAIL,Deposit,Paid For Order,7575.4,,,,35970.31,,Success,,7575.4,,1480132223,,,0,0,0,TJ9049103728127,,81068428,81068428,,,,ASPIRE TOURISM INDIA PRIVATE LIMITED,ASPIRE TOURISM INDIA PRIVATE LIMITED
20-09-2024 11:51,TJ9025103729040,RAIL,Deposit,Paid For Order,7575.4,,,,28394.91,,Success,,7575.4,,2365264746,,,0,0,0,TJ9025103729040,,81068428,81068428,,,,ASPIRE TOURISM INDIA PRIVATE LIMITED,ASPIRE TOURISM INDIA PRIVATE LIMITED
20-09-2024 12:27,TJ9025103729040,RAIL,Deposit,Reverse,,7575.4,,,35970.31,,Success,Topup,7575.4,,7208064801,,,0,0,0,TJ9025103729040,,,81068428,,,,,ASPIRE TOURISM INDIA PRIVATE LIMITED
20-09-2024 12:50,TJ9063103736278,RAIL,Deposit,Paid For Order,7575.4,,,,28394.91,,Success,,7575.4,,1876140454,,,0,0,0,TJ9063103736278,,81068428,81068428,,,,ASPIRE TOURISM INDIA PRIVATE LIMITED,ASPIRE TOURISM INDIA PRIVATE LIMITED
20-09-2024 12:53,TJ9021103736653,RAIL,Deposit,Paid For Order,7575.4,,,,20819.51,,Success,,7575.4,,7218504103,,,0,0,0,TJ9021103736653,,81068428,81068428,,,,ASPIRE TOURISM INDIA PRIVATE LIMITED,ASPIRE TOURISM INDIA PRIVATE LIMITED
20-09-2024 12:55,TJ9035103736915,RAIL,Deposit,Paid For Order,7575.4,,,,13244.11,,Success,,7575.4,,7459993208,,,0,0,0,TJ9035103736915,,81068428,81068428,,,,ASPIRE TOURISM INDIA PRIVATE LIMITED,ASPIRE TOURISM INDIA PRIVATE LIMITED
20-09-2024 12:58,TJ9084103737173,RAIL,Deposit,Paid For Order,7575.4,,,,5668.71,,Success,,7575.4,,4629674050,,,0,0,0,TJ9084103737173,,81068428,81068428,,,,ASPIRE TOURISM INDIA PRIVATE LIMITED,ASPIRE TOURISM INDIA PRIVATE LIMITED
20-09-2024 13:11,3038103738366,WALLET_TOPUP,Deposit,Topup,,12540,,,18208.71,,Success,,12540,,7789051134,Paid using: hdfc_ccavenue; Payment Fee: 0.00; Merchant Txn Id: 113470079945,,0,0,0,3038103738366,,81068428,81068428,,,,ASPIRE TOURISM INDIA PRIVATE LIMITED,ASPIRE TOURISM INDIA PRIVATE LIMITED
20-09-2024 13:11,TJ9036103738561,RAIL,Deposit,Paid For Order,7575.4,,,,10633.31,,Success,,7575.4,,3938714990,,,0,0,0,TJ9036103738561,,81068428,81068428,,,,ASPIRE TOURISM INDIA PRIVATE LIMITED,ASPIRE TOURISM INDIA PRIVATE LIMITED
20-09-2024 13:14,TJ9037103738839,RAIL,Deposit,Paid For Order,7575.4,,,,3057.91,,Success,,7575.4,,3907693988,,,0,0,0,TJ9037103738839,,81068428,81068428,,,,ASPIRE TOURISM INDIA PRIVATE LIMITED,ASPIRE TOURISM INDIA PRIVATE LIMITED
20-09-2024 13:16,TJ9084103739025,RAIL,Deposit,Paid For Order,2555.4,,,,502.51,,Success,,2555.4,,7848868222,,,0,0,0,TJ9084103739025,,81068428,81068428,,,,ASPIRE TOURISM INDIA PRIVATE LIMITED,ASPIRE TOURISM INDIA PRIVATE LIMITED
24-09-2024 17:37,3010104133060,WALLET_TOPUP,Deposit,Topup,,15400,,,15902.51,,Success,,15400,,5669473171,Paid using: hdfc_ccavenue; Payment Fee: 0.00; Merchant Txn Id: 113476199938,,0,0,0,3010104133060,,81068428,81068428,,,,ASPIRE TOURISM INDIA PRIVATE LIMITED,ASPIRE TOURISM INDIA PRIVATE LIMITED
24-09-2024 17:53,TJ9075104135462,RAIL,Deposit,Paid For Order,1047.7,,,,14854.81,,Success,,1047.7,,8128342729,,,0,0,0,TJ9075104135462,,81068428,81068428,,,,ASPIRE TOURISM INDIA PRIVATE LIMITED,ASPIRE TOURISM INDIA PRIVATE LIMITED
24-09-2024 17:56,TJ9054104135889,RAIL,Deposit,Paid For Order,1047.7,,,,13807.11,,Success,,1047.7,,0983934320,,,0,0,0,TJ9054104135889,,81068428,81068428,,,,ASPIRE TOURISM INDIA PRIVATE LIMITED,ASPIRE TOURISM INDIA PRIVATE LIMITED
24-09-2024 18:01,TJ9060104136505,RAIL,Deposit,Paid For Order,1047.7,,,,12759.41,,Success,,1047.7,,6128125434,,,0,0,0,TJ9060104136505,,81068428,81068428,,,,ASPIRE TOURISM INDIA PRIVATE LIMITED,ASPIRE TOURISM INDIA PRIVATE LIMITED
24-09-2024 18:05,TJ9085104137168,RAIL,Deposit,Paid For Order,1047.7,,,,11711.71,,Success,,1047.7,,0081733016,,,0,0,0,TJ9085104137168,,81068428,81068428,,,,ASPIRE TOURISM INDIA PRIVATE LIMITED,ASPIRE TOURISM INDIA PRIVATE LIMITED
24-09-2024 18:07,TJ9073104137432,RAIL,Deposit,Paid For Order,3525.4,,,,8186.31,,Success,,3525.4,,9543820739,,,0,0,0,TJ9073104137432,,81068428,81068428,,,,ASPIRE TOURISM INDIA PRIVATE LIMITED,ASPIRE TOURISM INDIA PRIVATE LIMITED
24-09-2024 18:09,TJ9034104137830,RAIL,Deposit,Paid For Order,1047.7,,,,7138.61,,Success,,1047.7,,7281688087,,,0,0,0,TJ9034104137830,,81068428,81068428,,,,ASPIRE TOURISM INDIA PRIVATE LIMITED,ASPIRE TOURISM INDIA PRIVATE LIMITED
24-09-2024 18:13,3035104138194,WALLET_TOPUP,Netbanking,Topup,52300,,,,0,,Failure,,52300,,9624968628,Payment Failed. Paid using: hdfc_ccavenue; Payment Fee: 0.00; Failure reason: ,,0,0,0,3035104138194,,81068428,81068428,,,,ASPIRE TOURISM INDIA PRIVATE LIMITED,ASPIRE TOURISM INDIA PRIVATE LIMITED
24-09-2024 18:14,TJ9021104138435,RAIL,Deposit,Paid For Order,1047.7,,,,6090.91,,Success,,1047.7,,4656445000,,,0,0,0,TJ9021104138435,,81068428,81068428,,,,ASPIRE TOURISM INDIA PRIVATE LIMITED,ASPIRE TOURISM INDIA PRIVATE LIMITED
24-09-2024 18:17,TJ9045104138809,RAIL,Deposit,Paid For Order,3525.4,,,,2565.51,,Success,,3525.4,,6599595231,,,0,0,0,TJ9045104138809,,81068428,81068428,,,,ASPIRE TOURISM INDIA PRIVATE LIMITED,ASPIRE TOURISM INDIA PRIVATE LIMITED
24-09-2024 18:20,3024104138923,WALLET_TOPUP,Netbanking,Topup,52300,,,,0,,Failure,,52300,,1595006100,Payment Failed. Paid using: hdfc_ccavenue; Payment Fee: 0.00; Failure reason: ,,0,0,0,3024104138923,,81068428,81068428,,,,ASPIRE TOURISM INDIA PRIVATE LIMITED,ASPIRE TOURISM INDIA PRIVATE LIMITED
24-09-2024 18:24,3088104139533,WALLET_TOPUP,Deposit,Topup,,50000,,,52565.51,,Success,,50000,,6574430914,Paid using: hdfc_ccavenue; Payment Fee: 0.00; Merchant Txn Id: 113476293111,,0,0,0,3088104139533,,81068428,81068428,,,,ASPIRE TOURISM INDIA PRIVATE LIMITED,ASPIRE TOURISM INDIA PRIVATE LIMITED
24-09-2024 18:29,TJ9057104140082,RAIL,Deposit,Paid For Order,1047.7,,,,51517.81,,Success,,1047.7,,4121132632,,,0,0,0,TJ9057104140082,,81068428,81068428,,,,ASPIRE TOURISM INDIA PRIVATE LIMITED,ASPIRE TOURISM INDIA PRIVATE LIMITED
24-09-2024 18:30,TJ9032104140301,RAIL,Deposit,Paid For Order,1047.7,,,,50470.11,,Success,,1047.7,,7168560342,,,0,0,0,TJ9032104140301,,81068428,81068428,,,,ASPIRE TOURISM INDIA PRIVATE LIMITED,ASPIRE TOURISM INDIA PRIVATE LIMITED
24-09-2024 18:32,TJ9093104140483,RAIL,Deposit,Paid For Order,3525.4,,,,46944.71,,Success,,3525.4,,9892256039,,,0,0,0,TJ9093104140483,,81068428,81068428,,,,ASPIRE TOURISM INDIA PRIVATE LIMITED,ASPIRE TOURISM INDIA PRIVATE LIMITED
24-09-2024 18:36,TJ9083104140913,RAIL,Deposit,Paid For Order,1047.7,,,,45897.01,,Success,,1047.7,,0800087437,,,0,0,0,TJ9083104140913,,81068428,81068428,,,,ASPIRE TOURISM INDIA PRIVATE LIMITED,ASPIRE TOURISM INDIA PRIVATE LIMITED
24-09-2024 18:51,TJ9057104141694,RAIL,Deposit,Paid For Order,1047.7,,,,44849.31,,Success,,1047.7,,1502282685,,,0,0,0,TJ9057104141694,,81068428,81068428,,,,ASPIRE TOURISM INDIA PRIVATE LIMITED,ASPIRE TOURISM INDIA PRIVATE LIMITED
24-09-2024 19:13,TJ9047104145453,RAIL,Deposit,Paid For Order,1047.7,,,,43801.61,,Success,,1047.7,,1595131727,,,0,0,0,TJ9047104145453,,81068428,81068428,,,,ASPIRE TOURISM INDIA PRIVATE LIMITED,ASPIRE TOURISM INDIA PRIVATE LIMITED
24-09-2024 19:17,TJ9083104140913,RAIL,Deposit,Reverse,,1047.7,,,44849.31,,Success,Topup,1047.7,,0015990038,,,0,0,0,TJ9083104140913,,,81068428,,,,,ASPIRE TOURISM INDIA PRIVATE LIMITED
24-09-2024 19:18,TJ9096104146204,RAIL,Deposit,Paid For Order,1047.7,,,,43801.61,,Success,,1047.7,,5282351482,,,0,0,0,TJ9096104146204,,81068428,81068428,,,,ASPIRE TOURISM INDIA PRIVATE LIMITED,ASPIRE TOURISM INDIA PRIVATE LIMITED
24-09-2024 19:24,TJ9085104146935,RAIL,Deposit,Paid For Order,1047.7,,,,42753.91,,Success,,1047.7,,7905512216,,,0,0,0,TJ9085104146935,,81068428,81068428,,,,ASPIRE TOURISM INDIA PRIVATE LIMITED,ASPIRE TOURISM INDIA PRIVATE LIMITED
24-09-2024 19:27,TJ9057104141694,RAIL,Deposit,Reverse,,1047.7,,,43801.61,,Success,Topup,1047.7,,7713486539,,,0,0,0,TJ9057104141694,,,81068428,,,,,ASPIRE TOURISM INDIA PRIVATE LIMITED
24-09-2024 19:29,TJ9097104147555,RAIL,Deposit,Paid For Order,1047.7,,,,42753.91,,Success,,1047.7,,2328577832,,,0,0,0,TJ9097104147555,,81068428,81068428,,,,ASPIRE TOURISM INDIA PRIVATE LIMITED,ASPIRE TOURISM INDIA PRIVATE LIMITED
24-09-2024 19:34,TJ9089104148319,RAIL,Deposit,Paid For Order,1047.7,,,,41706.21,,Success,,1047.7,,3252979489,,,0,0,0,TJ9089104148319,,81068428,81068428,,,,ASPIRE TOURISM INDIA PRIVATE LIMITED,ASPIRE TOURISM INDIA PRIVATE LIMITED
24-09-2024 19:36,TJ9005104148554,RAIL,Deposit,Paid For Order,1047.7,,,,40658.51,,Success,,1047.7,,2092771552,,,0,0,0,TJ9005104148554,,81068428,81068428,,,,ASPIRE TOURISM INDIA PRIVATE LIMITED,ASPIRE TOURISM INDIA PRIVATE LIMITED
24-09-2024 19:42,TJ9000104149349,RAIL,Deposit,Paid For Order,197.7,,,,40460.81,,Success,,197.7,,4368028632,,,0,0,0,TJ9000104149349,,81068428,81068428,,,,ASPIRE TOURISM INDIA PRIVATE LIMITED,ASPIRE TOURISM INDIA PRIVATE LIMITED
25-09-2024 10:02,TJ9093104189680,RAIL,Deposit,Paid For Order,3525.4,,,,36935.41,,Success,,3525.4,,6567530714,,,0,0,0,TJ9093104189680,,81068428,81068428,,,,ASPIRE TOURISM INDIA PRIVATE LIMITED,ASPIRE TOURISM INDIA PRIVATE LIMITED
25-09-2024 10:14,TJ9055104190680,RAIL,Deposit,Paid For Order,3525.4,,,,33410.01,,Success,,3525.4,,1845199862,,,0,0,0,TJ9055104190680,,81068428,81068428,,,,ASPIRE TOURISM INDIA PRIVATE LIMITED,ASPIRE TOURISM INDIA PRIVATE LIMITED
25-09-2024 10:24,TJ9039104191656,RAIL,Deposit,Paid For Order,3525.4,,,,29884.61,,Success,,3525.4,,6750219033,,,0,0,0,TJ9039104191656,,81068428,81068428,,,,ASPIRE TOURISM INDIA PRIVATE LIMITED,ASPIRE TOURISM INDIA PRIVATE LIMITED
25-09-2024 10:28,TJ9042104192050,RAIL,Deposit,Paid For Order,3525.4,,,,26359.21,,Success,,3525.4,,9645696117,,,0,0,0,TJ9042104192050,,81068428,81068428,,,,ASPIRE TOURISM INDIA PRIVATE LIMITED,ASPIRE TOURISM INDIA PRIVATE LIMITED
25-09-2024 10:34,TJ9074104192701,RAIL,Deposit,Paid For Order,3525.4,,,,22833.81,,Success,,3525.4,,6016177498,,,0,0,0,TJ9074104192701,,81068428,81068428,,,,ASPIRE TOURISM INDIA PRIVATE LIMITED,ASPIRE TOURISM INDIA PRIVATE LIMITED
25-09-2024 10:43,TJ9035104193544,RAIL,Deposit,Paid For Order,3525.4,,,,19308.41,,Success,,3525.4,,8368105647,,,0,0,0,TJ9035104193544,,81068428,81068428,,,,ASPIRE TOURISM INDIA PRIVATE LIMITED,ASPIRE TOURISM INDIA PRIVATE LIMITED
25-09-2024 10:46,TJ9067104193799,RAIL,Deposit,Paid For Order,3525.4,,,,15783.01,,Success,,3525.4,,1139397048,,,0,0,0,TJ9067104193799,,81068428,81068428,,,,ASPIRE TOURISM INDIA PRIVATE LIMITED,ASPIRE TOURISM INDIA PRIVATE LIMITED
25-09-2024 10:49,TJ9005104194106,RAIL,Deposit,Paid For Order,3525.4,,,,12257.61,,Success,,3525.4,,8998456135,,,0,0,0,TJ9005104194106,,81068428,81068428,,,,ASPIRE TOURISM INDIA PRIVATE LIMITED,ASPIRE TOURISM INDIA PRIVATE LIMITED
25-09-2024 10:55,TJ9006104194767,RAIL,Deposit,Paid For Order,3525.4,,,,8732.21,,Success,,3525.4,,9658665690,,,0,0,0,TJ9006104194767,,81068428,81068428,,,,ASPIRE TOURISM INDIA PRIVATE LIMITED,ASPIRE TOURISM INDIA PRIVATE LIMITED
25-09-2024 10:58,TJ9066104195101,RAIL,Deposit,Paid For Order,3525.4,,,,5206.81,,Success,,3525.4,,6244935571,,,0,0,0,TJ9066104195101,,81068428,81068428,,,,ASPIRE TOURISM INDIA PRIVATE LIMITED,ASPIRE TOURISM INDIA PRIVATE LIMITED
25-09-2024 11:06,TJ9043104195976,RAIL,Deposit,Paid For Order,3525.4,,,,1681.41,,Success,,3525.4,,0838294723,,,0,0,0,TJ9043104195976,,81068428,81068428,,,,ASPIRE TOURISM INDIA PRIVATE LIMITED,ASPIRE TOURISM INDIA PRIVATE LIMITED
25-09-2024 11:15,TJ9034104197044,RAIL,Deposit,Paid For Order,625.4,,,,1056.01,,Success,,625.4,,4877597691,,,0,0,0,TJ9034104197044,,81068428,81068428,,,,ASPIRE TOURISM INDIA PRIVATE LIMITED,ASPIRE TOURISM INDIA PRIVATE LIMITED
26-09-2024 12:37,3084104306324,WALLET_TOPUP,Netbanking,Topup,4000,,,,0,,Failure,,4000,,2703447074,Payment Failed. Paid using: hdfc_ccavenue; Payment Fee: 0.00; Failure reason: ,,0,0,0,3084104306324,,81068428,81068428,,,,ASPIRE TOURISM INDIA PRIVATE LIMITED,ASPIRE TOURISM INDIA PRIVATE LIMITED
26-09-2024 12:41,3054104307093,WALLET_TOPUP,Deposit,Topup,,4000,,,5056.01,,Success,,4000,,5364733419,Paid using: Payphi; Payment Fee: 0.00; Merchant Txn Id: 4400216401398,,0,0,0,3054104307093,,,81068428,,,,,ASPIRE TOURISM INDIA PRIVATE LIMITED
26-09-2024 12:48,TJ9013104308320,RAIL,Deposit,Paid For Order,1047.7,,,,4008.31,,Success,,1047.7,,1561597036,,,0,0,0,TJ9013104308320,,81068428,81068428,,,,ASPIRE TOURISM INDIA PRIVATE LIMITED,ASPIRE TOURISM INDIA PRIVATE LIMITED
26-09-2024 12:56,TJ9087104309301,RAIL,Deposit,Paid For Order,3525.4,,,,482.91,,Success,,3525.4,,0757145161,,,0,0,0,TJ9087104309301,,81068428,81068428,,,,ASPIRE TOURISM INDIA PRIVATE LIMITED,ASPIRE TOURISM INDIA PRIVATE LIMITED
27-09-2024 16:11,3010104430080,WALLET_TOPUP,Deposit,Topup,,2500,,,2982.91,,Success,,2500,,1381487680,Paid using: Payphi; Payment Fee: 0.00; Merchant Txn Id: 4400216852602,,0,0,0,3010104430080,,81068428,81068428,,,,ASPIRE TOURISM INDIA PRIVATE LIMITED,ASPIRE TOURISM INDIA PRIVATE LIMITED
27-09-2024 16:18,TJ9019104431040,RAIL,Deposit,Paid For Order,2675.4,,,,307.51,,Success,,2675.4,,0047474681,,,0,0,0,TJ9019104431040,,81068428,81068428,,,,ASPIRE TOURISM INDIA PRIVATE LIMITED,ASPIRE TOURISM INDIA PRIVATE LIMITED
28-09-2024 17:25,3069104531639,WALLET_TOPUP,Deposit,Topup,,35000,,,35307.51,,Success,,35000,,5790106431,Paid using: hdfc_ccavenue; Payment Fee: 15.00; Merchant Txn Id: 113482498632,,0,0,0,3069104531639,,81068428,81068428,,,,ASPIRE TOURISM INDIA PRIVATE LIMITED,ASPIRE TOURISM INDIA PRIVATE LIMITED
28-09-2024 17:36,TJ9029104532964,RAIL,Deposit,Paid For Order,2187.7,,,,33119.81,,Success,,2187.7,,5956185677,,,0,0,0,TJ9029104532964,,81068428,81068428,,,,ASPIRE TOURISM INDIA PRIVATE LIMITED,ASPIRE TOURISM INDIA PRIVATE LIMITED
28-09-2024 17:43,TJ9067104533569,RAIL,Deposit,Paid For Order,2187.7,,,,30932.11,,Success,,2187.7,,6617773190,,,0,0,0,TJ9067104533569,,81068428,81068428,,,,ASPIRE TOURISM INDIA PRIVATE LIMITED,ASPIRE TOURISM INDIA PRIVATE LIMITED
28-09-2024 17:48,TJ9071104534095,RAIL,Deposit,Paid For Order,2187.7,,,,28744.41,,Success,,2187.7,,7182394989,,,0,0,0,TJ9071104534095,,81068428,81068428,,,,ASPIRE TOURISM INDIA PRIVATE LIMITED,ASPIRE TOURISM INDIA PRIVATE LIMITED
28-09-2024 17:52,TJ9020104534631,RAIL,Deposit,Paid For Order,2187.7,,,,26556.71,,Success,,2187.7,,6674805172,,,0,0,0,TJ9020104534631,,81068428,81068428,,,,ASPIRE TOURISM INDIA PRIVATE LIMITED,ASPIRE TOURISM INDIA PRIVATE LIMITED
28-09-2024 17:55,TJ9027104534943,RAIL,Deposit,Paid For Order,2187.7,,,,24369.01,,Success,,2187.7,,6893560552,,,0,0,0,TJ9027104534943,,81068428,81068428,,,,ASPIRE TOURISM INDIA PRIVATE LIMITED,ASPIRE TOURISM INDIA PRIVATE LIMITED
28-09-2024 18:01,TJ9011104535438,RAIL,Deposit,Paid For Order,2187.7,,,,22181.31,,Success,,2187.7,,6553043043,,,0,0,0,TJ9011104535438,,81068428,81068428,,,,ASPIRE TOURISM INDIA PRIVATE LIMITED,ASPIRE TOURISM INDIA PRIVATE LIMITED
28-09-2024 18:04,TJ9069104535788,RAIL,Deposit,Paid For Order,2187.7,,,,19993.61,,Success,,2187.7,,2064901427,,,0,0,0,TJ9069104535788,,81068428,81068428,,,,ASPIRE TOURISM INDIA PRIVATE LIMITED,ASPIRE TOURISM INDIA PRIVATE LIMITED
28-09-2024 18:08,TJ9085104536191,RAIL,Deposit,Paid For Order,2187.7,,,,17805.91,,Success,,2187.7,,4480846680,,,0,0,0,TJ9085104536191,,81068428,81068428,,,,ASPIRE TOURISM INDIA PRIVATE LIMITED,ASPIRE TOURISM INDIA PRIVATE LIMITED
28-09-2024 18:12,TJ9097104536520,RAIL,Deposit,Paid For Order,1107.7,,,,16698.21,,Success,,1107.7,,7439799841,,,0,0,0,TJ9097104536520,,81068428,81068428,,,,ASPIRE TOURISM INDIA PRIVATE LIMITED,ASPIRE TOURISM INDIA PRIVATE LIMITED
28-09-2024 18:18,TJ9022104537067,RAIL,Deposit,Paid For Order,1767.7,,,,14930.51,,Success,,1767.7,,0096892624,,,0,0,0,TJ9022104537067,,81068428,81068428,,,,ASPIRE TOURISM INDIA PRIVATE LIMITED,ASPIRE TOURISM INDIA PRIVATE LIMITED
28-09-2024 18:23,TJ9001104537602,RAIL,Deposit,Paid For Order,1767.7,,,,13162.81,,Success,,1767.7,,5155251460,,,0,0,0,TJ9001104537602,,81068428,81068428,,,,ASPIRE TOURISM INDIA PRIVATE LIMITED,ASPIRE TOURISM INDIA PRIVATE LIMITED
28-09-2024 18:28,TJ9003104537980,RAIL,Deposit,Paid For Order,1767.7,,,,11395.11,,Success,,1767.7,,3064164161,,,0,0,0,TJ9003104537980,,81068428,81068428,,,,ASPIRE TOURISM INDIA PRIVATE LIMITED,ASPIRE TOURISM INDIA PRIVATE LIMITED
28-09-2024 18:33,TJ9083104538508,RAIL,Deposit,Paid For Order,1767.7,,,,9627.41,,Success,,1767.7,,8527881346,,,0,0,0,TJ9083104538508,,81068428,81068428,,,,ASPIRE TOURISM INDIA PRIVATE LIMITED,ASPIRE TOURISM INDIA PRIVATE LIMITED
28-09-2024 18:43,TJ9011104539390,RAIL,Deposit,Paid For Order,1767.7,,,,7859.71,,Success,,1767.7,,4704807892,,,0,0,0,TJ9011104539390,,81068428,81068428,,,,ASPIRE TOURISM INDIA PRIVATE LIMITED,ASPIRE TOURISM INDIA PRIVATE LIMITED
28-09-2024 18:47,TJ9013104539844,RAIL,Deposit,Paid For Order,1767.7,,,,6092.01,,Success,,1767.7,,7399464596,,,0,0,0,TJ9013104539844,,81068428,81068428,,,,ASPIRE TOURISM INDIA PRIVATE LIMITED,ASPIRE TOURISM INDIA PRIVATE LIMITED
28-09-2024 19:03,TJ9018104541212,RAIL,Deposit,Paid For Order,1767.7,,,,4324.31,,Success,,1767.7,,6756720094,,,0,0,0,TJ9018104541212,,81068428,81068428,,,,ASPIRE TOURISM INDIA PRIVATE LIMITED,ASPIRE TOURISM INDIA PRIVATE LIMITED
28-09-2024 19:37,TJ9018104541212,RAIL,Deposit,Reverse,,1767.7,,,6092.01,,Success,Topup,1767.7,,0566258187,,,0,0,0,TJ9018104541212,,,81068428,,,,,ASPIRE TOURISM INDIA PRIVATE LIMITED
28-09-2024 20:21,TJ9003104547355,RAIL,Deposit,Paid For Order,1767.7,,,,4324.31,,Success,,1767.7,,8418509886,,,0,0,0,TJ9003104547355,,81068428,81068428,,,,ASPIRE TOURISM INDIA PRIVATE LIMITED,ASPIRE TOURISM INDIA PRIVATE LIMITED
28-09-2024 20:57,TJ9003104547355,RAIL,Deposit,Reverse,,1767.7,,,6092.01,,Success,Topup,1767.7,,3302884120,,,0,0,0,TJ9003104547355,,,81068428,,,,,ASPIRE TOURISM INDIA PRIVATE LIMITED
28-09-2024 21:05,TJ9063104550231,RAIL,Deposit,Paid For Order,1767.7,,,,4324.31,,Success,,1767.7,,8172414597,,,0,0,0,TJ9063104550231,,81068428,81068428,,,,ASPIRE TOURISM INDIA PRIVATE LIMITED,ASPIRE TOURISM INDIA PRIVATE LIMITED
28-09-2024 21:12,TJ9086104550783,RAIL,Deposit,Paid For Order,1187.7,,,,3136.61,,Success,,1187.7,,8315570505,,,0,0,0,TJ9086104550783,,81068428,81068428,,,,ASPIRE TOURISM INDIA PRIVATE LIMITED,ASPIRE TOURISM INDIA PRIVATE LIMITED
30-09-2024 13:01,TJ9070104651916,RAIL,Deposit,Paid For Order,1715.4,,,,1421.21,,Success,,1715.4,,6518992381,,,0,0,0,TJ9070104651916,,81068428,81068428,,,,ASPIRE TOURISM INDIA PRIVATE LIMITED,ASPIRE TOURISM INDIA PRIVATE LIMITED
30-09-2024 13:37,TJ9070104651916,RAIL,Deposit,Reverse,,1715.4,,,3136.61,,Success,Topup,1715.4,,3016224869,,,0,0,0,TJ9070104651916,,,81068428,,,,,ASPIRE TOURISM INDIA PRIVATE LIMITED
30-09-2024 13:41,3088104654291,WALLET_TOPUP,Netbanking,Topup,500,,,,0,,Failure,,500,,2345484018,Payment Failed. Paid using: Payphi; Payment Fee: 0.00; Failure reason: Request processed successfully,,0,0,0,3088104654291,,,81068428,,,,,ASPIRE TOURISM INDIA PRIVATE LIMITED
30-09-2024 13:43,3039104657476,WALLET_TOPUP,Deposit,Topup,,500,,,3636.61,,Success,,500,,9645190419,Paid using: Payphi; Payment Fee: 0.00; Merchant Txn Id: 2200217842475,,0,0,0,3039104657476,,,81068428,,,,,ASPIRE TOURISM INDIA PRIVATE LIMITED
30-09-2024 14:37,TJ9034104663264,RAIL,Deposit,Paid For Order,1477.7,,,,2158.91,,Success,,1477.7,,1641032605,,,0,0,0,TJ9034104663264,,81068428,81068428,,,,ASPIRE TOURISM INDIA PRIVATE LIMITED,ASPIRE TOURISM INDIA PRIVATE LIMITED
30-09-2024 15:05,TJ9088104666272,RAIL,Deposit,Paid For Order,1715.4,,,,443.51,,Success,,1715.4,,9431986952,,,0,0,0,TJ9088104666272,,81068428,81068428,,,,ASPIRE TOURISM INDIA PRIVATE LIMITED,ASPIRE TOURISM INDIA PRIVATE LIMITED
04-10-2024 19:21,3067105132186,WALLET_TOPUP,Deposit,Topup,,1930,,,2373.51,,Success,,1930,,4621800066,Paid using: Payphi; Payment Fee: 0.00; Merchant Txn Id: 4400219907431,,0,0,0,3067105132186,,81068428,81068428,,,,ASPIRE TOURISM INDIA PRIVATE LIMITED,ASPIRE TOURISM INDIA PRIVATE LIMITED
04-10-2024 19:27,TJ9071105133137,RAIL,Deposit,Paid For Order,1785.4,,,,588.11,,Success,,1785.4,,8778570069,,,0,0,0,TJ9071105133137,,81068428,81068428,,,,ASPIRE TOURISM INDIA PRIVATE LIMITED,ASPIRE TOURISM INDIA PRIVATE LIMITED
04-10-2024 19:28,TJ9076105133167,RAIL,Deposit,Paid For Order,537.7,,,,50.41,,Success,,537.7,,7004116564,,,0,0,0,TJ9076105133167,,81068428,81068428,,,,ASPIRE TOURISM INDIA PRIVATE LIMITED,ASPIRE TOURISM INDIA PRIVATE LIMITED
08-10-2024 19:09,3050105534054,WALLET_TOPUP,Deposit,Topup,,1550,,,1600.41,,Success,,1550,,4401731056,Paid using: Payphi; Payment Fee: 0.00; Merchant Txn Id: 4400221672307,,0,0,0,3050105534054,,81068428,81068428,,,,ASPIRE TOURISM INDIA PRIVATE LIMITED,ASPIRE TOURISM INDIA PRIVATE LIMITED
08-10-2024 19:12,TJ9031105534573,RAIL,Deposit,Paid For Order,730.4,,,,870.01,,Success,,730.4,,8308212326,,,0,0,0,TJ9031105534573,,81068428,81068428,,,,ASPIRE TOURISM INDIA PRIVATE LIMITED,ASPIRE TOURISM INDIA PRIVATE LIMITED
08-10-2024 19:14,TJ9065105534769,RAIL,Deposit,Paid For Order,880.4,,,,0,,Failure,,880.4,,2699797574,Insufficient Balance. ,,0,0,0,TJ9065105534769,,81068428,81068428,,,,ASPIRE TOURISM INDIA PRIVATE LIMITED,ASPIRE TOURISM INDIA PRIVATE LIMITED
08-10-2024 19:15,3094105534907,WALLET_TOPUP,Deposit,Topup,,10,,,880.01,,Success,,10,,0372534148,Paid using: Payphi; Payment Fee: 0.00; Merchant Txn Id: 2200221674443,,0,0,0,3094105534907,,81068428,81068428,,,,ASPIRE TOURISM INDIA PRIVATE LIMITED,ASPIRE TOURISM INDIA PRIVATE LIMITED
08-10-2024 19:17,TJ9034105535146,RAIL,Deposit,Paid For Order,880.4,,,,0,,Failure,,880.4,,2520404886,Insufficient Balance. ,,0,0,0,TJ9034105535146,,81068428,81068428,,,,ASPIRE TOURISM INDIA PRIVATE LIMITED,ASPIRE TOURISM INDIA PRIVATE LIMITED
08-10-2024 19:19,3026105535409,WALLET_TOPUP,Deposit,Topup,,50,,,930.01,,Success,,50,,2710246806,Paid using: Payphi; Payment Fee: 0.00; Merchant Txn Id: 4400221675586,,0,0,0,3026105535409,,81068428,81068428,,,,ASPIRE TOURISM INDIA PRIVATE LIMITED,ASPIRE TOURISM INDIA PRIVATE LIMITED
08-10-2024 19:21,TJ9049105535629,RAIL,Deposit,Paid For Order,880.4,,,,49.61,,Success,,880.4,,7771103706,,,0,0,0,TJ9049105535629,,81068428,81068428,,,,ASPIRE TOURISM INDIA PRIVATE LIMITED,ASPIRE TOURISM INDIA PRIVATE LIMITED
08-10-2024 19:25,TJ9031105534573,RAIL,Deposit,Refund,,620,,,669.61,,Success,Topup,620,,5065097213,,,0,0,0,TJ9031105534573,TJA66105536075,81068428,81068428,,,,ASPIRE TOURISM INDIA PRIVATE LIMITED,ASPIRE TOURISM INDIA PRIVATE LIMITED
09-10-2024 11:28,3024105586895,WALLET_TOPUP,Deposit,Topup,,34000,,,34669.61,,Success,,34000,,2910026238,Paid using: hdfc_ccavenue; Payment Fee: 0.00; Merchant Txn Id: 113496890270,,0,0,0,3024105586895,,81068428,81068428,,,,ASPIRE TOURISM INDIA PRIVATE LIMITED,ASPIRE TOURISM INDIA PRIVATE LIMITED
09-10-2024 11:34,TJ9067105587766,RAIL,Deposit,Paid For Order,2547.7,,,,32121.91,,Success,,2547.7,,3524891519,,,0,0,0,TJ9067105587766,,81068428,81068428,,,,ASPIRE TOURISM INDIA PRIVATE LIMITED,ASPIRE TOURISM INDIA PRIVATE LIMITED
09-10-2024 12:30,TJ9085105595237,RAIL,Deposit,Paid For Order,2547.7,,,,29574.21,,Success,,2547.7,,3567600078,,,0,0,0,TJ9085105595237,,81068428,81068428,,,,ASPIRE TOURISM INDIA PRIVATE LIMITED,ASPIRE TOURISM INDIA PRIVATE LIMITED
09-10-2024 12:36,TJ9019105595938,RAIL,Deposit,Paid For Order,2547.7,,,,27026.51,,Success,,2547.7,,3753044076,,,0,0,0,TJ9019105595938,,81068428,81068428,,,,ASPIRE TOURISM INDIA PRIVATE LIMITED,ASPIRE TOURISM INDIA PRIVATE LIMITED
09-10-2024 12:43,TJ9019105596857,RAIL,Deposit,Paid For Order,2547.7,,,,24478.81,,Success,,2547.7,,3388116152,,,0,0,0,TJ9019105596857,,81068428,81068428,,,,ASPIRE TOURISM INDIA PRIVATE LIMITED,ASPIRE TOURISM INDIA PRIVATE LIMITED
09-10-2024 12:53,TJ9056105598338,RAIL,Deposit,Paid For Order,2547.7,,,,21931.11,,Success,,2547.7,,9710676449,,,0,0,0,TJ9056105598338,,81068428,81068428,,,,ASPIRE TOURISM INDIA PRIVATE LIMITED,ASPIRE TOURISM INDIA PRIVATE LIMITED
09-10-2024 12:57,TJ9017105598869,RAIL,Deposit,Paid For Order,2547.7,,,,19383.41,,Success,,2547.7,,1055530699,,,0,0,0,TJ9017105598869,,81068428,81068428,,,,ASPIRE TOURISM INDIA PRIVATE LIMITED,ASPIRE TOURISM INDIA PRIVATE LIMITED
09-10-2024 13:10,TJ9033105600569,RAIL,Deposit,Paid For Order,2547.7,,,,16835.71,,Success,,2547.7,,3756848932,,,0,0,0,TJ9033105600569,,81068428,81068428,,,,ASPIRE TOURISM INDIA PRIVATE LIMITED,ASPIRE TOURISM INDIA PRIVATE LIMITED
09-10-2024 13:16,TJ9080105601365,RAIL,Deposit,Paid For Order,2547.7,,,,14288.01,,Success,,2547.7,,1195216101,,,0,0,0,TJ9080105601365,,81068428,81068428,,,,ASPIRE TOURISM INDIA PRIVATE LIMITED,ASPIRE TOURISM INDIA PRIVATE LIMITED
09-10-2024 13:24,TJ9018105602585,RAIL,Deposit,Paid For Order,2547.7,,,,11740.31,,Success,,2547.7,,5019239343,,,0,0,0,TJ9018105602585,,81068428,81068428,,,,ASPIRE TOURISM INDIA PRIVATE LIMITED,ASPIRE TOURISM INDIA PRIVATE LIMITED
09-10-2024 13:29,TJ9060105603317,RAIL,Deposit,Paid For Order,2547.7,,,,9192.61,,Success,,2547.7,,7962125749,,,0,0,0,TJ9060105603317,,81068428,81068428,,,,ASPIRE TOURISM INDIA PRIVATE LIMITED,ASPIRE TOURISM INDIA PRIVATE LIMITED
09-10-2024 13:45,TJ9054105605527,RAIL,Deposit,Paid For Order,2547.7,,,,6644.91,,Success,,2547.7,,1974698040,,,0,0,0,TJ9054105605527,,81068428,81068428,,,,ASPIRE TOURISM INDIA PRIVATE LIMITED,ASPIRE TOURISM INDIA PRIVATE LIMITED
09-10-2024 13:51,TJ9084105606268,RAIL,Deposit,Paid For Order,2547.7,,,,4097.21,,Success,,2547.7,,8537449819,,,0,0,0,TJ9084105606268,,81068428,81068428,,,,ASPIRE TOURISM INDIA PRIVATE LIMITED,ASPIRE TOURISM INDIA PRIVATE LIMITED
09-10-2024 13:58,TJ9007105607180,RAIL,Deposit,Paid For Order,2547.7,,,,1549.51,,Success,,2547.7,,9459750575,,,0,0,0,TJ9007105607180,,81068428,81068428,,,,ASPIRE TOURISM INDIA PRIVATE LIMITED,ASPIRE TOURISM INDIA PRIVATE LIMITED
09-10-2024 14:06,TJ9081105608427,RAIL,Deposit,Paid For Order,1287.7,,,,261.81,,Success,,1287.7,,8294645702,,,0,0,0,TJ9081105608427,,81068428,81068428,,,,ASPIRE TOURISM INDIA PRIVATE LIMITED,ASPIRE TOURISM INDIA PRIVATE LIMITED
09-10-2024 14:36,3032105612168,WALLET_TOPUP,Deposit,Topup,,50000,,,50261.81,,Success,,50000,,7424332407,Paid using: hdfc_ccavenue; Payment Fee: 0.00; Merchant Txn Id: 113497187145,,0,0,0,3032105612168,,81068428,81068428,,,,ASPIRE TOURISM INDIA PRIVATE LIMITED,ASPIRE TOURISM INDIA PRIVATE LIMITED
09-10-2024 14:46,TJ9040105613825,RAIL,Deposit,Paid For Order,2547.7,,,,47714.11,,Success,,2547.7,,0253325778,,,0,0,0,TJ9040105613825,,81068428,81068428,,,,ASPIRE TOURISM INDIA PRIVATE LIMITED,ASPIRE TOURISM INDIA PRIVATE LIMITED
09-10-2024 15:01,TJ9044105615690,RAIL,Deposit,Paid For Order,2547.7,,,,45166.41,,Success,,2547.7,,7066153264,,,0,0,0,TJ9044105615690,,81068428,81068428,,,,ASPIRE TOURISM INDIA PRIVATE LIMITED,ASPIRE TOURISM INDIA PRIVATE LIMITED
09-10-2024 15:06,TJ9001105616249,RAIL,Deposit,Paid For Order,2547.7,,,,42618.71,,Success,,2547.7,,4566683290,,,0,0,0,TJ9001105616249,,81068428,81068428,,,,ASPIRE TOURISM INDIA PRIVATE LIMITED,ASPIRE TOURISM INDIA PRIVATE LIMITED
09-10-2024 15:10,TJ9075105616709,RAIL,Deposit,Paid For Order,2547.7,,,,40071.01,,Success,,2547.7,,3895594595,,,0,0,0,TJ9075105616709,,81068428,81068428,,,,ASPIRE TOURISM INDIA PRIVATE LIMITED,ASPIRE TOURISM INDIA PRIVATE LIMITED
09-10-2024 15:29,TJ904198848052,RAIL,Deposit,Refund,,1620,,,41691.01,,Success,Topup,1620,,9297848414,,,0,0,0,TJ904198848052,TJA02104651726,81068428,81068428,,,,ASPIRE TOURISM INDIA PRIVATE LIMITED,ASPIRE TOURISM INDIA PRIVATE LIMITED
09-10-2024 15:43,TJ9097105621099,RAIL,Deposit,Paid For Order,2547.7,,,,39143.31,,Success,,2547.7,,4525081867,,,0,0,0,TJ9097105621099,,81068428,81068428,,,,ASPIRE TOURISM INDIA PRIVATE LIMITED,ASPIRE TOURISM INDIA PRIVATE LIMITED
09-10-2024 15:46,TJ9075105621527,RAIL,Deposit,Paid For Order,2547.7,,,,36595.61,,Success,,2547.7,,1338120387,,,0,0,0,TJ9075105621527,,81068428,81068428,,,,ASPIRE TOURISM INDIA PRIVATE LIMITED,ASPIRE TOURISM INDIA PRIVATE LIMITED
09-10-2024 15:50,TJ9080105621952,RAIL,Deposit,Paid For Order,2547.7,,,,34047.91,,Success,,2547.7,,1090923790,,,0,0,0,TJ9080105621952,,81068428,81068428,,,,ASPIRE TOURISM INDIA PRIVATE LIMITED,ASPIRE TOURISM INDIA PRIVATE LIMITED
09-10-2024 15:56,TJ9036105622782,RAIL,Deposit,Paid For Order,2547.7,,,,31500.21,,Success,,2547.7,,5028790080,,,0,0,0,TJ9036105622782,,81068428,81068428,,,,ASPIRE TOURISM INDIA PRIVATE LIMITED,ASPIRE TOURISM INDIA PRIVATE LIMITED
09-10-2024 16:00,TJ9012105623368,RAIL,Deposit,Paid For Order,2547.7,,,,28952.51,,Success,,2547.7,,6916807422,,,0,0,0,TJ9012105623368,,81068428,81068428,,,,ASPIRE TOURISM INDIA PRIVATE LIMITED,ASPIRE TOURISM INDIA PRIVATE LIMITED
09-10-2024 16:05,TJ9040105624083,RAIL,Deposit,Paid For Order,2547.7,,,,26404.81,,Success,,2547.7,,0573916900,,,0,0,0,TJ9040105624083,,81068428,81068428,,,,ASPIRE TOURISM INDIA PRIVATE LIMITED,ASPIRE TOURISM INDIA PRIVATE LIMITED
09-10-2024 16:12,TJ9007105624961,RAIL,Deposit,Paid For Order,2547.7,,,,23857.11,,Success,,2547.7,,5735091172,,,0,0,0,TJ9007105624961,,81068428,81068428,,,,ASPIRE TOURISM INDIA PRIVATE LIMITED,ASPIRE TOURISM INDIA PRIVATE LIMITED
09-10-2024 16:16,TJ9072105625513,RAIL,Deposit,Paid For Order,2547.7,,,,21309.41,,Success,,2547.7,,3426053271,,,0,0,0,TJ9072105625513,,81068428,81068428,,,,ASPIRE TOURISM INDIA PRIVATE LIMITED,ASPIRE TOURISM INDIA PRIVATE LIMITED
09-10-2024 16:21,TJ9082105626084,RAIL,Deposit,Paid For Order,2547.7,,,,18761.71,,Success,,2547.7,,7637913883,,,0,0,0,TJ9082105626084,,81068428,81068428,,,,ASPIRE TOURISM INDIA PRIVATE LIMITED,ASPIRE TOURISM INDIA PRIVATE LIMITED
09-10-2024 16:26,TJ9071105626853,RAIL,Deposit,Paid For Order,867.7,,,,17894.01,,Success,,867.7,,2783481481,,,0,0,0,TJ9071105626853,,81068428,81068428,,,,ASPIRE TOURISM INDIA PRIVATE LIMITED,ASPIRE TOURISM INDIA PRIVATE LIMITED
09-10-2024 16:41,TJ9071105628726,RAIL,Deposit,Paid For Order,1107.7,,,,16786.31,,Success,,1107.7,,1535557020,,,0,0,0,TJ9071105628726,,81068428,81068428,,,,ASPIRE TOURISM INDIA PRIVATE LIMITED,ASPIRE TOURISM INDIA PRIVATE LIMITED
09-10-2024 16:44,TJ9022105629191,RAIL,Deposit,Paid For Order,1107.7,,,,15678.61,,Success,,1107.7,,3150184132,,,0,0,0,TJ9022105629191,,81068428,81068428,,,,ASPIRE TOURISM INDIA PRIVATE LIMITED,ASPIRE TOURISM INDIA PRIVATE LIMITED
10-10-2024 00:24,TJ9075105670730,RAIL,Deposit,Paid For Order,1287.7,,,,14390.91,,Success,,1287.7,,5203556289,,,0,0,0,TJ9075105670730,,81068428,81068428,,,,ASPIRE TOURISM INDIA PRIVATE LIMITED,ASPIRE TOURISM INDIA PRIVATE LIMITED
10-10-2024 00:27,TJ9075105670869,RAIL,Deposit,Paid For Order,1287.7,,,,13103.21,,Success,,1287.7,,5145983056,,,0,0,0,TJ9075105670869,,81068428,81068428,,,,ASPIRE TOURISM INDIA PRIVATE LIMITED,ASPIRE TOURISM INDIA PRIVATE LIMITED
10-10-2024 00:41,TJ9014105671392,RAIL,Deposit,Paid For Order,1107.7,,,,11995.51,,Success,,1107.7,,1404150641,,,0,0,0,TJ9014105671392,,81068428,81068428,,,,ASPIRE TOURISM INDIA PRIVATE LIMITED,ASPIRE TOURISM INDIA PRIVATE LIMITED
10-10-2024 00:45,TJ9011105671517,RAIL,Deposit,Paid For Order,1107.7,,,,10887.81,,Success,,1107.7,,3087880914,,,0,0,0,TJ9011105671517,,81068428,81068428,,,,ASPIRE TOURISM INDIA PRIVATE LIMITED,ASPIRE TOURISM INDIA PRIVATE LIMITED
10-10-2024 00:49,TJ9027105671623,RAIL,Deposit,Paid For Order,1107.7,,,,9780.11,,Success,,1107.7,,4582755130,,,0,0,0,TJ9027105671623,,81068428,81068428,,,,ASPIRE TOURISM INDIA PRIVATE LIMITED,ASPIRE TOURISM INDIA PRIVATE LIMITED
10-10-2024 00:54,TJ9096105671800,RAIL,Deposit,Paid For Order,1107.7,,,,8672.41,,Success,,1107.7,,7347827393,,,0,0,0,TJ9096105671800,,81068428,81068428,,,,ASPIRE TOURISM INDIA PRIVATE LIMITED,ASPIRE TOURISM INDIA PRIVATE LIMITED
10-10-2024 00:59,TJ9009105671962,RAIL,Deposit,Paid For Order,1107.7,,,,7564.71,,Success,,1107.7,,5000000367,,,0,0,0,TJ9009105671962,,81068428,81068428,,,,ASPIRE TOURISM INDIA PRIVATE LIMITED,ASPIRE TOURISM INDIA PRIVATE LIMITED
10-10-2024 01:03,TJ9074105672081,RAIL,Deposit,Paid For Order,1107.7,,,,6457.01,,Success,,1107.7,,9624857159,,,0,0,0,TJ9074105672081,,81068428,81068428,,,,ASPIRE TOURISM INDIA PRIVATE LIMITED,ASPIRE TOURISM INDIA PRIVATE LIMITED
10-10-2024 01:07,TJ9064105672190,RAIL,Deposit,Paid For Order,1107.7,,,,5349.31,,Success,,1107.7,,5882063049,,,0,0,0,TJ9064105672190,,81068428,81068428,,,,ASPIRE TOURISM INDIA PRIVATE LIMITED,ASPIRE TOURISM INDIA PRIVATE LIMITED
10-10-2024 08:25,TJ9032105679067,RAIL,Deposit,Paid For Order,1107.7,,,,4241.61,,Success,,1107.7,,6099294197,,,0,0,0,TJ9032105679067,,81068428,81068428,,,,ASPIRE TOURISM INDIA PRIVATE LIMITED,ASPIRE TOURISM INDIA PRIVATE LIMITED
10-10-2024 08:30,TJ9076105679261,RAIL,Deposit,Paid For Order,1107.7,,,,3133.91,,Success,,1107.7,,3214663733,,,0,0,0,TJ9076105679261,,81068428,81068428,,,,ASPIRE TOURISM INDIA PRIVATE LIMITED,ASPIRE TOURISM INDIA PRIVATE LIMITED
10-10-2024 12:22,TJ9068105697933,RAIL,Deposit,Paid For Order,1107.7,,,,2026.21,,Success,,1107.7,,4983906775,,,0,0,0,TJ9068105697933,,81068428,81068428,,,,ASPIRE TOURISM INDIA PRIVATE LIMITED,ASPIRE TOURISM INDIA PRIVATE LIMITED
10-10-2024 12:26,TJ9018105698371,RAIL,Deposit,Paid For Order,1107.7,,,,918.51,,Success,,1107.7,,2725229632,,,0,0,0,TJ9018105698371,,81068428,81068428,,,,ASPIRE TOURISM INDIA PRIVATE LIMITED,ASPIRE TOURISM INDIA PRIVATE LIMITED
10-10-2024 12:41,3085105699798,WALLET_TOPUP,Netbanking,Topup,20000,,,,0,,Failure,,20000,,3446943456,"Payment Pending, Paid using: Payphi; Payment Fee: 0.00; Failure reason: Awaiting user action",Payment failed due to a delayed response from the gateway,0,0,0,3085105699798,,,81068428,,,,,ASPIRE TOURISM INDIA PRIVATE LIMITED
10-10-2024 12:42,3094105700192,WALLET_TOPUP,Deposit,Topup,,20000,,,20918.51,,Success,,20000,,1606195297,Paid using: hdfc_ccavenue; Payment Fee: 0.00; Merchant Txn Id: 113498334342,,0,0,0,3094105700192,,81068428,81068428,,,,ASPIRE TOURISM INDIA PRIVATE LIMITED,ASPIRE TOURISM INDIA PRIVATE LIMITED
10-10-2024 12:48,TJ9045105701177,RAIL,Deposit,Paid For Order,1107.7,,,,19810.81,,Success,,1107.7,,7804941591,,,0,0,0,TJ9045105701177,,81068428,81068428,,,,ASPIRE TOURISM INDIA PRIVATE LIMITED,ASPIRE TOURISM INDIA PRIVATE LIMITED
10-10-2024 12:53,TJ9023105701725,RAIL,Deposit,Paid For Order,1107.7,,,,18703.11,,Success,,1107.7,,6769354672,,,0,0,0,TJ9023105701725,,81068428,81068428,,,,ASPIRE TOURISM INDIA PRIVATE LIMITED,ASPIRE TOURISM INDIA PRIVATE LIMITED
10-10-2024 13:23,TJ9031105702482,RAIL,Deposit,Paid For Order,1107.7,,,,17595.41,,Success,,1107.7,,2947875597,,,0,0,0,TJ9031105702482,,81068428,81068428,,,,ASPIRE TOURISM INDIA PRIVATE LIMITED,ASPIRE TOURISM INDIA PRIVATE LIMITED
10-10-2024 13:57,TJ9031105702482,RAIL,Deposit,Reverse,,1107.7,,,18703.11,,Success,Topup,1107.7,,8327032241,,,0,0,0,TJ9031105702482,,,81068428,,,,,ASPIRE TOURISM INDIA PRIVATE LIMITED
10-10-2024 16:59,TJ9002105729480,RAIL,Deposit,Paid For Order,1107.7,,,,17595.41,,Success,,1107.7,,6211812382,,,0,0,0,TJ9002105729480,,81068428,81068428,,,,ASPIRE TOURISM INDIA PRIVATE LIMITED,ASPIRE TOURISM INDIA PRIVATE LIMITED
10-10-2024 17:07,TJ9080105730364,RAIL,Deposit,Paid For Order,1107.7,,,,16487.71,,Success,,1107.7,,9704129290,,,0,0,0,TJ9080105730364,,81068428,81068428,,,,ASPIRE TOURISM INDIA PRIVATE LIMITED,ASPIRE TOURISM INDIA PRIVATE LIMITED
10-10-2024 17:11,TJ9068105730828,RAIL,Deposit,Paid For Order,1107.7,,,,15380.01,,Success,,1107.7,,4376840317,,,0,0,0,TJ9068105730828,,81068428,81068428,,,,ASPIRE TOURISM INDIA PRIVATE LIMITED,ASPIRE TOURISM INDIA PRIVATE LIMITED
10-10-2024 17:14,TJ9024105731213,RAIL,Deposit,Paid For Order,1107.7,,,,14272.31,,Success,,1107.7,,8162603242,,,0,0,0,TJ9024105731213,,81068428,81068428,,,,ASPIRE TOURISM INDIA PRIVATE LIMITED,ASPIRE TOURISM INDIA PRIVATE LIMITED
10-10-2024 17:18,TJ9053105731629,RAIL,Deposit,Paid For Order,1107.7,,,,13164.61,,Success,,1107.7,,8323690261,,,0,0,0,TJ9053105731629,,81068428,81068428,,,,ASPIRE TOURISM INDIA PRIVATE LIMITED,ASPIRE TOURISM INDIA PRIVATE LIMITED
10-10-2024 17:21,TJ9023105732094,RAIL,Deposit,Paid For Order,1107.7,,,,12056.91,,Success,,1107.7,,4731295490,,,0,0,0,TJ9023105732094,,81068428,81068428,,,,ASPIRE TOURISM INDIA PRIVATE LIMITED,ASPIRE TOURISM INDIA PRIVATE LIMITED
10-10-2024 17:25,TJ9000105732503,RAIL,Deposit,Paid For Order,1107.7,,,,10949.21,,Success,,1107.7,,7055377243,,,0,0,0,TJ9000105732503,,81068428,81068428,,,,ASPIRE TOURISM INDIA PRIVATE LIMITED,ASPIRE TOURISM INDIA PRIVATE LIMITED
10-10-2024 17:28,TJ9083105732904,RAIL,Deposit,Paid For Order,1107.7,,,,9841.51,,Success,,1107.7,,4517285624,,,0,0,0,TJ9083105732904,,81068428,81068428,,,,ASPIRE TOURISM INDIA PRIVATE LIMITED,ASPIRE TOURISM INDIA PRIVATE LIMITED
10-10-2024 17:31,TJ9097105733259,RAIL,Deposit,Paid For Order,1107.7,,,,8733.81,,Success,,1107.7,,9860068938,,,0,0,0,TJ9097105733259,,81068428,81068428,,,,ASPIRE TOURISM INDIA PRIVATE LIMITED,ASPIRE TOURISM INDIA PRIVATE LIMITED
10-10-2024 17:35,TJ9073105733676,RAIL,Deposit,Paid For Order,1107.7,,,,7626.11,,Success,,1107.7,,9484096801,,,0,0,0,TJ9073105733676,,81068428,81068428,,,,ASPIRE TOURISM INDIA PRIVATE LIMITED,ASPIRE TOURISM INDIA PRIVATE LIMITED
10-10-2024 17:39,TJ9044105734147,RAIL,Deposit,Paid For Order,1107.7,,,,6518.41,,Success,,1107.7,,2795975918,,,0,0,0,TJ9044105734147,,81068428,81068428,,,,ASPIRE TOURISM INDIA PRIVATE LIMITED,ASPIRE TOURISM INDIA PRIVATE LIMITED
10-10-2024 17:44,TJ9038105734670,RAIL,Deposit,Paid For Order,1107.7,,,,5410.71,,Success,,1107.7,,3057835974,,,0,0,0,TJ9038105734670,,81068428,81068428,,,,ASPIRE TOURISM INDIA PRIVATE LIMITED,ASPIRE TOURISM INDIA PRIVATE LIMITED
10-10-2024 17:47,TJ9087105735091,RAIL,Deposit,Paid For Order,1107.7,,,,4303.01,,Success,,1107.7,,8625343394,,,0,0,0,TJ9087105735091,,81068428,81068428,,,,ASPIRE TOURISM INDIA PRIVATE LIMITED,ASPIRE TOURISM INDIA PRIVATE LIMITED
11-10-2024 16:18,TJ9066105823937,RAIL,Deposit,Paid For Order,447.7,,,,3855.31,,Success,,447.7,,6644944226,,,0,0,0,TJ9066105823937,,81068428,81068428,,,,ASPIRE TOURISM INDIA PRIVATE LIMITED,ASPIRE TOURISM INDIA PRIVATE LIMITED
14-10-2024 18:32,3097106085279,WALLET_TOPUP,Deposit,Topup,,6100,,,9955.31,,Success,,6100,,6704532310,Paid using: Payphi; Payment Fee: 0.00; Merchant Txn Id: 2200224132403,,0,0,0,3097106085279,,81068428,81068428,,,,ASPIRE TOURISM INDIA PRIVATE LIMITED,ASPIRE TOURISM INDIA PRIVATE LIMITED
14-10-2024 18:37,TJ9039106086136,RAIL,Deposit,Paid For Order,4905.4,,,,5049.91,,Success,,4905.4,,0799485027,,,0,0,0,TJ9039106086136,,81068428,81068428,,,,ASPIRE TOURISM INDIA PRIVATE LIMITED,ASPIRE TOURISM INDIA PRIVATE LIMITED
14-10-2024 18:41,TJ9021106086499,RAIL,Deposit,Paid For Order,4905.4,,,,144.51,,Success,,4905.4,,9929545301,,,0,0,0,TJ9021106086499,,81068428,81068428,,,,ASPIRE TOURISM INDIA PRIVATE LIMITED,ASPIRE TOURISM INDIA PRIVATE LIMITED
21-10-2024 12:02,3051106740630,WALLET_TOPUP,Netbanking,Topup,3000,,,,0,,Failure,,3000,,9244102600,"Payment Pending, Paid using: Payphi; Payment Fee: 0.00; Failure reason: Awaiting user action",Payment failed due to a delayed response from the gateway,0,0,0,3051106740630,,,81068428,,,,,ASPIRE TOURISM INDIA PRIVATE LIMITED
21-10-2024 12:09,3069106741351,WALLET_TOPUP,Deposit,Topup,,2300,,,2444.51,,Success,,2300,,7548732608,Paid using: Payphi; Payment Fee: 0.00; Merchant Txn Id: 4400226664322,,0,0,0,3069106741351,,,81068428,,,,,ASPIRE TOURISM INDIA PRIVATE LIMITED
21-10-2024 12:20,TJ9041106743184,RAIL,Deposit,Paid For Order,2305.4,,,,139.11,,Success,,2305.4,,3679019931,,,0,0,0,TJ9041106743184,,81068428,81068428,,,,ASPIRE TOURISM INDIA PRIVATE LIMITED,ASPIRE TOURISM INDIA PRIVATE LIMITED
22-10-2024 12:45,TJ9057102556309,RAIL,Deposit,Refund,,1290,,,1429.11,,Success,Topup,1290,,0439055557,,,0,0,0,TJ9057102556309,TJA70106848528,81068428,81068428,,,,ASPIRE TOURISM INDIA PRIVATE LIMITED,ASPIRE TOURISM INDIA PRIVATE LIMITED
30-10-2024 15:26,3056107699204,WALLET_TOPUP,Deposit,Topup,,30000,,,31429.11,,Success,,30000,,5930422802,Paid using: Payphi; Payment Fee: 0.00; Merchant Txn Id: 2200230217226,,0,0,0,3056107699204,,81068428,81068428,,,,ASPIRE TOURISM INDIA PRIVATE LIMITED,ASPIRE TOURISM INDIA PRIVATE LIMITED
30-10-2024 15:55,TJ9018107703281,RAIL,Deposit,Paid For Order,4227.7,,,,27201.41,,Success,,4227.7,,1883451574,,,0,0,0,TJ9018107703281,,81068428,81068428,,,,ASPIRE TOURISM INDIA PRIVATE LIMITED,ASPIRE TOURISM INDIA PRIVATE LIMITED
30-10-2024 16:10,TJ9062107705352,RAIL,Deposit,Paid For Order,4227.7,,,,22973.71,,Success,,4227.7,,4761135451,,,0,0,0,TJ9062107705352,,81068428,81068428,,,,ASPIRE TOURISM INDIA PRIVATE LIMITED,ASPIRE TOURISM INDIA PRIVATE LIMITED
30-10-2024 16:22,TJ9019107706928,RAIL,Deposit,Paid For Order,4227.7,,,,18746.01,,Success,,4227.7,,5182836912,,,0,0,0,TJ9019107706928,,81068428,81068428,,,,ASPIRE TOURISM INDIA PRIVATE LIMITED,ASPIRE TOURISM INDIA PRIVATE LIMITED
31-10-2024 17:38,TJ9021107811436,RAIL,Deposit,Paid For Order,4227.7,,,,14518.31,,Success,,4227.7,,4681910217,,,0,0,0,TJ9021107811436,,81068428,81068428,,,,ASPIRE TOURISM INDIA PRIVATE LIMITED,ASPIRE TOURISM INDIA PRIVATE LIMITED
31-10-2024 17:42,TJ9022107811702,RAIL,Deposit,Paid For Order,4227.7,,,,10290.61,,Success,,4227.7,,3356930480,,,0,0,0,TJ9022107811702,,81068428,81068428,,,,ASPIRE TOURISM INDIA PRIVATE LIMITED,ASPIRE TOURISM INDIA PRIVATE LIMITED
31-10-2024 17:45,TJ9056107811949,RAIL,Deposit,Paid For Order,4227.7,,,,6062.91,,Success,,4227.7,,2897329213,,,0,0,0,TJ9056107811949,,81068428,81068428,,,,ASPIRE TOURISM INDIA PRIVATE LIMITED,ASPIRE TOURISM INDIA PRIVATE LIMITED
31-10-2024 18:50,TJ9017107816146,RAIL,Deposit,Paid For Order,4227.7,,,,1835.21,,Success,,4227.7,,1367154726,,,0,0,0,TJ9017107816146,,81068428,81068428,,,,ASPIRE TOURISM INDIA PRIVATE LIMITED,ASPIRE TOURISM INDIA PRIVATE LIMITED
31-10-2024 19:00,TJ9022107816908,RAIL,Deposit,Paid For Order,1427.7,,,,407.51,,Success,,1427.7,,2950063265,,,0,0,0,TJ9022107816908,,81068428,81068428,,,,ASPIRE TOURISM INDIA PRIVATE LIMITED,ASPIRE TOURISM INDIA PRIVATE LIMITED
11-11-2024 10:17,TJ9044109066768,RAIL,Deposit,Paid For Order,2946.3,,,,0,,Failure,,2946.3,,8235907599,Insufficient Balance. ,,0,0,0,TJ9044109066768,,81068428,81068428,,,,ASPIRE TOURISM INDIA PRIVATE LIMITED,ASPIRE TOURISM INDIA PRIVATE LIMITED
14-11-2024 19:23,3061109558206,WALLET_TOPUP,Netbanking,Topup,50000,,,,0,,Failure,,50000,,1353629102,"Payment Pending, Paid using: Payphi; Payment Fee: 0.00; Failure reason: Awaiting user action",Payment failed due to a delayed response from the gateway,0,0,0,3061109558206,,81068428,81068428,,,,ASPIRE TOURISM INDIA PRIVATE LIMITED,ASPIRE TOURISM INDIA PRIVATE LIMITED
14-11-2024 19:37,3033109560094,WALLET_TOPUP,Deposit,Topup,,50000,,,50407.51,,Success,,50000,,1550360860,Paid using: Payphi; Payment Fee: 0.00; Merchant Txn Id: 2200234539202,,0,0,0,3033109560094,,81068428,81068428,,,,ASPIRE TOURISM INDIA PRIVATE LIMITED,ASPIRE TOURISM INDIA PRIVATE LIMITED
14-11-2024 20:17,TJ9085109564617,RAIL,Deposit,Paid For Order,12885.4,,,,37522.11,,Success,,12885.4,,2527899725,,,0,0,0,TJ9085109564617,,81068428,81068428,,,,ASPIRE TOURISM INDIA PRIVATE LIMITED,ASPIRE TOURISM INDIA PRIVATE LIMITED
14-11-2024 20:26,TJ9096109565564,RAIL,Deposit,Paid For Order,10745.4,,,,26776.71,,Success,,10745.4,,9371358787,,,0,0,0,TJ9096109565564,,81068428,81068428,,,,ASPIRE TOURISM INDIA PRIVATE LIMITED,ASPIRE TOURISM INDIA PRIVATE LIMITED
14-11-2024 20:42,TJ9031109567327,RAIL,Deposit,Paid For Order,10745.4,,,,16031.31,,Success,,10745.4,,4197384621,,,0,0,0,TJ9031109567327,,81068428,81068428,,,,ASPIRE TOURISM INDIA PRIVATE LIMITED,ASPIRE TOURISM INDIA PRIVATE LIMITED
14-11-2024 20:46,TJ9022109567746,RAIL,Deposit,Paid For Order,8605.4,,,,7425.91,,Success,,8605.4,,7193814831,,,0,0,0,TJ9022109567746,,81068428,81068428,,,,ASPIRE TOURISM INDIA PRIVATE LIMITED,ASPIRE TOURISM INDIA PRIVATE LIMITED
18-11-2024 09:49,3059109909707,WALLET_TOPUP,Deposit,Topup,,50000,,,57425.91,,Success,,50000,,5768770492,Paid using: Payphi; Payment Fee: 0.00; Merchant Txn Id: 2200235428284,,0,0,0,3059109909707,,81068428,81068428,,,,ASPIRE TOURISM INDIA PRIVATE LIMITED,ASPIRE TOURISM INDIA PRIVATE LIMITED
18-11-2024 09:55,TJ9076109910339,RAIL,Deposit,Paid For Order,26470.4,,,,30955.51,,Success,,26470.4,,4406781567,,,0,0,0,TJ9076109910339,,81068428,81068428,,,,ASPIRE TOURISM INDIA PRIVATE LIMITED,ASPIRE TOURISM INDIA PRIVATE LIMITED
18-11-2024 10:05,TJ9017109910935,RAIL,Deposit,Paid For Order,18645.4,,,,12310.11,,Success,,18645.4,,4841756335,,,0,0,0,TJ9017109910935,,81068428,81068428,,,,ASPIRE TOURISM INDIA PRIVATE LIMITED,ASPIRE TOURISM INDIA PRIVATE LIMITED
18-11-2024 10:27,TJ9076109910339,RAIL,Deposit,Reverse,,26470.4,,,38780.51,,Success,Topup,26470.4,,8552320622,,,0,0,0,TJ9076109910339,,,81068428,,,,,ASPIRE TOURISM INDIA PRIVATE LIMITED
18-11-2024 10:37,TJ9017109910935,RAIL,Deposit,Reverse,,18645.4,,,57425.91,,Success,Topup,18645.4,,5827800829,,,0,0,0,TJ9017109910935,,,81068428,,,,,ASPIRE TOURISM INDIA PRIVATE LIMITED
18-11-2024 11:22,003415349713,NA,Deposit,Reverse,1500,,,,55925.91,,Success,,?-,,3761273428,,"OTP-Railway renewal charges FY24-25, RC: 0, DH: 0",0,0,0,003415349713,,11046456,81068428,,,,Nitesh Sawant,ASPIRE TOURISM INDIA PRIVATE LIMITED
18-11-2024 11:51,TJ9007109921576,RAIL,Deposit,Paid For Order,26470.4,,,,29455.51,,Success,,26470.4,,7284017557,,,0,0,0,TJ9007109921576,,81068428,81068428,,,,ASPIRE TOURISM INDIA PRIVATE LIMITED,ASPIRE TOURISM INDIA PRIVATE LIMITED
18-11-2024 12:16,TJ9081109924755,RAIL,Deposit,Paid For Order,18645.4,,,,10810.11,,Success,,18645.4,,6066520985,,,0,0,0,TJ9081109924755,,81068428,81068428,,,,ASPIRE TOURISM INDIA PRIVATE LIMITED,ASPIRE TOURISM INDIA PRIVATE LIMITED
18-11-2024 12:24,3005109925820,WALLET_TOPUP,Deposit,Topup,,8000,,,18810.11,,Success,,8000,,9296212351,Paid using: Payphi; Payment Fee: 0.00; Merchant Txn Id: 2200235506847,,0,0,0,3005109925820,,81068428,81068428,,,,ASPIRE TOURISM INDIA PRIVATE LIMITED,ASPIRE TOURISM INDIA PRIVATE LIMITED
18-11-2024 12:25,TJ9077109925995,RAIL,Deposit,Paid For Order,18645.4,,,,164.71,,Success,,18645.4,,9110541083,,,0,0,0,TJ9077109925995,,81068428,81068428,,,,ASPIRE TOURISM INDIA PRIVATE LIMITED,ASPIRE TOURISM INDIA PRIVATE LIMITED
18-11-2024 12:27,TJ9007109921576,RAIL,Deposit,Reverse,,26470.4,,,26635.11,,Success,Topup,26470.4,,7934073331,,,0,0,0,TJ9007109921576,,,81068428,,,,,ASPIRE TOURISM INDIA PRIVATE LIMITED
18-11-2024 12:33,TJ9093109927121,RAIL,Deposit,Paid For Order,26470.4,,,,164.71,,Success,,26470.4,,7715876666,,,0,0,0,TJ9093109927121,,81068428,81068428,,,,ASPIRE TOURISM INDIA PRIVATE LIMITED,ASPIRE TOURISM INDIA PRIVATE LIMITED
21-11-2024 11:18,3032110264918,WALLET_TOPUP,Deposit,Topup,,5200,,,5364.71,,Success,,5200,,7139468052,Paid using: Payphi; Payment Fee: 0.00; Merchant Txn Id: 2200236358915,,0,0,0,3032110264918,,81068428,81068428,,,,ASPIRE TOURISM INDIA PRIVATE LIMITED,ASPIRE TOURISM INDIA PRIVATE LIMITED
21-11-2024 12:14,TJ9072110271693,RAIL,Deposit,Paid For Order,2185.85,,,,3178.86,,Success,,2185.85,,5976399281,,,0,0,0,TJ9072110271693,,81068428,81068428,,,,ASPIRE TOURISM INDIA PRIVATE LIMITED,ASPIRE TOURISM INDIA PRIVATE LIMITED
21-11-2024 12:28,TJ9072110271693,RAIL,Deposit,Reverse,,2185.85,,,5364.71,,Success,Topup,2185.85,,4310681683,,,0,0,0,TJ9072110271693,,81068428,81068428,,,,ASPIRE TOURISM INDIA PRIVATE LIMITED,ASPIRE TOURISM INDIA PRIVATE LIMITED
21-11-2024 12:30,TJ9047110273319,RAIL,Deposit,Paid For Order,3145.85,,,,2218.86,,Success,,3145.85,,7591398137,,,0,0,0,TJ9047110273319,,81068428,81068428,,,,ASPIRE TOURISM INDIA PRIVATE LIMITED,ASPIRE TOURISM INDIA PRIVATE LIMITED
21-11-2024 14:48,TJ9049110290865,RAIL,Deposit,Paid For Order,2185.85,,,,33.01,,Success,,2185.85,,1054954609,,,0,0,0,TJ9049110290865,,81068428,81068428,,,,ASPIRE TOURISM INDIA PRIVATE LIMITED,ASPIRE TOURISM INDIA PRIVATE LIMITED
23-11-2024 12:09,TJ9085109564617,RAIL,Deposit,Refund,,7800,,,7833.01,,Success,Topup,7800,,3255721213,,,0,0,0,TJ9085109564617,TJA72110484451,81068428,81068428,,,,ASPIRE TOURISM INDIA PRIVATE LIMITED,ASPIRE TOURISM INDIA PRIVATE LIMITED
23-11-2024 13:40,TJ9099110495721,RAIL,Deposit,Paid For Order,5330.4,,,,2502.61,,Success,,5330.4,,4281180446,,,0,0,0,TJ9099110495721,,81068428,81068428,,,,ASPIRE TOURISM INDIA PRIVATE LIMITED,ASPIRE TOURISM INDIA PRIVATE LIMITED
26-11-2024 11:54,TJ9095103682009,RAIL,Deposit,Refund,,600,,,3102.61,,Success,Topup,600,,5851151900,,,0,0,0,TJ9095103682009,TJA37110763533,81068428,81068428,,,,ASPIRE TOURISM INDIA PRIVATE LIMITED,ASPIRE TOURISM INDIA PRIVATE LIMITED
28-11-2024 15:55,TJ9075103681557,RAIL,Deposit,Refund,,1800,,,4902.61,,Success,Topup,1800,,6696325476,,,0,0,0,TJ9075103681557,TJA44110995712,81068428,81068428,,,,ASPIRE TOURISM INDIA PRIVATE LIMITED,ASPIRE TOURISM INDIA PRIVATE LIMITED
28-11-2024 16:00,TJ9076103681789,RAIL,Deposit,Refund,,600,,,5502.61,,Success,Topup,600,,4689013869,,,0,0,0,TJ9076103681789,TJA51110996259,81068428,81068428,,,,ASPIRE TOURISM INDIA PRIVATE LIMITED,ASPIRE TOURISM INDIA PRIVATE LIMITED
28-11-2024 16:05,TJ9039103682208,RAIL,Deposit,Refund,,600,,,6102.61,,Success,Topup,600,,7274049704,,,0,0,0,TJ9039103682208,TJA92110996813,81068428,81068428,,,,ASPIRE TOURISM INDIA PRIVATE LIMITED,ASPIRE TOURISM INDIA PRIVATE LIMITED
28-11-2024 16:09,TJ9069103682424,RAIL,Deposit,Refund,,1200,,,7302.61,,Success,Topup,1200,,8870895383,,,0,0,0,TJ9069103682424,TJA11110997226,81068428,81068428,,,,ASPIRE TOURISM INDIA PRIVATE LIMITED,ASPIRE TOURISM INDIA PRIVATE LIMITED
28-11-2024 16:14,TJ9091103682717,RAIL,Deposit,Refund,,1200,,,8502.61,,Success,Topup,1200,,3919370254,,,0,0,0,TJ9091103682717,TJA63110997625,81068428,81068428,,,,ASPIRE TOURISM INDIA PRIVATE LIMITED,ASPIRE TOURISM INDIA PRIVATE LIMITED
28-11-2024 17:28,TJ9049103682857,RAIL,Deposit,Refund,,600,,,9102.61,,Success,Topup,600,,6882560184,,,0,0,0,TJ9049103682857,TJA62111005845,81068428,81068428,,,,ASPIRE TOURISM INDIA PRIVATE LIMITED,ASPIRE TOURISM INDIA PRIVATE LIMITED
28-11-2024 17:39,TJ9063103736278,RAIL,Deposit,Refund,,3195,,,12297.61,,Success,Topup,3195,,3113452898,,,0,0,0,TJ9063103736278,TJA28111007228,81068428,81068428,,,,ASPIRE TOURISM INDIA PRIVATE LIMITED,ASPIRE TOURISM INDIA PRIVATE LIMITED
28-11-2024 17:41,TJ9021103736653,RAIL,Deposit,Refund,,1065,,,13362.61,,Success,Topup,1065,,3751919191,,,0,0,0,TJ9021103736653,TJA31111007616,81068428,81068428,,,,ASPIRE TOURISM INDIA PRIVATE LIMITED,ASPIRE TOURISM INDIA PRIVATE LIMITED
28-11-2024 17:44,TJ9035103736915,RAIL,Deposit,Refund,,1065,,,14427.61,,Success,Topup,1065,,8234882483,,,0,0,0,TJ9035103736915,TJA68111007815,81068428,81068428,,,,ASPIRE TOURISM INDIA PRIVATE LIMITED,ASPIRE TOURISM INDIA PRIVATE LIMITED
28-11-2024 17:50,TJ9036103738561,RAIL,Deposit,Refund,,2130,,,16557.61,,Success,Topup,2130,,5353359062,,,0,0,0,TJ9036103738561,TJA56111008454,81068428,81068428,,,,ASPIRE TOURISM INDIA PRIVATE LIMITED,ASPIRE TOURISM INDIA PRIVATE LIMITED
28-11-2024 17:53,TJ9037103738839,RAIL,Deposit,Refund,,2130,,,18687.61,,Success,Topup,2130,,3006803999,,,0,0,0,TJ9037103738839,TJA22111008891,81068428,81068428,,,,ASPIRE TOURISM INDIA PRIVATE LIMITED,ASPIRE TOURISM INDIA PRIVATE LIMITED
28-11-2024 17:58,TJ9084103737173,RAIL,Deposit,Refund,,1065,,,19752.61,,Success,Topup,1065,,0870606076,,,0,0,0,TJ9084103737173,TJA30111009274,81068428,81068428,,,,ASPIRE TOURISM INDIA PRIVATE LIMITED,ASPIRE TOURISM INDIA PRIVATE LIMITED
28-11-2024 18:00,TJ9084103739025,RAIL,Deposit,Refund,,1065,,,20817.61,,Success,Topup,1065,,4975546955,,,0,0,0,TJ9084103739025,TJA12111009735,81068428,81068428,,,,ASPIRE TOURISM INDIA PRIVATE LIMITED,ASPIRE TOURISM INDIA PRIVATE LIMITED
29-11-2024 10:44,TJ1078111065097,AIR,Netbanking,Paid For Order,3396.85,,,,0,,Failure,,3314,,9185286432,"Payment Pending, Paid using: Payphi; Payment Fee: 82.85; Failure reason: Awaiting user action",Payment failed due to a delayed response from the gateway,82.85,300,0,TJ1078111065097,,,81068428,,,,,ASPIRE TOURISM INDIA PRIVATE LIMITED
29-11-2024 11:17,TJ1083111068951,AIR,Deposit,Paid For Order,4007,,,,16810.61,,Success,,4007,,0480614016,,,0,300,0,TJ1083111068951,,81068428,81068428,,,,ASPIRE TOURISM INDIA PRIVATE LIMITED,ASPIRE TOURISM INDIA PRIVATE LIMITED
29-11-2024 11:17,TJ1083111068951,AIR,Deposit,Commission,,46.55,47.5,,16857.16,,Success,Topup,46.55,,8646747800,,,0,0,0.95,TJ1083111068951,,81068428,81068428,,,,ASPIRE TOURISM INDIA PRIVATE LIMITED,ASPIRE TOURISM INDIA PRIVATE LIMITED
29-11-2024 13:12,TJ1058111082116,AIR,Netbanking,Paid For Order,10424.74,,,,0,,Success,,10342,,5512974509,Paid using: Payphi; Payment Fee: 82.74; Merchant Txn Id: 2200238553398,,82.74,600,0,TJ1058111082116,,81068428,81068428,,,,ASPIRE TOURISM INDIA PRIVATE LIMITED,ASPIRE TOURISM INDIA PRIVATE LIMITED
29-11-2024 13:12,TJ1058111082116,AIR,Deposit,Commission,,100.04,102.08000000000001,,16957.2,,Success,Topup,100.04,,1353244843,,,0,0,2.04,TJ1058111082116,,81068428,81068428,,,,ASPIRE TOURISM INDIA PRIVATE LIMITED,ASPIRE TOURISM INDIA PRIVATE LIMITED
,,,,,,,,,,,,,,,,,,,,,,,,,,,,,
03-12-2024 12:23,TJ9057111455310,RAIL,Deposit,Paid For Order,1150.4,,,,15806.8,,Success,,1150.4,,9670961229,,,0,0,0,TJ9057111455310,,81068428,81068428,,,,ASPIRE TOURISM INDIA PRIVATE LIMITED,ASPIRE TOURISM INDIA PRIVATE LIMITED
04-12-2024 12:56,TJ9043111566365,RAIL,Deposit,Paid For Order,709.5,,,,15097.3,,Success,,709.5,,6388677002,,,0,0,0,TJ9043111566365,,81068428,81068428,,,,ASPIRE TOURISM INDIA PRIVATE LIMITED,ASPIRE TOURISM INDIA PRIVATE LIMITED
04-12-2024 13:05,TJ9085111567577,RAIL,Deposit,Paid For Order,709.5,,,,14387.8,,Success,,709.5,,9087309908,,,0,0,0,TJ9085111567577,,81068428,81068428,,,,ASPIRE TOURISM INDIA PRIVATE LIMITED,ASPIRE TOURISM INDIA PRIVATE LIMITED
05-12-2024 12:40,TJ9017111662673,RAIL,Deposit,Paid For Order,2530.4,,,,11857.4,,Success,,2530.4,,8456578855,,,0,0,0,TJ9017111662673,,81068428,81068428,,,,ASPIRE TOURISM INDIA PRIVATE LIMITED,ASPIRE TOURISM INDIA PRIVATE LIMITED
12-12-2024 17:40,TJ9081112320982,RAIL,Deposit,Paid For Order,1410.4,,,,10447,,Success,,1410.4,,9741505676,,,0,0,0,TJ9081112320982,,81068428,81068428,,,,ASPIRE TOURISM INDIA PRIVATE LIMITED,ASPIRE TOURISM INDIA PRIVATE LIMITED
12-12-2024 17:48,TJ9091112321724,RAIL,Deposit,Paid For Order,1380.4,,,,9066.6,,Success,,1380.4,,2486553167,,,0,0,0,TJ9091112321724,,81068428,81068428,,,,ASPIRE TOURISM INDIA PRIVATE LIMITED,ASPIRE TOURISM INDIA PRIVATE LIMITED
16-12-2024 16:22,3027112653533,WALLET_TOPUP,Deposit,Topup,,9834,,,18900.6,,Success,,9834,,1673125466,Paid using: Payphi; Payment Fee: 0.00; Merchant Txn Id: 4400243256302,,0,0,0,3027112653533,,81068428,81068428,,,,ASPIRE TOURISM INDIA PRIVATE LIMITED,ASPIRE TOURISM INDIA PRIVATE LIMITED
16-12-2024 16:38,TJ2014112654718,HOTEL,Deposit,Paid For Order,10863.2,,,,8037.4,,Success,,10863.2,,0221615051,,,0,0,0,TJ2014112654718,,81068428,81068428,,,,ASPIRE TOURISM INDIA PRIVATE LIMITED,ASPIRE TOURISM INDIA PRIVATE LIMITED
16-12-2024 22:20,3081112690760,WALLET_TOPUP,Deposit,Topup,,2426,,,10463.4,,Success,,2426,,7041085740,Paid using: Payphi; Payment Fee: 0.00; Merchant Txn Id: 2200243324516,,0,0,0,3081112690760,,81068428,81068428,,,,ASPIRE TOURISM INDIA PRIVATE LIMITED,ASPIRE TOURISM INDIA PRIVATE LIMITED
16-12-2024 22:23,TJ2080112690873,HOTEL,Deposit,Paid For Order,10463.28,,,,0.12,,Success,,10463.28,,6459842801,,,0,0,0,TJ2080112690873,,81068428,81068428,,,,ASPIRE TOURISM INDIA PRIVATE LIMITED,ASPIRE TOURISM INDIA PRIVATE LIMITED
,,,,,,,,,,,,,,,,,,,,,,,,,,,,,
17-12-2024 10:49,3057112714620,WALLET_TOPUP,Netbanking,Topup,30000,,,,0,,Failure,,30000,,9342358222,Payment Failed. Paid using: hdfc_ccavenue; Payment Fee: 0.00; Failure reason: null,,0,0,0,3057112714620,,,81068428,,,,,ASPIRE TOURISM INDIA PRIVATE LIMITED
17-12-2024 10:51,3073112714835,WALLET_TOPUP,Deposit,Topup,,30000,,,30000.12,,Success,,30000,,3167629958,Paid using: hdfc_ccavenue; Payment Fee: 0.00; Merchant Txn Id: 113577653229,,0,0,0,3073112714835,,81068428,81068428,,,,ASPIRE TOURISM INDIA PRIVATE LIMITED,ASPIRE TOURISM INDIA PRIVATE LIMITED
17-12-2024 11:11,TJ9087112717281,RAIL,Deposit,Paid For Order,8775.4,,,,21224.72,,Success,,8775.4,,6203426765,,,0,0,0,TJ9087112717281,,81068428,81068428,,,,ASPIRE TOURISM INDIA PRIVATE LIMITED,ASPIRE TOURISM INDIA PRIVATE LIMITED
17-12-2024 11:18,TJ9091112718003,RAIL,Deposit,Paid For Order,8775.4,,,,12449.32,,Success,,8775.4,,1285858084,,,0,0,0,TJ9091112718003,,81068428,81068428,,,,ASPIRE TOURISM INDIA PRIVATE LIMITED,ASPIRE TOURISM INDIA PRIVATE LIMITED
17-12-2024 11:22,TJ9020112718413,RAIL,Deposit,Paid For Order,8775.4,,,,3673.92,,Success,,8775.4,,5987778903,,,0,0,0,TJ9020112718413,,81068428,81068428,,,,ASPIRE TOURISM INDIA PRIVATE LIMITED,ASPIRE TOURISM INDIA PRIVATE LIMITED
17-12-2024 11:29,3076112719104,WALLET_TOPUP,Deposit,Topup,,6550,,,10223.92,,Success,,6550,,3553900513,Paid using: hdfc_ccavenue; Payment Fee: 0.00; Merchant Txn Id: 113577710748,,0,0,0,3076112719104,,81068428,81068428,,,,ASPIRE TOURISM INDIA PRIVATE LIMITED,ASPIRE TOURISM INDIA PRIVATE LIMITED
17-12-2024 11:39,TJ9022112720354,RAIL,Deposit,Paid For Order,8775.4,,,,1448.52,,Success,,8775.4,,9008208533,,,0,0,0,TJ9022112720354,,81068428,81068428,,,,ASPIRE TOURISM INDIA PRIVATE LIMITED,ASPIRE TOURISM INDIA PRIVATE LIMITED
24-12-2024 10:23,3058113347514,WALLET_TOPUP,Deposit,Topup,,25000,,,26448.52,,Success,,25000,,4841950008,Paid using: Payphi; Payment Fee: 0.00; Merchant Txn Id: 2200245126826,,0,0,0,3058113347514,,81068428,81068428,,,,ASPIRE TOURISM INDIA PRIVATE LIMITED,ASPIRE TOURISM INDIA PRIVATE LIMITED
24-12-2024 10:27,TJ9031113347997,RAIL,Deposit,Paid For Order,2787.7,,,,23660.82,,Success,,2787.7,,2501517730,,,0,0,0,TJ9031113347997,,81068428,81068428,,,,ASPIRE TOURISM INDIA PRIVATE LIMITED,ASPIRE TOURISM INDIA PRIVATE LIMITED
24-12-2024 10:52,TJ9081113350201,RAIL,Deposit,Paid For Order,2787.7,,,,20873.12,,Success,,2787.7,,8541333185,,,0,0,0,TJ9081113350201,,81068428,81068428,,,,ASPIRE TOURISM INDIA PRIVATE LIMITED,ASPIRE TOURISM INDIA PRIVATE LIMITED
24-12-2024 10:59,TJ9012113350933,RAIL,Deposit,Paid For Order,2787.7,,,,18085.42,,Success,,2787.7,,8147784789,,,0,0,0,TJ9012113350933,,81068428,81068428,,,,ASPIRE TOURISM INDIA PRIVATE LIMITED,ASPIRE TOURISM INDIA PRIVATE LIMITED
24-12-2024 11:36,TJ9032113355068,RAIL,Deposit,Paid For Order,667.7,,,,17417.72,,Success,,667.7,,5130236090,,,0,0,0,TJ9032113355068,,81068428,81068428,,,,ASPIRE TOURISM INDIA PRIVATE LIMITED,ASPIRE TOURISM INDIA PRIVATE LIMITED
24-12-2024 11:46,TJ9056113356179,RAIL,Deposit,Paid For Order,4245.4,,,,13172.32,,Success,,4245.4,,4135429817,,,0,0,0,TJ9056113356179,,81068428,81068428,,,,ASPIRE TOURISM INDIA PRIVATE LIMITED,ASPIRE TOURISM INDIA PRIVATE LIMITED
24-12-2024 12:17,TJ9056113356179,RAIL,Deposit,Reverse,,4245.4,,,17417.72,,Success,Topup,4245.4,,3405514538,,,0,0,0,TJ9056113356179,,,81068428,,,,,ASPIRE TOURISM INDIA PRIVATE LIMITED
24-12-2024 12:22,TJ9018113360722,RAIL,Deposit,Paid For Order,4245.4,,,,13172.32,,Success,,4245.4,,8888278389,,,0,0,0,TJ9018113360722,,81068428,81068428,,,,ASPIRE TOURISM INDIA PRIVATE LIMITED,ASPIRE TOURISM INDIA PRIVATE LIMITED
24-12-2024 12:57,TJ9018113360722,RAIL,Deposit,Reverse,,4245.4,,,17417.72,,Success,Topup,4245.4,,0330815304,,,0,0,0,TJ9018113360722,,,81068428,,,,,ASPIRE TOURISM INDIA PRIVATE LIMITED
24-12-2024 14:57,TJ9052113379738,RAIL,Deposit,Paid For Order,4245.4,,,,13172.32,,Success,,4245.4,,1737162543,,,0,0,0,TJ9052113379738,,81068428,81068428,,,,ASPIRE TOURISM INDIA PRIVATE LIMITED,ASPIRE TOURISM INDIA PRIVATE LIMITED
24-12-2024 15:37,TJ9052113379738,RAIL,Deposit,Reverse,,4245.4,,,17417.72,,Success,Topup,4245.4,,8684475689,,,0,0,0,TJ9052113379738,,,81068428,,,,,ASPIRE TOURISM INDIA PRIVATE LIMITED
24-12-2024 16:18,TJ9016113388701,RAIL,Deposit,Paid For Order,4245.4,,,,13172.32,,Success,,4245.4,,4171858941,,,0,0,0,TJ9016113388701,,81068428,81068428,,,,ASPIRE TOURISM INDIA PRIVATE LIMITED,ASPIRE TOURISM INDIA PRIVATE LIMITED
24-12-2024 16:27,TJ9086113389667,RAIL,Deposit,Paid For Order,4245.4,,,,8926.92,,Success,,4245.4,,5591358600,,,0,0,0,TJ9086113389667,,81068428,81068428,,,,ASPIRE TOURISM INDIA PRIVATE LIMITED,ASPIRE TOURISM INDIA PRIVATE LIMITED
24-12-2024 16:32,TJ9018113390276,RAIL,Deposit,Paid For Order,4245.4,,,,4681.52,,Success,,4245.4,,7391355498,,,0,0,0,TJ9018113390276,,81068428,81068428,,,,ASPIRE TOURISM INDIA PRIVATE LIMITED,ASPIRE TOURISM INDIA PRIVATE LIMITED
24-12-2024 16:35,TJ9007113390676,RAIL,Deposit,Paid For Order,1445.4,,,,3236.12,,Success,,1445.4,,6500915396,,,0,0,0,TJ9007113390676,,81068428,81068428,,,,ASPIRE TOURISM INDIA PRIVATE LIMITED,ASPIRE TOURISM INDIA PRIVATE LIMITED
24-12-2024 16:41,TJ9067113391298,RAIL,Deposit,Paid For Order,1437.7,,,,1798.42,,Success,,1437.7,,6290983135,,,0,0,0,TJ9067113391298,,81068428,81068428,,,,ASPIRE TOURISM INDIA PRIVATE LIMITED,ASPIRE TOURISM INDIA PRIVATE LIMITED
24-12-2024 16:46,TJ9024113391816,RAIL,Deposit,Paid For Order,1437.7,,,,360.72,,Success,,1437.7,,4835592454,,,0,0,0,TJ9024113391816,,81068428,81068428,,,,ASPIRE TOURISM INDIA PRIVATE LIMITED,ASPIRE TOURISM INDIA PRIVATE LIMITED
24-12-2024 16:58,3033113393078,WALLET_TOPUP,Deposit,Topup,,610,,,970.72,,Success,,610,,6849177469,Paid using: Payphi; Payment Fee: 0.00; Merchant Txn Id: 2200245279503,,0,0,0,3033113393078,,81068428,81068428,,,,ASPIRE TOURISM INDIA PRIVATE LIMITED,ASPIRE TOURISM INDIA PRIVATE LIMITED
24-12-2024 16:59,TJ9081113392941,RAIL,Deposit,Paid For Order,967.7,,,,3.02,,Success,,967.7,,3614142492,,,0,0,0,TJ9081113392941,,81068428,81068428,,,,ASPIRE TOURISM INDIA PRIVATE LIMITED,ASPIRE TOURISM INDIA PRIVATE LIMITED
27-12-2024 17:35,TJ9027113692602,RAIL,Deposit,Paid For Order,3690.4,,,,0,,Failure,,3690.4,,2783924553,Insufficient Balance. ,,0,0,0,TJ9027113692602,,81068428,81068428,,,,ASPIRE TOURISM INDIA PRIVATE LIMITED,ASPIRE TOURISM INDIA PRIVATE LIMITED
27-12-2024 17:39,3031113692678,WALLET_TOPUP,Deposit,Topup,,3690,,,3693.02,,Success,,3690,,8953102646,Paid using: Payphi; Payment Fee: 0.00; Merchant Txn Id: 2200246004657,,0,0,0,3031113692678,,,81068428,,,,,ASPIRE TOURISM INDIA PRIVATE LIMITED
27-12-2024 18:19,TJ9035113697466,RAIL,Deposit,Paid For Order,3690.4,,,,2.62,,Success,,3690.4,,2884784237,,,0,0,0,TJ9035113697466,,81068428,81068428,,,,ASPIRE TOURISM INDIA PRIVATE LIMITED,ASPIRE TOURISM INDIA PRIVATE LIMITED
31-12-2024 10:13,3051114008574,WALLET_TOPUP,Deposit,Topup,,30000,,,30002.62,,Success,,30000,,0969630948,Paid using: hdfc_ccavenue; Payment Fee: 0.00; Merchant Txn Id: 113593534477,,0,0,0,3051114008574,,81068428,81068428,,,,ASPIRE TOURISM INDIA PRIVATE LIMITED,ASPIRE TOURISM INDIA PRIVATE LIMITED
31-12-2024 11:53,TJ9012114017893,RAIL,Deposit,Paid For Order,2220.4,,,,27782.22,,Success,,2220.4,,0959101671,,,0,0,0,TJ9012114017893,,81068428,81068428,,,,ASPIRE TOURISM INDIA PRIVATE LIMITED,ASPIRE TOURISM INDIA PRIVATE LIMITED
31-12-2024 11:54,TJ9010114018089,RAIL,Deposit,Paid For Order,1110.4,,,,26671.82,,Success,,1110.4,,9165844467,,,0,0,0,TJ9010114018089,,81068428,81068428,,,,ASPIRE TOURISM INDIA PRIVATE LIMITED,ASPIRE TOURISM INDIA PRIVATE LIMITED
31-12-2024 11:57,TJ9073114018525,RAIL,Deposit,Paid For Order,2220.4,,,,24451.42,,Success,,2220.4,,5210528158,,,0,0,0,TJ9073114018525,,81068428,81068428,,,,ASPIRE TOURISM INDIA PRIVATE LIMITED,ASPIRE TOURISM INDIA PRIVATE LIMITED
31-12-2024 11:58,TJ9025114018667,RAIL,Deposit,Paid For Order,1110.4,,,,23341.02,,Success,,1110.4,,5821566098,,,0,0,0,TJ9025114018667,,81068428,81068428,,,,ASPIRE TOURISM INDIA PRIVATE LIMITED,ASPIRE TOURISM INDIA PRIVATE LIMITED
31-12-2024 12:01,TJ9075114019028,RAIL,Deposit,Paid For Order,2220.4,,,,21120.62,,Success,,2220.4,,1087172216,,,0,0,0,TJ9075114019028,,81068428,81068428,,,,ASPIRE TOURISM INDIA PRIVATE LIMITED,ASPIRE TOURISM INDIA PRIVATE LIMITED
31-12-2024 12:02,TJ9030114019092,RAIL,Deposit,Paid For Order,1110.4,,,,20010.22,,Success,,1110.4,,6726808353,,,0,0,0,TJ9030114019092,,81068428,81068428,,,,ASPIRE TOURISM INDIA PRIVATE LIMITED,ASPIRE TOURISM INDIA PRIVATE LIMITED
31-12-2024 12:05,TJ9030114019437,RAIL,Deposit,Paid For Order,2220.4,,,,17789.82,,Success,,2220.4,,2389644535,,,0,0,0,TJ9030114019437,,81068428,81068428,,,,ASPIRE TOURISM INDIA PRIVATE LIMITED,ASPIRE TOURISM INDIA PRIVATE LIMITED
31-12-2024 12:06,TJ9000114019495,RAIL,Deposit,Paid For Order,1110.4,,,,16679.42,,Success,,1110.4,,2227834121,,,0,0,0,TJ9000114019495,,81068428,81068428,,,,ASPIRE TOURISM INDIA PRIVATE LIMITED,ASPIRE TOURISM INDIA PRIVATE LIMITED
31-12-2024 12:09,TJ9094114019824,RAIL,Deposit,Paid For Order,2220.4,,,,14459.02,,Success,,2220.4,,7474296963,,,0,0,0,TJ9094114019824,,81068428,81068428,,,,ASPIRE TOURISM INDIA PRIVATE LIMITED,ASPIRE TOURISM INDIA PRIVATE LIMITED
31-12-2024 12:11,TJ9031114019908,RAIL,Deposit,Paid For Order,1110.4,,,,13348.62,,Success,,1110.4,,6093137462,,,0,0,0,TJ9031114019908,,81068428,81068428,,,,ASPIRE TOURISM INDIA PRIVATE LIMITED,ASPIRE TOURISM INDIA PRIVATE LIMITED
31-12-2024 12:12,TJ9067114020307,RAIL,Deposit,Paid For Order,758.6,,,,12590.02,,Success,,758.6,,7683319515,,,0,0,0,TJ9067114020307,,81068428,81068428,,,,ASPIRE TOURISM INDIA PRIVATE LIMITED,ASPIRE TOURISM INDIA PRIVATE LIMITED
31-12-2024 12:14,TJ9095114020535,RAIL,Deposit,Paid For Order,388.6,,,,12201.42,,Success,,388.6,,1623721708,,,0,0,0,TJ9095114020535,,81068428,81068428,,,,ASPIRE TOURISM INDIA PRIVATE LIMITED,ASPIRE TOURISM INDIA PRIVATE LIMITED
31-12-2024 12:50,TJ9095114024934,RAIL,Deposit,Paid For Order,2220.4,,,,9981.02,,Success,,2220.4,,9866562914,,,0,0,0,TJ9095114024934,,81068428,81068428,,,,ASPIRE TOURISM INDIA PRIVATE LIMITED,ASPIRE TOURISM INDIA PRIVATE LIMITED
31-12-2024 12:52,TJ9077114025077,RAIL,Deposit,Paid For Order,1110.4,,,,8870.62,,Success,,1110.4,,7430862320,,,0,0,0,TJ9077114025077,,81068428,81068428,,,,ASPIRE TOURISM INDIA PRIVATE LIMITED,ASPIRE TOURISM INDIA PRIVATE LIMITED
31-12-2024 12:58,TJ9032114026126,RAIL,Deposit,Paid For Order,2220.4,,,,6650.22,,Success,,2220.4,,1826507076,,,0,0,0,TJ9032114026126,,81068428,81068428,,,,ASPIRE TOURISM INDIA PRIVATE LIMITED,ASPIRE TOURISM INDIA PRIVATE LIMITED
31-12-2024 13:00,TJ9073114026128,RAIL,Deposit,Paid For Order,1110.4,,,,5539.82,,Success,,1110.4,,0322888679,,,0,0,0,TJ9073114026128,,81068428,81068428,,,,ASPIRE TOURISM INDIA PRIVATE LIMITED,ASPIRE TOURISM INDIA PRIVATE LIMITED
31-12-2024 13:03,TJ9045114026765,RAIL,Deposit,Paid For Order,2220.4,,,,3319.42,,Success,,2220.4,,2853413798,,,0,0,0,TJ9045114026765,,81068428,81068428,,,,ASPIRE TOURISM INDIA PRIVATE LIMITED,ASPIRE TOURISM INDIA PRIVATE LIMITED
31-12-2024 13:04,TJ9079114026911,RAIL,Deposit,Paid For Order,1110.4,,,,2209.02,,Success,,1110.4,,9162091553,,,0,0,0,TJ9079114026911,,81068428,81068428,,,,ASPIRE TOURISM INDIA PRIVATE LIMITED,ASPIRE TOURISM INDIA PRIVATE LIMITED
31-12-2024 13:07,TJ9024114027296,RAIL,Deposit,Paid For Order,758.6,,,,1450.42,,Success,,758.6,,8721905542,,,0,0,0,TJ9024114027296,,81068428,81068428,,,,ASPIRE TOURISM INDIA PRIVATE LIMITED,ASPIRE TOURISM INDIA PRIVATE LIMITED
31-12-2024 13:08,TJ9070114027352,RAIL,Deposit,Paid For Order,388.6,,,,1061.82,,Success,,388.6,,5328423758,,,0,0,0,TJ9070114027352,,81068428,81068428,,,,ASPIRE TOURISM INDIA PRIVATE LIMITED,ASPIRE TOURISM INDIA PRIVATE LIMITED
31-12-2024 13:13,3078114027856,WALLET_TOPUP,Deposit,Topup,,5500,,,6561.82,,Success,,5500,,3344550858,Paid using: hdfc_ccavenue; Payment Fee: 0.00; Merchant Txn Id: 113593846640,,0,0,0,3078114027856,,81068428,81068428,,,,ASPIRE TOURISM INDIA PRIVATE LIMITED,ASPIRE TOURISM INDIA PRIVATE LIMITED
31-12-2024 13:15,TJ9009114028234,RAIL,Deposit,Paid For Order,2220.4,,,,4341.42,,Success,,2220.4,,3086633128,,,0,0,0,TJ9009114028234,,81068428,81068428,,,,ASPIRE TOURISM INDIA PRIVATE LIMITED,ASPIRE TOURISM INDIA PRIVATE LIMITED
31-12-2024 13:16,TJ9031114028299,RAIL,Deposit,Paid For Order,1110.4,,,,3231.02,,Success,,1110.4,,4883226819,,,0,0,0,TJ9031114028299,,81068428,81068428,,,,ASPIRE TOURISM INDIA PRIVATE LIMITED,ASPIRE TOURISM INDIA PRIVATE LIMITED
31-12-2024 13:19,TJ9088114028715,RAIL,Deposit,Paid For Order,2220.4,,,,1010.62,,Success,,2220.4,,6167568875,,,0,0,0,TJ9088114028715,,81068428,81068428,,,,ASPIRE TOURISM INDIA PRIVATE LIMITED,ASPIRE TOURISM INDIA PRIVATE LIMITED
31-12-2024 13:22,3029114028943,WALLET_TOPUP,Deposit,Topup,,100,,,1110.62,,Success,,100,,0967250566,Paid using: Payphi; Payment Fee: 0.00; Merchant Txn Id: 4400246888865,,0,0,0,3029114028943,,81068428,81068428,,,,ASPIRE TOURISM INDIA PRIVATE LIMITED,ASPIRE TOURISM INDIA PRIVATE LIMITED
31-12-2024 13:22,TJ9033114028774,RAIL,Deposit,Paid For Order,1110.4,,,,0.22,,Success,,1110.4,,2784794959,,,0,0,0,TJ9033114028774,,81068428,81068428,,,,ASPIRE TOURISM INDIA PRIVATE LIMITED,ASPIRE TOURISM INDIA PRIVATE LIMITED
02-01-2025 10:18,3030114176613,WALLET_TOPUP,Deposit,Topup,,1496,,,1496.22,,Success,,1496,,3708969419,Paid using: Payphi; Payment Fee: 0.00; Merchant Txn Id: 2200247231839,,0,0,0,3030114176613,,,81068428,,,,,ASPIRE TOURISM INDIA PRIVATE LIMITED
02-01-2025 10:18,TJ9073114176495,RAIL,Deposit,Paid For Order,1495.85,,,,0.37,,Success,,1495.85,,0954150801,,,0,0,0,TJ9073114176495,,81068428,81068428,,,,ASPIRE TOURISM INDIA PRIVATE LIMITED,ASPIRE TOURISM INDIA PRIVATE LIMITED
02-01-2025 11:07,TJ9073114176495,RAIL,Deposit,Reverse,,1495.85,,,1496.22,,Success,Topup,1495.85,,5716571384,,,0,0,0,TJ9073114176495,,,81068428,,,,,ASPIRE TOURISM INDIA PRIVATE LIMITED
02-01-2025 11:10,TJ9056114181963,RAIL,Deposit,Paid For Order,233.15,,,,1263.07,,Success,,233.15,,2906192152,,,0,0,0,TJ9056114181963,,81068428,81068428,,,,ASPIRE TOURISM INDIA PRIVATE LIMITED,ASPIRE TOURISM INDIA PRIVATE LIMITED
02-01-2025 16:13,3089114218924,WALLET_TOPUP,Deposit,Topup,,27500,,,28763.07,,Success,,27500,,4375888620,Paid using: Payphi; Payment Fee: 0.00; Merchant Txn Id: 4400247374334,,0,0,0,3089114218924,,,81068428,,,,,ASPIRE TOURISM INDIA PRIVATE LIMITED
03-01-2025 10:24,3089114285776,WALLET_TOPUP,Netbanking,Topup,85000,,,,0,,Failure,,85000,,9184619619,Payment Failed. Paid using: hdfc_ccavenue; Payment Fee: 0.00; Failure reason: null,,0,0,0,3089114285776,,,81068428,,,,,ASPIRE TOURISM INDIA PRIVATE LIMITED
03-01-2025 10:32,3054114286878,WALLET_TOPUP,Netbanking,Topup,85000,,,,0,,Failure,,85000,,0287047412,Payment Failed. Paid using: hdfc_ccavenue; Payment Fee: 0.00; Failure reason: null,,0,0,0,3054114286878,,,81068428,,,,,ASPIRE TOURISM INDIA PRIVATE LIMITED
03-01-2025 13:10,3032114306653,WALLET_TOPUP,Netbanking,Topup,85000,,,,0,,Failure,,85000,,5144233154,Payment Failed. Paid using: hdfc_ccavenue; Payment Fee: 0.00; Failure reason: null,,0,0,0,3032114306653,,,81068428,,,,,ASPIRE TOURISM INDIA PRIVATE LIMITED
03-01-2025 13:16,3025114307265,WALLET_TOPUP,Netbanking,Topup,85000,,,,0,,Failure,,85000,,4654940037,Payment Failed. Paid using: hdfc_ccavenue; Payment Fee: 0.00; Failure reason: null,,0,0,0,3025114307265,,,81068428,,,,,ASPIRE TOURISM INDIA PRIVATE LIMITED
03-01-2025 14:39,3010114317446,WALLET_TOPUP,Deposit,Topup,,5000,,,33763.07,,Success,,5000,,9369976863,Paid using: Payphi; Payment Fee: 40.00; Merchant Txn Id: 2200247575301,,0,0,0,3010114317446,,,81068428,,,,,ASPIRE TOURISM INDIA PRIVATE LIMITED
03-01-2025 15:13,3025114321647,WALLET_TOPUP,Deposit,Topup,,80000,,,113763.07,,Success,,80000,,2224270431,Paid using: Payphi; Payment Fee: 640.00; Merchant Txn Id: 2200247586901,,0,0,0,3025114321647,,81068428,81068428,,,,ASPIRE TOURISM INDIA PRIVATE LIMITED,ASPIRE TOURISM INDIA PRIVATE LIMITED
03-01-2025 15:17,TJ9097114322651,RAIL,Deposit,Paid For Order,7185.4,,,,106577.67,,Success,,7185.4,,1608282516,,,0,0,0,TJ9097114322651,,81068428,81068428,,,,ASPIRE TOURISM INDIA PRIVATE LIMITED,ASPIRE TOURISM INDIA PRIVATE LIMITED
03-01-2025 15:28,TJ9068114323833,RAIL,Deposit,Paid For Order,7185.4,,,,99392.27,,Success,,7185.4,,3163435596,,,0,0,0,TJ9068114323833,,81068428,81068428,,,,ASPIRE TOURISM INDIA PRIVATE LIMITED,ASPIRE TOURISM INDIA PRIVATE LIMITED
03-01-2025 15:33,TJ9005114324442,RAIL,Deposit,Paid For Order,7185.4,,,,92206.87,,Success,,7185.4,,0943495748,,,0,0,0,TJ9005114324442,,81068428,81068428,,,,ASPIRE TOURISM INDIA PRIVATE LIMITED,ASPIRE TOURISM INDIA PRIVATE LIMITED
03-01-2025 15:37,TJ9021114324979,RAIL,Deposit,Paid For Order,7185.4,,,,85021.47,,Success,,7185.4,,4905750038,,,0,0,0,TJ9021114324979,,81068428,81068428,,,,ASPIRE TOURISM INDIA PRIVATE LIMITED,ASPIRE TOURISM INDIA PRIVATE LIMITED
03-01-2025 15:43,TJ9036114325769,RAIL,Deposit,Paid For Order,7185.4,,,,77836.07,,Success,,7185.4,,7631500202,,,0,0,0,TJ9036114325769,,81068428,81068428,,,,ASPIRE TOURISM INDIA PRIVATE LIMITED,ASPIRE TOURISM INDIA PRIVATE LIMITED
03-01-2025 15:48,TJ9050114326406,RAIL,Deposit,Paid For Order,7185.4,,,,70650.67,,Success,,7185.4,,7772473783,,,0,0,0,TJ9050114326406,,81068428,81068428,,,,ASPIRE TOURISM INDIA PRIVATE LIMITED,ASPIRE TOURISM INDIA PRIVATE LIMITED
03-01-2025 15:52,TJ9056114326882,RAIL,Deposit,Paid For Order,7185.4,,,,63465.27,,Success,,7185.4,,8244878468,,,0,0,0,TJ9056114326882,,81068428,81068428,,,,ASPIRE TOURISM INDIA PRIVATE LIMITED,ASPIRE TOURISM INDIA PRIVATE LIMITED
03-01-2025 15:59,TJ9043114327605,RAIL,Deposit,Paid For Order,7185.4,,,,56279.87,,Success,,7185.4,,6119558678,,,0,0,0,TJ9043114327605,,81068428,81068428,,,,ASPIRE TOURISM INDIA PRIVATE LIMITED,ASPIRE TOURISM INDIA PRIVATE LIMITED
03-01-2025 16:21,TJ9049114330486,RAIL,Deposit,Paid For Order,7185.4,,,,49094.47,,Success,,7185.4,,6475195324,,,0,0,0,TJ9049114330486,,81068428,81068428,,,,ASPIRE TOURISM INDIA PRIVATE LIMITED,ASPIRE TOURISM INDIA PRIVATE LIMITED
03-01-2025 16:26,TJ9078114331214,RAIL,Deposit,Paid For Order,7185.4,,,,41909.07,,Success,,7185.4,,9693380060,,,0,0,0,TJ9078114331214,,81068428,81068428,,,,ASPIRE TOURISM INDIA PRIVATE LIMITED,ASPIRE TOURISM INDIA PRIVATE LIMITED
03-01-2025 16:30,TJ9056114331728,RAIL,Deposit,Paid For Order,7185.4,,,,34723.67,,Success,,7185.4,,3623780817,,,0,0,0,TJ9056114331728,,81068428,81068428,,,,ASPIRE TOURISM INDIA PRIVATE LIMITED,ASPIRE TOURISM INDIA PRIVATE LIMITED
03-01-2025 16:48,TJ9038114333849,RAIL,Deposit,Paid For Order,7185.4,,,,27538.27,,Success,,7185.4,,2220350980,,,0,0,0,TJ9038114333849,,81068428,81068428,,,,ASPIRE TOURISM INDIA PRIVATE LIMITED,ASPIRE TOURISM INDIA PRIVATE LIMITED
04-01-2025 10:25,3079114405276,WALLET_TOPUP,Netbanking,Topup,60000,,,,0,,Failure,,60000,,3635721166,Payment Failed. Paid using: hdfc_ccavenue; Payment Fee: 0.00; Failure reason: ,,0,0,0,3079114405276,,81068428,81068428,,,,ASPIRE TOURISM INDIA PRIVATE LIMITED,ASPIRE TOURISM INDIA PRIVATE LIMITED
04-01-2025 11:11,TJ1145114409466,AIR,Deposit,Paid For Order,18148,,,,9390.27,,Success,,18148,,3085369513,,,0,0,0,TJ1145114409466,,81068428,81068428,,,,ASPIRE TOURISM INDIA PRIVATE LIMITED,ASPIRE TOURISM INDIA PRIVATE LIMITED
04-01-2025 11:43,3044114414232,WALLET_TOPUP,Netbanking,Topup,2157,,,,0,,Failure,,2157,,3757934804,"Payment Pending, Paid using: Payphi; Payment Fee: 0.00; Failure reason: Awaiting user action",Payment failed due to a delayed response from the gateway,0,0,0,3044114414232,,,81068428,,,,,ASPIRE TOURISM INDIA PRIVATE LIMITED
04-01-2025 11:45,3098114414737,WALLET_TOPUP,Deposit,Topup,,2157,,,11547.27,,Success,,2157,,4556447667,Paid using: Payphi; Payment Fee: 0.00; Merchant Txn Id: 2200247734558,,0,0,0,3098114414737,,81068428,81068428,,,,ASPIRE TOURISM INDIA PRIVATE LIMITED,ASPIRE TOURISM INDIA PRIVATE LIMITED
04-01-2025 11:54,TJ1176114415266,AIR,Deposit,Paid For Order,11547.08,,,,0.19,,Success,,11547.08,,7949691924,,,0,0,0,TJ1176114415266,,81068428,81068428,,,,ASPIRE TOURISM INDIA PRIVATE LIMITED,ASPIRE TOURISM INDIA PRIVATE LIMITED
04-01-2025 11:55,3071114413995,WALLET_TOPUP,Netbanking,Topup,60480,,,,0,,Failure,,60000,,7937620635,Payment Failed. Paid using: Payphi; Payment Fee: 480.00; Failure reason: Request processed successfully,,480,0,0,3071114413995,,,81068428,,,,,ASPIRE TOURISM INDIA PRIVATE LIMITED
04-01-2025 15:11,3056114440737,WALLET_TOPUP,Netbanking,Topup,60480,,,,0,,Failure,,60000,,5132184345,Payment Failed. Paid using: Payphi; Payment Fee: 480.00; Failure reason: Request processed successfully,,480,0,0,3056114440737,,81068428,81068428,,,,ASPIRE TOURISM INDIA PRIVATE LIMITED,ASPIRE TOURISM INDIA PRIVATE LIMITED
04-01-2025 16:51,3089114452102,WALLET_TOPUP,Netbanking,Topup,60480,,,,0,,Failure,,60000,,4054388788,Payment Failed. Paid using: Payphi; Payment Fee: 480.00; Failure reason: Request processed successfully,,480,0,0,3089114452102,,81068428,81068428,,,,ASPIRE TOURISM INDIA PRIVATE LIMITED,ASPIRE TOURISM INDIA PRIVATE LIMITED
04-01-2025 16:57,3017114452778,WALLET_TOPUP,Deposit,Topup,,60000,,,60000.19,,Success,,60000,,1442743521,Paid using: Payphi; Payment Fee: 480.00; Merchant Txn Id: 2200247851361,,0,0,0,3017114452778,,81068428,81068428,,,,ASPIRE TOURISM INDIA PRIVATE LIMITED,ASPIRE TOURISM INDIA PRIVATE LIMITED
04-01-2025 17:05,TJ9063114453834,RAIL,Deposit,Paid For Order,7185.4,,,,52814.79,,Success,,7185.4,,1984401811,,,0,0,0,TJ9063114453834,,81068428,81068428,,,,ASPIRE TOURISM INDIA PRIVATE LIMITED,ASPIRE TOURISM INDIA PRIVATE LIMITED
04-01-2025 17:08,TJ9014114454241,RAIL,Deposit,Paid For Order,7185.4,,,,45629.39,,Success,,7185.4,,0996216843,,,0,0,0,TJ9014114454241,,81068428,81068428,,,,ASPIRE TOURISM INDIA PRIVATE LIMITED,ASPIRE TOURISM INDIA PRIVATE LIMITED
04-01-2025 17:12,TJ9058114454689,RAIL,Deposit,Paid For Order,7185.4,,,,38443.99,,Success,,7185.4,,3588273055,,,0,0,0,TJ9058114454689,,81068428,81068428,,,,ASPIRE TOURISM INDIA PRIVATE LIMITED,ASPIRE TOURISM INDIA PRIVATE LIMITED
04-01-2025 17:17,TJ9096114455235,RAIL,Deposit,Paid For Order,7185.4,,,,31258.59,,Success,,7185.4,,3826065091,,,0,0,0,TJ9096114455235,,81068428,81068428,,,,ASPIRE TOURISM INDIA PRIVATE LIMITED,ASPIRE TOURISM INDIA PRIVATE LIMITED
04-01-2025 17:21,TJ9066114455620,RAIL,Deposit,Paid For Order,7185.4,,,,24073.19,,Success,,7185.4,,3772631175,,,0,0,0,TJ9066114455620,,81068428,81068428,,,,ASPIRE TOURISM INDIA PRIVATE LIMITED,ASPIRE TOURISM INDIA PRIVATE LIMITED
04-01-2025 17:25,TJ9034114456070,RAIL,Deposit,Paid For Order,7185.4,,,,16887.79,,Success,,7185.4,,6896949984,,,0,0,0,TJ9034114456070,,81068428,81068428,,,,ASPIRE TOURISM INDIA PRIVATE LIMITED,ASPIRE TOURISM INDIA PRIVATE LIMITED
04-01-2025 17:29,TJ9060114456520,RAIL,Deposit,Paid For Order,7185.4,,,,9702.39,,Success,,7185.4,,5781576874,,,0,0,0,TJ9060114456520,,81068428,81068428,,,,ASPIRE TOURISM INDIA PRIVATE LIMITED,ASPIRE TOURISM INDIA PRIVATE LIMITED
04-01-2025 17:33,TJ9052114456865,RAIL,Deposit,Paid For Order,7185.4,,,,2516.99,,Success,,7185.4,,5497907031,,,0,0,0,TJ9052114456865,,81068428,81068428,,,,ASPIRE TOURISM INDIA PRIVATE LIMITED,ASPIRE TOURISM INDIA PRIVATE LIMITED
06-01-2025 12:24,3038114611546,WALLET_TOPUP,Deposit,Topup,,13000,,,15516.99,,Success,,13000,,1185679260,Paid using: Payphi; Payment Fee: 0.00; Merchant Txn Id: 2200248183334,,0,0,0,3038114611546,,81068428,81068428,,,,ASPIRE TOURISM INDIA PRIVATE LIMITED,ASPIRE TOURISM INDIA PRIVATE LIMITED
06-01-2025 12:32,TJ9055114612688,RAIL,Deposit,Paid For Order,7185.4,,,,8331.59,,Success,,7185.4,,4343295613,,,0,0,0,TJ9055114612688,,81068428,81068428,,,,ASPIRE TOURISM INDIA PRIVATE LIMITED,ASPIRE TOURISM INDIA PRIVATE LIMITED
06-01-2025 12:39,TJ9095114613588,RAIL,Deposit,Paid For Order,7185.4,,,,1146.19,,Success,,7185.4,,1286309233,,,0,0,0,TJ9095114613588,,81068428,81068428,,,,ASPIRE TOURISM INDIA PRIVATE LIMITED,ASPIRE TOURISM INDIA PRIVATE LIMITED
06-01-2025 13:17,TJ9095114613588,RAIL,Deposit,Reverse,,7185.4,,,8331.59,,Success,Topup,7185.4,,8144499978,,,0,0,0,TJ9095114613588,,,81068428,,,,,ASPIRE TOURISM INDIA PRIVATE LIMITED
06-01-2025 18:06,TJ9061114654208,RAIL,Deposit,Paid For Order,7185.4,,,,1146.19,,Success,,7185.4,,7493927875,,,0,0,0,TJ9061114654208,,81068428,81068428,,,,ASPIRE TOURISM INDIA PRIVATE LIMITED,ASPIRE TOURISM INDIA PRIVATE LIMITED
07-01-2025 12:06,TJ9056114723541,RAIL,Deposit,Paid For Order,392.7,,,,753.49,,Success,,392.7,,8930695793,,,0,0,0,TJ9056114723541,,81068428,81068428,,,,ASPIRE TOURISM INDIA PRIVATE LIMITED,ASPIRE TOURISM INDIA PRIVATE LIMITED
07-01-2025 12:10,TJ9047114724154,RAIL,Deposit,Paid For Order,207.7,,,,545.79,,Success,,207.7,,9216466178,,,0,0,0,TJ9047114724154,,81068428,81068428,,,,ASPIRE TOURISM INDIA PRIVATE LIMITED,ASPIRE TOURISM INDIA PRIVATE LIMITED
07-01-2025 12:32,TJ9046114726962,RAIL,Deposit,Paid For Order,392.7,,,,153.09,,Success,,392.7,,8238468398,,,0,0,0,TJ9046114726962,,81068428,81068428,,,,ASPIRE TOURISM INDIA PRIVATE LIMITED,ASPIRE TOURISM INDIA PRIVATE LIMITED
07-01-2025 14:33,3086114741409,WALLET_TOPUP,Deposit,Topup,,4730,,,4883.09,,Success,,4730,,9082325259,Paid using: Payphi; Payment Fee: 0.00; Merchant Txn Id: 2200248464224,,0,0,0,3086114741409,,,81068428,,,,,ASPIRE TOURISM INDIA PRIVATE LIMITED
07-01-2025 14:52,TJ9003114743897,RAIL,Deposit,Paid For Order,1047.7,,,,3835.39,,Success,,1047.7,,4944555446,,,0,0,0,TJ9003114743897,,81068428,81068428,,,,ASPIRE TOURISM INDIA PRIVATE LIMITED,ASPIRE TOURISM INDIA PRIVATE LIMITED
07-01-2025 14:56,TJ9044114744377,RAIL,Deposit,Paid For Order,1047.7,,,,2787.69,,Success,,1047.7,,6280035770,,,0,0,0,TJ9044114744377,,81068428,81068428,,,,ASPIRE TOURISM INDIA PRIVATE LIMITED,ASPIRE TOURISM INDIA PRIVATE LIMITED
07-01-2025 15:03,TJ9066114745228,RAIL,Deposit,Paid For Order,1047.7,,,,1739.99,,Success,,1047.7,,3054825361,,,0,0,0,TJ9066114745228,,81068428,81068428,,,,ASPIRE TOURISM INDIA PRIVATE LIMITED,ASPIRE TOURISM INDIA PRIVATE LIMITED
07-01-2025 15:13,TJ9056114746182,RAIL,Deposit,Paid For Order,1047.7,,,,692.29,,Success,,1047.7,,9156997230,,,0,0,0,TJ9056114746182,,81068428,81068428,,,,ASPIRE TOURISM INDIA PRIVATE LIMITED,ASPIRE TOURISM INDIA PRIVATE LIMITED
07-01-2025 17:54,3077114765031,WALLET_TOPUP,Deposit,Topup,,55000,,,55692.29,,Success,,55000,,3440036379,Paid using: hdfc_ccavenue; Payment Fee: 0.00; Merchant Txn Id: 113602711688,,0,0,0,3077114765031,,81068428,81068428,,,,ASPIRE TOURISM INDIA PRIVATE LIMITED,ASPIRE TOURISM INDIA PRIVATE LIMITED
07-01-2025 18:24,TJ9070114768816,RAIL,Deposit,Paid For Order,4947.7,,,,50744.59,,Success,,4947.7,,2263598585,,,0,0,0,TJ9070114768816,,81068428,81068428,,,,ASPIRE TOURISM INDIA PRIVATE LIMITED,ASPIRE TOURISM INDIA PRIVATE LIMITED
07-01-2025 18:30,TJ9040114769506,RAIL,Deposit,Paid For Order,4947.7,,,,45796.89,,Success,,4947.7,,6458658578,,,0,0,0,TJ9040114769506,,81068428,81068428,,,,ASPIRE TOURISM INDIA PRIVATE LIMITED,ASPIRE TOURISM INDIA PRIVATE LIMITED
07-01-2025 18:34,TJ9091114769988,RAIL,Deposit,Paid For Order,4947.7,,,,40849.19,,Success,,4947.7,,4550828157,,,0,0,0,TJ9091114769988,,81068428,81068428,,,,ASPIRE TOURISM INDIA PRIVATE LIMITED,ASPIRE TOURISM INDIA PRIVATE LIMITED
07-01-2025 18:38,TJ9080114770365,RAIL,Deposit,Paid For Order,4947.7,,,,35901.49,,Success,,4947.7,,5127037501,,,0,0,0,TJ9080114770365,,81068428,81068428,,,,ASPIRE TOURISM INDIA PRIVATE LIMITED,ASPIRE TOURISM INDIA PRIVATE LIMITED
07-01-2025 18:43,TJ9014114771016,RAIL,Deposit,Paid For Order,4947.7,,,,30953.79,,Success,,4947.7,,0650601201,,,0,0,0,TJ9014114771016,,81068428,81068428,,,,ASPIRE TOURISM INDIA PRIVATE LIMITED,ASPIRE TOURISM INDIA PRIVATE LIMITED
07-01-2025 19:17,TJ9080114770365,RAIL,Deposit,Reverse,,4947.7,,,35901.49,,Success,Topup,4947.7,,8689503753,,,0,0,0,TJ9080114770365,,,81068428,,,,,ASPIRE TOURISM INDIA PRIVATE LIMITED
07-01-2025 19:17,TJ9014114771016,RAIL,Deposit,Reverse,,4947.7,,,40849.19,,Success,Topup,4947.7,,9281547088,,,0,0,0,TJ9014114771016,,,81068428,,,,,ASPIRE TOURISM INDIA PRIVATE LIMITED
08-01-2025 09:52,TJ9021114824008,RAIL,Deposit,Paid For Order,4947.7,,,,35901.49,,Success,,4947.7,,3669099788,,,0,0,0,TJ9021114824008,,81068428,81068428,,,,ASPIRE TOURISM INDIA PRIVATE LIMITED,ASPIRE TOURISM INDIA PRIVATE LIMITED
08-01-2025 09:57,TJ9035114824290,RAIL,Deposit,Paid For Order,4947.7,,,,30953.79,,Success,,4947.7,,3954515028,,,0,0,0,TJ9035114824290,,81068428,81068428,,,,ASPIRE TOURISM INDIA PRIVATE LIMITED,ASPIRE TOURISM INDIA PRIVATE LIMITED
08-01-2025 10:37,TJ9035114824290,RAIL,Deposit,Reverse,,4947.7,,,35901.49,,Success,Topup,4947.7,,5566585783,,,0,0,0,TJ9035114824290,,,81068428,,,,,ASPIRE TOURISM INDIA PRIVATE LIMITED
08-01-2025 10:58,TJ9009114829412,RAIL,Deposit,Paid For Order,4947.7,,,,30953.79,,Success,,4947.7,,7647495857,,,0,0,0,TJ9009114829412,,81068428,81068428,,,,ASPIRE TOURISM INDIA PRIVATE LIMITED,ASPIRE TOURISM INDIA PRIVATE LIMITED
08-01-2025 11:12,TJ9081114830900,RAIL,Deposit,Paid For Order,4947.7,,,,26006.09,,Success,,4947.7,,8790639491,,,0,0,0,TJ9081114830900,,81068428,81068428,,,,ASPIRE TOURISM INDIA PRIVATE LIMITED,ASPIRE TOURISM INDIA PRIVATE LIMITED
08-01-2025 11:22,TJ9058114832214,RAIL,Deposit,Paid For Order,4947.7,,,,21058.39,,Success,,4947.7,,2560468198,,,0,0,0,TJ9058114832214,,81068428,81068428,,,,ASPIRE TOURISM INDIA PRIVATE LIMITED,ASPIRE TOURISM INDIA PRIVATE LIMITED
08-01-2025 11:39,TJ9003114834381,RAIL,Deposit,Paid For Order,4947.7,,,,16110.69,,Success,,4947.7,,9259849937,,,0,0,0,TJ9003114834381,,81068428,81068428,,,,ASPIRE TOURISM INDIA PRIVATE LIMITED,ASPIRE TOURISM INDIA PRIVATE LIMITED
08-01-2025 11:47,TJ9002114835431,RAIL,Deposit,Paid For Order,4947.7,,,,11162.99,,Success,,4947.7,,0500498075,,,0,0,0,TJ9002114835431,,81068428,81068428,,,,ASPIRE TOURISM INDIA PRIVATE LIMITED,ASPIRE TOURISM INDIA PRIVATE LIMITED
08-01-2025 12:23,TJ9093114840038,RAIL,Deposit,Paid For Order,4947.7,,,,6215.29,,Success,,4947.7,,5403340438,,,0,0,0,TJ9093114840038,,81068428,81068428,,,,ASPIRE TOURISM INDIA PRIVATE LIMITED,ASPIRE TOURISM INDIA PRIVATE LIMITED
08-01-2025 12:44,TJ9062114842965,RAIL,Deposit,Paid For Order,4947.7,,,,1267.59,,Success,,4947.7,,8297396536,,,0,0,0,TJ9062114842965,,81068428,81068428,,,,ASPIRE TOURISM INDIA PRIVATE LIMITED,ASPIRE TOURISM INDIA PRIVATE LIMITED
08-01-2025 12:57,TJ9093114840038,RAIL,Deposit,Reverse,,4947.7,,,6215.29,,Success,Topup,4947.7,,1232849485,,,0,0,0,TJ9093114840038,,,81068428,,,,,ASPIRE TOURISM INDIA PRIVATE LIMITED
08-01-2025 13:26,TJ9080114847693,RAIL,Deposit,Paid For Order,4947.7,,,,1267.59,,Success,,4947.7,,6289656563,,,0,0,0,TJ9080114847693,,81068428,81068428,,,,ASPIRE TOURISM INDIA PRIVATE LIMITED,ASPIRE TOURISM INDIA PRIVATE LIMITED
08-01-2025 14:07,TJ9080114847693,RAIL,Deposit,Reverse,,4947.7,,,6215.29,,Success,Topup,4947.7,,6708414775,,,0,0,0,TJ9080114847693,,,81068428,,,,,ASPIRE TOURISM INDIA PRIVATE LIMITED
08-01-2025 15:57,TJ9097114868713,RAIL,Deposit,Paid For Order,4947.7,,,,1267.59,,Success,,4947.7,,4916269046,,,0,0,0,TJ9097114868713,,81068428,81068428,,,,ASPIRE TOURISM INDIA PRIVATE LIMITED,ASPIRE TOURISM INDIA PRIVATE LIMITED
08-01-2025 16:06,3088114869675,WALLET_TOPUP,Deposit,Topup,,2000,,,3267.59,,Success,,2000,,6697539351,Paid using: Payphi; Payment Fee: 0.00; Merchant Txn Id: 4400248722294,,0,0,0,3088114869675,,81068428,81068428,,,,ASPIRE TOURISM INDIA PRIVATE LIMITED,ASPIRE TOURISM INDIA PRIVATE LIMITED
08-01-2025 18:10,TJ9020114884681,RAIL,Deposit,Paid For Order,1045.4,,,,2222.19,,Success,,1045.4,,9033264155,,,0,0,0,TJ9020114884681,,81068428,81068428,,,,ASPIRE TOURISM INDIA PRIVATE LIMITED,ASPIRE TOURISM INDIA PRIVATE LIMITED
08-01-2025 18:47,TJ9020114884681,RAIL,Deposit,Reverse,,1045.4,,,3267.59,,Success,Topup,1045.4,,8752764299,,,0,0,0,TJ9020114884681,,,81068428,,,,,ASPIRE TOURISM INDIA PRIVATE LIMITED
08-01-2025 18:53,TJ9062114890078,RAIL,Deposit,Paid For Order,1045.4,,,,2222.19,,Success,,1045.4,,1301322240,,,0,0,0,TJ9062114890078,,81068428,81068428,,,,ASPIRE TOURISM INDIA PRIVATE LIMITED,ASPIRE TOURISM INDIA PRIVATE LIMITED
08-01-2025 18:58,TJ9042114890616,RAIL,Deposit,Paid For Order,1455.4,,,,766.79,,Success,,1455.4,,8924691476,,,0,0,0,TJ9042114890616,,81068428,81068428,,,,ASPIRE TOURISM INDIA PRIVATE LIMITED,ASPIRE TOURISM INDIA PRIVATE LIMITED
08-01-2025 19:12,3074114892300,WALLET_TOPUP,Deposit,Topup,,34000,,,34766.79,,Success,,34000,,3882561865,Paid using: hdfc_ccavenue; Payment Fee: 15.00; Merchant Txn Id: 113604107203,,0,0,0,3074114892300,,81068428,81068428,,,,ASPIRE TOURISM INDIA PRIVATE LIMITED,ASPIRE TOURISM INDIA PRIVATE LIMITED
08-01-2025 19:16,TJ9068114893015,RAIL,Deposit,Paid For Order,2690.4,,,,32076.39,,Success,,2690.4,,7747456721,,,0,0,0,TJ9068114893015,,81068428,81068428,,,,ASPIRE TOURISM INDIA PRIVATE LIMITED,ASPIRE TOURISM INDIA PRIVATE LIMITED
08-01-2025 19:31,TJ9076114894938,RAIL,Deposit,Paid For Order,7185.4,,,,24890.99,,Success,,7185.4,,7269954422,,,0,0,0,TJ9076114894938,,81068428,81068428,,,,ASPIRE TOURISM INDIA PRIVATE LIMITED,ASPIRE TOURISM INDIA PRIVATE LIMITED
08-01-2025 19:35,TJ9015114895411,RAIL,Deposit,Paid For Order,1235.4,,,,23655.59,,Success,,1235.4,,0248124237,,,0,0,0,TJ9015114895411,,81068428,81068428,,,,ASPIRE TOURISM INDIA PRIVATE LIMITED,ASPIRE TOURISM INDIA PRIVATE LIMITED
08-01-2025 19:42,TJ9055114896163,RAIL,Deposit,Paid For Order,925.4,,,,22730.19,,Success,,925.4,,3853333668,,,0,0,0,TJ9055114896163,,81068428,81068428,,,,ASPIRE TOURISM INDIA PRIVATE LIMITED,ASPIRE TOURISM INDIA PRIVATE LIMITED
08-01-2025 19:44,TJ9064114896512,RAIL,Deposit,Paid For Order,1595.4,,,,21134.79,,Success,,1595.4,,9087066527,,,0,0,0,TJ9064114896512,,81068428,81068428,,,,ASPIRE TOURISM INDIA PRIVATE LIMITED,ASPIRE TOURISM INDIA PRIVATE LIMITED
08-01-2025 19:47,TJ9044114896786,RAIL,Deposit,Paid For Order,2485.4,,,,18649.39,,Success,,2485.4,,1640009152,,,0,0,0,TJ9044114896786,,81068428,81068428,,,,ASPIRE TOURISM INDIA PRIVATE LIMITED,ASPIRE TOURISM INDIA PRIVATE LIMITED
08-01-2025 19:50,TJ9047114897141,RAIL,Deposit,Paid For Order,3145.4,,,,15503.99,,Success,,3145.4,,0947905844,,,0,0,0,TJ9047114897141,,81068428,81068428,,,,ASPIRE TOURISM INDIA PRIVATE LIMITED,ASPIRE TOURISM INDIA PRIVATE LIMITED
08-01-2025 19:53,TJ9048114897463,RAIL,Deposit,Paid For Order,975.4,,,,14528.59,,Success,,975.4,,2812890072,,,0,0,0,TJ9048114897463,,81068428,81068428,,,,ASPIRE TOURISM INDIA PRIVATE LIMITED,ASPIRE TOURISM INDIA PRIVATE LIMITED
09-01-2025 12:33,3018114959532,WALLET_TOPUP,Deposit,Topup,,16116,,,30644.59,,Success,,16116,,2711836549,Paid using: Payphi; Payment Fee: 0.00; Merchant Txn Id: 4400248847160,,0,0,0,3018114959532,,81068428,81068428,,,,ASPIRE TOURISM INDIA PRIVATE LIMITED,ASPIRE TOURISM INDIA PRIVATE LIMITED
09-01-2025 12:50,TJ1010114961125,AIR,Deposit,Paid For Order,17412,,,,13232.59,,Success,,17412,,2951277478,,,0,0,0,TJ1010114961125,,81068428,81068428,,,,ASPIRE TOURISM INDIA PRIVATE LIMITED,ASPIRE TOURISM INDIA PRIVATE LIMITED
09-01-2025 12:50,TJ1010114961125,AIR,Deposit,Commission,,55.66,56.8,,13288.25,,Success,Topup,55.66,,0523599562,,,0,0,1.14,TJ1010114961125,,81068428,81068428,,,,ASPIRE TOURISM INDIA PRIVATE LIMITED,ASPIRE TOURISM INDIA PRIVATE LIMITED
09-01-2025 13:05,TJ9078114964389,RAIL,Deposit,Paid For Order,382.7,,,,12905.55,,Success,,382.7,,9674654667,,,0,0,0,TJ9078114964389,,81068428,81068428,,,,ASPIRE TOURISM INDIA PRIVATE LIMITED,ASPIRE TOURISM INDIA PRIVATE LIMITED
09-01-2025 13:08,TJ9083114964770,RAIL,Deposit,Paid For Order,412.7,,,,12492.85,,Success,,412.7,,1894701973,,,0,0,0,TJ9083114964770,,81068428,81068428,,,,ASPIRE TOURISM INDIA PRIVATE LIMITED,ASPIRE TOURISM INDIA PRIVATE LIMITED
09-01-2025 13:10,TJ9018114965122,RAIL,Deposit,Paid For Order,1745.4,,,,10747.45,,Success,,1745.4,,9870762846,,,0,0,0,TJ9018114965122,,81068428,81068428,,,,ASPIRE TOURISM INDIA PRIVATE LIMITED,ASPIRE TOURISM INDIA PRIVATE LIMITED
09-01-2025 13:13,TJ9024114965559,RAIL,Deposit,Paid For Order,2185.4,,,,8562.05,,Success,,2185.4,,6785589128,,,0,0,0,TJ9024114965559,,81068428,81068428,,,,ASPIRE TOURISM INDIA PRIVATE LIMITED,ASPIRE TOURISM INDIA PRIVATE LIMITED
09-01-2025 13:22,TJ9046114966849,RAIL,Deposit,Paid For Order,177.7,,,,8384.35,,Success,,177.7,,2004666166,,,0,0,0,TJ9046114966849,,81068428,81068428,,,,ASPIRE TOURISM INDIA PRIVATE LIMITED,ASPIRE TOURISM INDIA PRIVATE LIMITED
09-01-2025 13:30,TJ9032114967798,RAIL,Deposit,Paid For Order,557.7,,,,7826.65,,Success,,557.7,,2967657994,,,0,0,0,TJ9032114967798,,81068428,81068428,,,,ASPIRE TOURISM INDIA PRIVATE LIMITED,ASPIRE TOURISM INDIA PRIVATE LIMITED
09-01-2025 13:35,TJ9058114968555,RAIL,Deposit,Paid For Order,797.7,,,,7028.95,,Success,,797.7,,0209447509,,,0,0,0,TJ9058114968555,,81068428,81068428,,,,ASPIRE TOURISM INDIA PRIVATE LIMITED,ASPIRE TOURISM INDIA PRIVATE LIMITED
09-01-2025 13:38,TJ9069114968924,RAIL,Deposit,Paid For Order,3445.4,,,,3583.55,,Success,,3445.4,,0595575612,,,0,0,0,TJ9069114968924,,81068428,81068428,,,,ASPIRE TOURISM INDIA PRIVATE LIMITED,ASPIRE TOURISM INDIA PRIVATE LIMITED
09-01-2025 13:48,TJ1064114969398,AIR,Netbanking,Paid For Order,11227,,,,0,,Success,,11227,,5053957356,Paid using: Payphi; Payment Fee: 0.00; Merchant Txn Id: 2200248873772,,0,0,0,TJ1064114969398,,81068428,81068428,,,,ASPIRE TOURISM INDIA PRIVATE LIMITED,ASPIRE TOURISM INDIA PRIVATE LIMITED
09-01-2025 13:48,TJ1064114969398,AIR,Deposit,Commission,,29.28,29.880000000000003,,3612.83,,Success,Topup,29.28,,0379371037,,,0,0,0.6,TJ1064114969398,,81068428,81068428,,,,ASPIRE TOURISM INDIA PRIVATE LIMITED,ASPIRE TOURISM INDIA PRIVATE LIMITED
,,,,,,,,,,,,,,,,,,,,,,,,,,,,,
09-01-2025 17:11,3041114993459,WALLET_TOPUP,Deposit,Topup,,12700,,,16312.83,,Success,,12700,,8385812931,Paid using: hdfc_ccavenue; Payment Fee: 15.00; Merchant Txn Id: 113605192322,,0,0,0,3041114993459,,81068428,81068428,,,,ASPIRE TOURISM INDIA PRIVATE LIMITED,ASPIRE TOURISM INDIA PRIVATE LIMITED
09-01-2025 17:15,TJ9065114994046,RAIL,Deposit,Paid For Order,4325.4,,,,11987.43,,Success,,4325.4,,7510298273,,,0,0,0,TJ9065114994046,,81068428,81068428,,,,ASPIRE TOURISM INDIA PRIVATE LIMITED,ASPIRE TOURISM INDIA PRIVATE LIMITED
09-01-2025 17:19,TJ9010114994618,RAIL,Deposit,Paid For Order,327.7,,,,11659.73,,Success,,327.7,,1797859818,,,0,0,0,TJ9010114994618,,81068428,81068428,,,,ASPIRE TOURISM INDIA PRIVATE LIMITED,ASPIRE TOURISM INDIA PRIVATE LIMITED
09-01-2025 17:28,TJ9091114995619,RAIL,Deposit,Paid For Order,4197.7,,,,7462.03,,Success,,4197.7,,6962131658,,,0,0,0,TJ9091114995619,,81068428,81068428,,,,ASPIRE TOURISM INDIA PRIVATE LIMITED,ASPIRE TOURISM INDIA PRIVATE LIMITED
09-01-2025 17:39,TJ9067114996777,RAIL,Deposit,Paid For Order,5217.7,,,,2244.33,,Success,,5217.7,,0403311454,,,0,0,0,TJ9067114996777,,81068428,81068428,,,,ASPIRE TOURISM INDIA PRIVATE LIMITED,ASPIRE TOURISM INDIA PRIVATE LIMITED
09-01-2025 17:43,TJ9040114997215,RAIL,Deposit,Paid For Order,1757.7,,,,486.63,,Success,,1757.7,,3481282191,,,0,0,0,TJ9040114997215,,81068428,81068428,,,,ASPIRE TOURISM INDIA PRIVATE LIMITED,ASPIRE TOURISM INDIA PRIVATE LIMITED
10-01-2025 11:45,3064115067051,WALLET_TOPUP,Deposit,Topup,,25000,,,25486.63,,Success,,25000,,2926573812,Paid using: hdfc_ccavenue; Payment Fee: 0.00; Merchant Txn Id: 113605941735,,0,0,0,3064115067051,,81068428,81068428,,,,ASPIRE TOURISM INDIA PRIVATE LIMITED,ASPIRE TOURISM INDIA PRIVATE LIMITED
10-01-2025 11:57,TJ9050115068905,RAIL,Deposit,Paid For Order,4788.1,,,,20698.53,,Success,,4788.1,,3668784852,,,0,0,0,TJ9050115068905,,81068428,81068428,,,,ASPIRE TOURISM INDIA PRIVATE LIMITED,ASPIRE TOURISM INDIA PRIVATE LIMITED
10-01-2025 12:02,TJ9049115069679,RAIL,Deposit,Paid For Order,4788.1,,,,15910.43,,Success,,4788.1,,8947859151,,,0,0,0,TJ9049115069679,,81068428,81068428,,,,ASPIRE TOURISM INDIA PRIVATE LIMITED,ASPIRE TOURISM INDIA PRIVATE LIMITED
10-01-2025 12:03,TJ9035115069719,RAIL,Deposit,Paid For Order,4785.4,,,,11125.03,,Success,,4785.4,,1114472062,,,0,0,0,TJ9035115069719,,81068428,81068428,,,,ASPIRE TOURISM INDIA PRIVATE LIMITED,ASPIRE TOURISM INDIA PRIVATE LIMITED
10-01-2025 12:07,TJ9080115070363,RAIL,Deposit,Paid For Order,4788.1,,,,6336.93,,Success,,4788.1,,5460022893,,,0,0,0,TJ9080115070363,,81068428,81068428,,,,ASPIRE TOURISM INDIA PRIVATE LIMITED,ASPIRE TOURISM INDIA PRIVATE LIMITED
10-01-2025 12:10,TJ9068115070861,RAIL,Deposit,Paid For Order,4785.4,,,,1551.53,,Success,,4785.4,,7204790060,,,0,0,0,TJ9068115070861,,81068428,81068428,,,,ASPIRE TOURISM INDIA PRIVATE LIMITED,ASPIRE TOURISM INDIA PRIVATE LIMITED
10-01-2025 12:15,3093115071480,WALLET_TOPUP,Deposit,Topup,,100,,,1651.53,,Success,,100,,1607963463,Paid using: Payphi; Payment Fee: 0.00; Merchant Txn Id: 4400249075256,,0,0,0,3093115071480,,81068428,81068428,,,,ASPIRE TOURISM INDIA PRIVATE LIMITED,ASPIRE TOURISM INDIA PRIVATE LIMITED
10-01-2025 12:15,TJ9083115071387,RAIL,Deposit,Paid For Order,1625.4,,,,26.13,,Success,,1625.4,,8272160914,,,0,0,0,TJ9083115071387,,81068428,81068428,,,,ASPIRE TOURISM INDIA PRIVATE LIMITED,ASPIRE TOURISM INDIA PRIVATE LIMITED
10-01-2025 18:52,3068115121197,WALLET_TOPUP,Deposit,Topup,,50000,,,50026.13,,Success,,50000,,8158074241,Paid using: hdfc_ccavenue; Payment Fee: 0.00; Merchant Txn Id: 113606611608,,0,0,0,3068115121197,,81068428,81068428,,,,ASPIRE TOURISM INDIA PRIVATE LIMITED,ASPIRE TOURISM INDIA PRIVATE LIMITED
10-01-2025 19:03,TJ9041115122479,RAIL,Deposit,Paid For Order,12195.4,,,,37830.73,,Success,,12195.4,,8567707639,,,0,0,0,TJ9041115122479,,81068428,81068428,,,,ASPIRE TOURISM INDIA PRIVATE LIMITED,ASPIRE TOURISM INDIA PRIVATE LIMITED
10-01-2025 19:05,TJ9001115122673,RAIL,Deposit,Paid For Order,11565.4,,,,26265.33,,Success,,11565.4,,1219493146,,,0,0,0,TJ9001115122673,,81068428,81068428,,,,ASPIRE TOURISM INDIA PRIVATE LIMITED,ASPIRE TOURISM INDIA PRIVATE LIMITED
10-01-2025 19:09,TJ9050115123134,RAIL,Deposit,Paid For Order,4095.4,,,,22169.93,,Success,,4095.4,,0614241400,,,0,0,0,TJ9050115123134,,81068428,81068428,,,,ASPIRE TOURISM INDIA PRIVATE LIMITED,ASPIRE TOURISM INDIA PRIVATE LIMITED
10-01-2025 19:13,TJ9074115123542,RAIL,Deposit,Paid For Order,11565.4,,,,10604.53,,Success,,11565.4,,3889823263,,,0,0,0,TJ9074115123542,,81068428,81068428,,,,ASPIRE TOURISM INDIA PRIVATE LIMITED,ASPIRE TOURISM INDIA PRIVATE LIMITED
10-01-2025 19:16,3004115123730,WALLET_TOPUP,Deposit,Topup,,50000,,,60604.53,,Success,,50000,,0438588237,Paid using: hdfc_ccavenue; Payment Fee: 0.00; Merchant Txn Id: 113606642701,,0,0,0,3004115123730,,81068428,81068428,,,,ASPIRE TOURISM INDIA PRIVATE LIMITED,ASPIRE TOURISM INDIA PRIVATE LIMITED
10-01-2025 19:17,TJ9043115123667,RAIL,Deposit,Paid For Order,11565.4,,,,49039.13,,Success,,11565.4,,9285178086,,,0,0,0,TJ9043115123667,,81068428,81068428,,,,ASPIRE TOURISM INDIA PRIVATE LIMITED,ASPIRE TOURISM INDIA PRIVATE LIMITED
10-01-2025 19:20,TJ9034115124258,RAIL,Deposit,Paid For Order,11565.4,,,,37473.73,,Success,,11565.4,,2580835081,,,0,0,0,TJ9034115124258,,81068428,81068428,,,,ASPIRE TOURISM INDIA PRIVATE LIMITED,ASPIRE TOURISM INDIA PRIVATE LIMITED
10-01-2025 19:21,TJ9062115124448,RAIL,Deposit,Paid For Order,1965.4,,,,35508.33,,Success,,1965.4,,1173570485,,,0,0,0,TJ9062115124448,,81068428,81068428,,,,ASPIRE TOURISM INDIA PRIVATE LIMITED,ASPIRE TOURISM INDIA PRIVATE LIMITED
10-01-2025 19:36,TJ9057115126075,RAIL,Deposit,Paid For Order,18135.4,,,,17372.93,,Success,,18135.4,,2244595789,,,0,0,0,TJ9057115126075,,81068428,81068428,,,,ASPIRE TOURISM INDIA PRIVATE LIMITED,ASPIRE TOURISM INDIA PRIVATE LIMITED
10-01-2025 19:47,3055115127217,WALLET_TOPUP,Deposit,Topup,,1000,,,18372.93,,Success,,1000,,0234805573,Paid using: Payphi; Payment Fee: 0.00; Merchant Txn Id: 2200249207988,,0,0,0,3055115127217,,81068428,81068428,,,,ASPIRE TOURISM INDIA PRIVATE LIMITED,ASPIRE TOURISM INDIA PRIVATE LIMITED
10-01-2025 19:54,TJ9035115127885,RAIL,Deposit,Paid For Order,18135.4,,,,237.53,,Success,,18135.4,,9701149713,,,0,0,0,TJ9035115127885,,81068428,81068428,,,,ASPIRE TOURISM INDIA PRIVATE LIMITED,ASPIRE TOURISM INDIA PRIVATE LIMITED
11-01-2025 10:41,3067115176217,WALLET_TOPUP,Deposit,Topup,,85000,,,85237.53,,Success,,85000,,1429104770,Paid using: hdfc_ccavenue; Payment Fee: 0.00; Merchant Txn Id: 113607099572,,0,0,0,3067115176217,,81068428,81068428,,,,ASPIRE TOURISM INDIA PRIVATE LIMITED,ASPIRE TOURISM INDIA PRIVATE LIMITED
11-01-2025 12:42,TJ9072115190515,RAIL,Deposit,Paid For Order,18135.4,,,,67102.13,,Success,,18135.4,,9265085393,,,0,0,0,TJ9072115190515,,81068428,81068428,,,,ASPIRE TOURISM INDIA PRIVATE LIMITED,ASPIRE TOURISM INDIA PRIVATE LIMITED
11-01-2025 13:02,TJ9062115193249,RAIL,Deposit,Paid For Order,18135.4,,,,48966.73,,Success,,18135.4,,2129480433,,,0,0,0,TJ9062115193249,,81068428,81068428,,,,ASPIRE TOURISM INDIA PRIVATE LIMITED,ASPIRE TOURISM INDIA PRIVATE LIMITED
11-01-2025 13:07,TJ9088115193957,RAIL,Deposit,Paid For Order,18135.4,,,,30831.33,,Success,,18135.4,,3440513573,,,0,0,0,TJ9088115193957,,81068428,81068428,,,,ASPIRE TOURISM INDIA PRIVATE LIMITED,ASPIRE TOURISM INDIA PRIVATE LIMITED
11-01-2025 13:19,TJ9014115195604,RAIL,Deposit,Paid For Order,9090.4,,,,21740.93,,Success,,9090.4,,0940653926,,,0,0,0,TJ9014115195604,,81068428,81068428,,,,ASPIRE TOURISM INDIA PRIVATE LIMITED,ASPIRE TOURISM INDIA PRIVATE LIMITED
11-01-2025 13:47,TJ9088115193957,RAIL,Deposit,Reverse,,18135.4,,,39876.33,,Success,Topup,18135.4,,2314092044,,,0,0,0,TJ9088115193957,,,81068428,,,,,ASPIRE TOURISM INDIA PRIVATE LIMITED
11-01-2025 14:47,TJ9082115205704,RAIL,Deposit,Paid For Order,18135.4,,,,21740.93,,Success,,18135.4,,4922641988,,,0,0,0,TJ9082115205704,,81068428,81068428,,,,ASPIRE TOURISM INDIA PRIVATE LIMITED,ASPIRE TOURISM INDIA PRIVATE LIMITED
11-01-2025 14:57,TJ9045115206736,RAIL,Deposit,Paid For Order,1017.7,,,,20723.23,,Success,,1017.7,,8255566901,,,0,0,0,TJ9045115206736,,81068428,81068428,,,,ASPIRE TOURISM INDIA PRIVATE LIMITED,ASPIRE TOURISM INDIA PRIVATE LIMITED
11-01-2025 15:06,TJ9030115207703,RAIL,Deposit,Paid For Order,1017.7,,,,19705.53,,Success,,1017.7,,2198700917,,,0,0,0,TJ9030115207703,,81068428,81068428,,,,ASPIRE TOURISM INDIA PRIVATE LIMITED,ASPIRE TOURISM INDIA PRIVATE LIMITED
11-01-2025 15:12,TJ9025115208319,RAIL,Deposit,Paid For Order,5985.4,,,,13720.13,,Success,,5985.4,,3814295348,,,0,0,0,TJ9025115208319,,81068428,81068428,,,,ASPIRE TOURISM INDIA PRIVATE LIMITED,ASPIRE TOURISM INDIA PRIVATE LIMITED
11-01-2025 15:14,TJ9044115208564,RAIL,Deposit,Paid For Order,1017.7,,,,12702.43,,Success,,1017.7,,3620663822,,,0,0,0,TJ9044115208564,,81068428,81068428,,,,ASPIRE TOURISM INDIA PRIVATE LIMITED,ASPIRE TOURISM INDIA PRIVATE LIMITED
11-01-2025 15:21,TJ9074115209244,RAIL,Deposit,Paid For Order,1017.7,,,,11684.73,,Success,,1017.7,,6442655099,,,0,0,0,TJ9074115209244,,81068428,81068428,,,,ASPIRE TOURISM INDIA PRIVATE LIMITED,ASPIRE TOURISM INDIA PRIVATE LIMITED
11-01-2025 15:22,TJ9049115209264,RAIL,Deposit,Paid For Order,5985.4,,,,5699.33,,Success,,5985.4,,3503207279,,,0,0,0,TJ9049115209264,,81068428,81068428,,,,ASPIRE TOURISM INDIA PRIVATE LIMITED,ASPIRE TOURISM INDIA PRIVATE LIMITED
11-01-2025 15:27,TJ9037115209795,RAIL,Deposit,Paid For Order,1017.7,,,,4681.63,,Success,,1017.7,,6405013063,,,0,0,0,TJ9037115209795,,81068428,81068428,,,,ASPIRE TOURISM INDIA PRIVATE LIMITED,ASPIRE TOURISM INDIA PRIVATE LIMITED
11-01-2025 15:34,TJ9083115210626,RAIL,Deposit,Paid For Order,522.7,,,,4158.93,,Success,,522.7,,3936458748,,,0,0,0,TJ9083115210626,,81068428,81068428,,,,ASPIRE TOURISM INDIA PRIVATE LIMITED,ASPIRE TOURISM INDIA PRIVATE LIMITED
11-01-2025 15:38,3019115210956,WALLET_TOPUP,Deposit,Topup,,35000,,,39158.93,,Success,,35000,,5034288668,Paid using: hdfc_ccavenue; Payment Fee: 0.00; Merchant Txn Id: 113607492783,,0,0,0,3019115210956,,81068428,81068428,,,,ASPIRE TOURISM INDIA PRIVATE LIMITED,ASPIRE TOURISM INDIA PRIVATE LIMITED
11-01-2025 15:43,TJ9065115211602,RAIL,Deposit,Paid For Order,5985.4,,,,33173.53,,Success,,5985.4,,6043600736,,,0,0,0,TJ9065115211602,,81068428,81068428,,,,ASPIRE TOURISM INDIA PRIVATE LIMITED,ASPIRE TOURISM INDIA PRIVATE LIMITED
11-01-2025 15:50,TJ9051115212327,RAIL,Deposit,Paid For Order,5985.4,,,,27188.13,,Success,,5985.4,,0171119337,,,0,0,0,TJ9051115212327,,81068428,81068428,,,,ASPIRE TOURISM INDIA PRIVATE LIMITED,ASPIRE TOURISM INDIA PRIVATE LIMITED
11-01-2025 15:54,TJ9058115212775,RAIL,Deposit,Paid For Order,5985.4,,,,21202.73,,Success,,5985.4,,2540433720,,,0,0,0,TJ9058115212775,,81068428,81068428,,,,ASPIRE TOURISM INDIA PRIVATE LIMITED,ASPIRE TOURISM INDIA PRIVATE LIMITED
11-01-2025 15:59,TJ9021115213569,RAIL,Deposit,Paid For Order,3015.4,,,,18187.33,,Success,,3015.4,,7585823075,,,0,0,0,TJ9021115213569,,81068428,81068428,,,,ASPIRE TOURISM INDIA PRIVATE LIMITED,ASPIRE TOURISM INDIA PRIVATE LIMITED
11-01-2025 16:06,TJ9052115214300,RAIL,Deposit,Paid For Order,13755.4,,,,4431.93,,Success,,13755.4,,9261807502,,,0,0,0,TJ9052115214300,,81068428,81068428,,,,ASPIRE TOURISM INDIA PRIVATE LIMITED,ASPIRE TOURISM INDIA PRIVATE LIMITED
11-01-2025 16:21,3049115215603,WALLET_TOPUP,Deposit,Topup,,60000,,,64431.93,,Success,,60000,,8187873067,Paid using: hdfc_ccavenue; Payment Fee: 15.00; Merchant Txn Id: 113607544042,,0,0,0,3049115215603,,81068428,81068428,,,,ASPIRE TOURISM INDIA PRIVATE LIMITED,ASPIRE TOURISM INDIA PRIVATE LIMITED
11-01-2025 16:23,TJ9000115214696,RAIL,Deposit,Paid For Order,13755.4,,,,50676.53,,Success,,13755.4,,5144936160,,,0,0,0,TJ9000115214696,,81068428,81068428,,,,ASPIRE TOURISM INDIA PRIVATE LIMITED,ASPIRE TOURISM INDIA PRIVATE LIMITED
11-01-2025 16:32,TJ9039115216918,RAIL,Deposit,Paid For Order,13755.4,,,,36921.13,,Success,,13755.4,,5327336711,,,0,0,0,TJ9039115216918,,81068428,81068428,,,,ASPIRE TOURISM INDIA PRIVATE LIMITED,ASPIRE TOURISM INDIA PRIVATE LIMITED
11-01-2025 16:37,TJ9040115217374,RAIL,Deposit,Paid For Order,13755.4,,,,23165.73,,Success,,13755.4,,7461978739,,,0,0,0,TJ9040115217374,,81068428,81068428,,,,ASPIRE TOURISM INDIA PRIVATE LIMITED,ASPIRE TOURISM INDIA PRIVATE LIMITED
11-01-2025 16:40,TJ9081115217721,RAIL,Deposit,Paid For Order,13755.4,,,,9410.33,,Success,,13755.4,,5702683019,,,0,0,0,TJ9081115217721,,81068428,81068428,,,,ASPIRE TOURISM INDIA PRIVATE LIMITED,ASPIRE TOURISM INDIA PRIVATE LIMITED
11-01-2025 16:45,TJ9009115218225,RAIL,Deposit,Paid For Order,6900.4,,,,2509.93,,Success,,6900.4,,4393159910,,,0,0,0,TJ9009115218225,,81068428,81068428,,,,ASPIRE TOURISM INDIA PRIVATE LIMITED,ASPIRE TOURISM INDIA PRIVATE LIMITED
11-01-2025 16:57,TJ9000115214696,RAIL,Deposit,Reverse,,13755.4,,,16265.33,,Success,Topup,13755.4,,0007661783,,,0,0,0,TJ9000115214696,,,81068428,,,,,ASPIRE TOURISM INDIA PRIVATE LIMITED
11-01-2025 17:09,TJ9036115220595,RAIL,Deposit,Paid For Order,13755.4,,,,2509.93,,Success,,13755.4,,1718639745,,,0,0,0,TJ9036115220595,,81068428,81068428,,,,ASPIRE TOURISM INDIA PRIVATE LIMITED,ASPIRE TOURISM INDIA PRIVATE LIMITED
12-01-2025 10:55,TJ9011115273281,RAIL,Deposit,Paid For Order,835.4,,,,1674.53,,Success,,835.4,,2326108357,,,0,0,0,TJ9011115273281,,81068428,81068428,,,,ASPIRE TOURISM INDIA PRIVATE LIMITED,ASPIRE TOURISM INDIA PRIVATE LIMITED
12-01-2025 19:00,TJ9066114745228,RAIL,Deposit,Refund,,510,,,2184.53,,Success,Topup,510,,9854716336,,,0,0,0,TJ9066114745228,TJA90115312011,81068428,81068428,,,,ASPIRE TOURISM INDIA PRIVATE LIMITED,ASPIRE TOURISM INDIA PRIVATE LIMITED
12-01-2025 19:02,TJ9003114743897,RAIL,Deposit,Refund,,510,,,2694.53,,Success,Topup,510,,3838829347,,,0,0,0,TJ9003114743897,TJA59115312378,81068428,81068428,,,,ASPIRE TOURISM INDIA PRIVATE LIMITED,ASPIRE TOURISM INDIA PRIVATE LIMITED
12-01-2025 19:04,TJ9056114746182,RAIL,Deposit,Refund,,660,,,3354.53,,Success,Topup,660,,9963523509,,,0,0,0,TJ9056114746182,TJA64115312532,81068428,81068428,,,,ASPIRE TOURISM INDIA PRIVATE LIMITED,ASPIRE TOURISM INDIA PRIVATE LIMITED
12-01-2025 19:09,TJ9044114744377,RAIL,Deposit,Refund,,660,,,4014.53,,Success,Topup,660,,8219938638,,,0,0,0,TJ9044114744377,TJA80115312962,81068428,81068428,,,,ASPIRE TOURISM INDIA PRIVATE LIMITED,ASPIRE TOURISM INDIA PRIVATE LIMITED
13-01-2025 09:44,3008115350151,WALLET_TOPUP,Deposit,Topup,,25000,,,29014.53,,Success,,25000,,3741751776,Paid using: Payphi; Payment Fee: 0.00; Merchant Txn Id: 2200249612483,,0,0,0,3008115350151,,81068428,81068428,,,,ASPIRE TOURISM INDIA PRIVATE LIMITED,ASPIRE TOURISM INDIA PRIVATE LIMITED
13-01-2025 09:47,TJ9054115350502,RAIL,Deposit,Paid For Order,4785.4,,,,24229.13,,Success,,4785.4,,1410049141,,,0,0,0,TJ9054115350502,,81068428,81068428,,,,ASPIRE TOURISM INDIA PRIVATE LIMITED,ASPIRE TOURISM INDIA PRIVATE LIMITED
13-01-2025 09:55,TJ9098115351020,RAIL,Deposit,Paid For Order,4785.4,,,,19443.73,,Success,,4785.4,,9878635176,,,0,0,0,TJ9098115351020,,81068428,81068428,,,,ASPIRE TOURISM INDIA PRIVATE LIMITED,ASPIRE TOURISM INDIA PRIVATE LIMITED
13-01-2025 10:03,TJ9077115351504,RAIL,Deposit,Paid For Order,4785.4,,,,14658.33,,Success,,4785.4,,9465540122,,,0,0,0,TJ9077115351504,,81068428,81068428,,,,ASPIRE TOURISM INDIA PRIVATE LIMITED,ASPIRE TOURISM INDIA PRIVATE LIMITED
13-01-2025 10:09,TJ9009115351967,RAIL,Deposit,Paid For Order,4785.4,,,,9872.93,,Success,,4785.4,,6325229222,,,0,0,0,TJ9009115351967,,81068428,81068428,,,,ASPIRE TOURISM INDIA PRIVATE LIMITED,ASPIRE TOURISM INDIA PRIVATE LIMITED
13-01-2025 10:14,TJ9037115352557,RAIL,Deposit,Paid For Order,4785.4,,,,5087.53,,Success,,4785.4,,5183307947,,,0,0,0,TJ9037115352557,,81068428,81068428,,,,ASPIRE TOURISM INDIA PRIVATE LIMITED,ASPIRE TOURISM INDIA PRIVATE LIMITED
13-01-2025 10:22,TJ9005115353361,RAIL,Deposit,Paid For Order,2415.4,,,,2672.13,,Success,,2415.4,,5855540366,,,0,0,0,TJ9005115353361,,81068428,81068428,,,,ASPIRE TOURISM INDIA PRIVATE LIMITED,ASPIRE TOURISM INDIA PRIVATE LIMITED
16-01-2025 17:10,TJ9099110495721,RAIL,Deposit,Refund,,5220,,,7892.13,,Success,Topup,5220,,4581349883,,,0,0,0,TJ9099110495721,TJA81115704229,81068428,81068428,,,,ASPIRE TOURISM INDIA PRIVATE LIMITED,ASPIRE TOURISM INDIA PRIVATE LIMITED
17-01-2025 18:36,3014115815552,WALLET_TOPUP,Deposit,Topup,,30000,,,37892.13,,Success,,30000,,6450460751,Paid using: hdfc_ccavenue; Payment Fee: 15.00; Merchant Txn Id: 113614423514,,0,0,0,3014115815552,,,81068428,,,,,ASPIRE TOURISM INDIA PRIVATE LIMITED
18-01-2025 11:43,TJ9055115867247,RAIL,Deposit,Paid For Order,2547.7,,,,35344.43,,Success,,2547.7,,6791487485,,,0,0,0,TJ9055115867247,,81068428,81068428,,,,ASPIRE TOURISM INDIA PRIVATE LIMITED,ASPIRE TOURISM INDIA PRIVATE LIMITED
18-01-2025 11:50,TJ9059115868118,RAIL,Deposit,Paid For Order,2547.7,,,,32796.73,,Success,,2547.7,,3765720263,,,0,0,0,TJ9059115868118,,81068428,81068428,,,,ASPIRE TOURISM INDIA PRIVATE LIMITED,ASPIRE TOURISM INDIA PRIVATE LIMITED
18-01-2025 11:58,TJ9067115869043,RAIL,Deposit,Paid For Order,2547.7,,,,30249.03,,Success,,2547.7,,1208115409,,,0,0,0,TJ9067115869043,,81068428,81068428,,,,ASPIRE TOURISM INDIA PRIVATE LIMITED,ASPIRE TOURISM INDIA PRIVATE LIMITED
18-01-2025 12:09,TJ9068115869381,RAIL,Deposit,Paid For Order,2547.7,,,,27701.33,,Success,,2547.7,,6315608418,,,0,0,0,TJ9068115869381,,81068428,81068428,,,,ASPIRE TOURISM INDIA PRIVATE LIMITED,ASPIRE TOURISM INDIA PRIVATE LIMITED
18-01-2025 12:16,TJ9041115871074,RAIL,Deposit,Paid For Order,2547.7,,,,25153.63,,Success,,2547.7,,6984186548,,,0,0,0,TJ9041115871074,,81068428,81068428,,,,ASPIRE TOURISM INDIA PRIVATE LIMITED,ASPIRE TOURISM INDIA PRIVATE LIMITED
18-01-2025 12:21,TJ9054115871902,RAIL,Deposit,Paid For Order,2547.7,,,,22605.93,,Success,,2547.7,,7060334935,,,0,0,0,TJ9054115871902,,81068428,81068428,,,,ASPIRE TOURISM INDIA PRIVATE LIMITED,ASPIRE TOURISM INDIA PRIVATE LIMITED
18-01-2025 12:26,TJ9061115872381,RAIL,Deposit,Paid For Order,2547.7,,,,20058.23,,Success,,2547.7,,5652508064,,,0,0,0,TJ9061115872381,,81068428,81068428,,,,ASPIRE TOURISM INDIA PRIVATE LIMITED,ASPIRE TOURISM INDIA PRIVATE LIMITED
18-01-2025 12:33,TJ9020115873342,RAIL,Deposit,Paid For Order,2127.7,,,,17930.53,,Success,,2127.7,,4842000861,,,0,0,0,TJ9020115873342,,81068428,81068428,,,,ASPIRE TOURISM INDIA PRIVATE LIMITED,ASPIRE TOURISM INDIA PRIVATE LIMITED
18-01-2025 12:47,TJ9068115869381,RAIL,Deposit,Reverse,,2547.7,,,20478.23,,Success,Topup,2547.7,,9002630352,,,0,0,0,TJ9068115869381,,,81068428,,,,,ASPIRE TOURISM INDIA PRIVATE LIMITED
18-01-2025 12:56,TJ9073115876067,RAIL,Deposit,Paid For Order,2547.7,,,,17930.53,,Success,,2547.7,,6785912543,,,0,0,0,TJ9073115876067,,81068428,81068428,,,,ASPIRE TOURISM INDIA PRIVATE LIMITED,ASPIRE TOURISM INDIA PRIVATE LIMITED
18-01-2025 13:00,TJ9012115876509,RAIL,Deposit,Paid For Order,1107.7,,,,16822.83,,Success,,1107.7,,4195650553,,,0,0,0,TJ9012115876509,,81068428,81068428,,,,ASPIRE TOURISM INDIA PRIVATE LIMITED,ASPIRE TOURISM INDIA PRIVATE LIMITED
18-01-2025 13:03,TJ9045115876833,RAIL,Deposit,Paid For Order,1107.7,,,,15715.13,,Success,,1107.7,,7280453038,,,0,0,0,TJ9045115876833,,81068428,81068428,,,,ASPIRE TOURISM INDIA PRIVATE LIMITED,ASPIRE TOURISM INDIA PRIVATE LIMITED
18-01-2025 13:06,TJ9044115877221,RAIL,Deposit,Paid For Order,1107.7,,,,14607.43,,Success,,1107.7,,9965368199,,,0,0,0,TJ9044115877221,,81068428,81068428,,,,ASPIRE TOURISM INDIA PRIVATE LIMITED,ASPIRE TOURISM INDIA PRIVATE LIMITED
18-01-2025 13:09,TJ9087115877596,RAIL,Deposit,Paid For Order,1107.7,,,,13499.73,,Success,,1107.7,,7705566067,,,0,0,0,TJ9087115877596,,81068428,81068428,,,,ASPIRE TOURISM INDIA PRIVATE LIMITED,ASPIRE TOURISM INDIA PRIVATE LIMITED
18-01-2025 13:14,TJ9074115878178,RAIL,Deposit,Paid For Order,1107.7,,,,12392.03,,Success,,1107.7,,6516982770,,,0,0,0,TJ9074115878178,,81068428,81068428,,,,ASPIRE TOURISM INDIA PRIVATE LIMITED,ASPIRE TOURISM INDIA PRIVATE LIMITED
18-01-2025 13:16,TJ9073115878477,RAIL,Deposit,Paid For Order,1107.7,,,,11284.33,,Success,,1107.7,,3465614389,,,0,0,0,TJ9073115878477,,81068428,81068428,,,,ASPIRE TOURISM INDIA PRIVATE LIMITED,ASPIRE TOURISM INDIA PRIVATE LIMITED
18-01-2025 13:19,TJ9021115878793,RAIL,Deposit,Paid For Order,1107.7,,,,10176.63,,Success,,1107.7,,2302422164,,,0,0,0,TJ9021115878793,,81068428,81068428,,,,ASPIRE TOURISM INDIA PRIVATE LIMITED,ASPIRE TOURISM INDIA PRIVATE LIMITED
18-01-2025 13:24,TJ9060115879318,RAIL,Deposit,Paid For Order,927.7,,,,9248.93,,Success,,927.7,,3062086800,,,0,0,0,TJ9060115879318,,81068428,81068428,,,,ASPIRE TOURISM INDIA PRIVATE LIMITED,ASPIRE TOURISM INDIA PRIVATE LIMITED
18-01-2025 14:55,TJ9068115888477,RAIL,Deposit,Paid For Order,3380.4,,,,5868.53,,Success,,3380.4,,0291357458,,,0,0,0,TJ9068115888477,,81068428,81068428,,,,ASPIRE TOURISM INDIA PRIVATE LIMITED,ASPIRE TOURISM INDIA PRIVATE LIMITED
21-01-2025 11:08,TJ9011116124279,RAIL,Deposit,Paid For Order,960.4,,,,4908.13,,Success,,960.4,,9646276569,,,0,0,0,TJ9011116124279,,81068428,81068428,,,,ASPIRE TOURISM INDIA PRIVATE LIMITED,ASPIRE TOURISM INDIA PRIVATE LIMITED
23-01-2025 10:13,TJ9044116332767,RAIL,Deposit,Paid For Order,2337.7,,,,2570.43,,Success,,2337.7,,8180078344,,,0,0,0,TJ9044116332767,,81068428,81068428,,,,ASPIRE TOURISM INDIA PRIVATE LIMITED,ASPIRE TOURISM INDIA PRIVATE LIMITED
23-01-2025 10:24,TJ9094116334231,RAIL,Deposit,Paid For Order,797.7,,,,1772.73,,Success,,797.7,,1019073641,,,0,0,0,TJ9094116334231,,81068428,81068428,,,,ASPIRE TOURISM INDIA PRIVATE LIMITED,ASPIRE TOURISM INDIA PRIVATE LIMITED
23-01-2025 19:23,3078116403569,WALLET_TOPUP,Deposit,Topup,,7000,,,8772.73,,Success,,7000,,0493078331,Paid using: Payphi; Payment Fee: 0.00; Merchant Txn Id: 2200251820947,,0,0,0,3078116403569,,81068428,81068428,,,,ASPIRE TOURISM INDIA PRIVATE LIMITED,ASPIRE TOURISM INDIA PRIVATE LIMITED
23-01-2025 19:31,TJ9076116404587,RAIL,Deposit,Paid For Order,3927.7,,,,4845.03,,Success,,3927.7,,5942613744,,,0,0,0,TJ9076116404587,,81068428,81068428,,,,ASPIRE TOURISM INDIA PRIVATE LIMITED,ASPIRE TOURISM INDIA PRIVATE LIMITED
23-01-2025 19:34,TJ9018116404826,RAIL,Deposit,Paid For Order,3927.7,,,,917.33,,Success,,3927.7,,4182253382,,,0,0,0,TJ9018116404826,,81068428,81068428,,,,ASPIRE TOURISM INDIA PRIVATE LIMITED,ASPIRE TOURISM INDIA PRIVATE LIMITED
25-01-2025 18:18,3093116602462,WALLET_TOPUP,Deposit,Topup,,12200,,,13117.33,,Success,,12200,,7381247862,Paid using: Payphi; Payment Fee: 0.00; Merchant Txn Id: 4400252220165,,0,0,0,3093116602462,,81068428,81068428,,,,ASPIRE TOURISM INDIA PRIVATE LIMITED,ASPIRE TOURISM INDIA PRIVATE LIMITED
25-01-2025 18:30,TJ9002116603720,RAIL,Deposit,Paid For Order,4725.4,,,,8391.93,,Success,,4725.4,,3673149832,,,0,0,0,TJ9002116603720,,81068428,81068428,,,,ASPIRE TOURISM INDIA PRIVATE LIMITED,ASPIRE TOURISM INDIA PRIVATE LIMITED
25-01-2025 18:45,TJ9059116605560,RAIL,Deposit,Paid For Order,8387.2,,,,4.73,,Success,,8387.2,,7095597346,,,0,0,0,TJ9059116605560,,81068428,81068428,,,,ASPIRE TOURISM INDIA PRIVATE LIMITED,ASPIRE TOURISM INDIA PRIVATE LIMITED
25-01-2025 19:17,TJ9059116605560,RAIL,Deposit,Reverse,,8387.2,,,8391.93,,Success,Topup,8387.2,,7079261713,,,0,0,0,TJ9059116605560,,,81068428,,,,,ASPIRE TOURISM INDIA PRIVATE LIMITED
26-01-2025 00:57,TJ9077116634253,RAIL,Deposit,Paid For Order,2520.4,,,,5871.53,,Success,,2520.4,,0150582667,,,0,0,0,TJ9077116634253,,81068428,81068428,,,,ASPIRE TOURISM INDIA PRIVATE LIMITED,ASPIRE TOURISM INDIA PRIVATE LIMITED
26-01-2025 01:08,TJ9028116634610,RAIL,Deposit,Paid For Order,2520.4,,,,3351.13,,Success,,2520.4,,9921746753,,,0,0,0,TJ9028116634610,,81068428,81068428,,,,ASPIRE TOURISM INDIA PRIVATE LIMITED,ASPIRE TOURISM INDIA PRIVATE LIMITED
26-01-2025 01:16,TJ9030116634868,RAIL,Deposit,Paid For Order,2520.4,,,,830.73,,Success,,2520.4,,0934415337,,,0,0,0,TJ9030116634868,,81068428,81068428,,,,ASPIRE TOURISM INDIA PRIVATE LIMITED,ASPIRE TOURISM INDIA PRIVATE LIMITED
26-01-2025 01:25,3070116635037,WALLET_TOPUP,Netbanking,Topup,90720,,,,0,,Failure,,90000,,4067525760,Payment Failed. Paid using: Payphi; Payment Fee: 720.00; Failure reason: Request processed successfully,,720,0,0,3070116635037,,,81068428,,,,,ASPIRE TOURISM INDIA PRIVATE LIMITED
26-01-2025 01:33,3070116635037,WALLET_TOPUP,Deposit,Topup,,90000,,,90830.73,,Success,,90000,,0593359953,Paid using: Juspay; Payment Fee: 0.00; Merchant Txn Id: tripjack-3070116635037-1,,0,0,0,3070116635037,,81068428,81068428,,,,ASPIRE TOURISM INDIA PRIVATE LIMITED,ASPIRE TOURISM INDIA PRIVATE LIMITED
26-01-2025 01:40,TJ9076116635578,RAIL,Deposit,Paid For Order,2520.4,,,,88310.33,,Success,,2520.4,,4256489064,,,0,0,0,TJ9076116635578,,81068428,81068428,,,,ASPIRE TOURISM INDIA PRIVATE LIMITED,ASPIRE TOURISM INDIA PRIVATE LIMITED
26-01-2025 01:47,TJ9052116635752,RAIL,Deposit,Paid For Order,2520.4,,,,85789.93,,Success,,2520.4,,9424456872,,,0,0,0,TJ9052116635752,,81068428,81068428,,,,ASPIRE TOURISM INDIA PRIVATE LIMITED,ASPIRE TOURISM INDIA PRIVATE LIMITED
26-01-2025 01:53,TJ9068116635889,RAIL,Deposit,Paid For Order,2520.4,,,,83269.53,,Success,,2520.4,,1405787621,,,0,0,0,TJ9068116635889,,81068428,81068428,,,,ASPIRE TOURISM INDIA PRIVATE LIMITED,ASPIRE TOURISM INDIA PRIVATE LIMITED
26-01-2025 01:58,TJ9094116635981,RAIL,Deposit,Paid For Order,2520.4,,,,80749.13,,Success,,2520.4,,6694716380,,,0,0,0,TJ9094116635981,,81068428,81068428,,,,ASPIRE TOURISM INDIA PRIVATE LIMITED,ASPIRE TOURISM INDIA PRIVATE LIMITED
26-01-2025 02:04,TJ9040116636117,RAIL,Deposit,Paid For Order,2520.4,,,,78228.73,,Success,,2520.4,,5002277644,,,0,0,0,TJ9040116636117,,81068428,81068428,,,,ASPIRE TOURISM INDIA PRIVATE LIMITED,ASPIRE TOURISM INDIA PRIVATE LIMITED
26-01-2025 02:09,TJ9081116636208,RAIL,Deposit,Paid For Order,2520.4,,,,75708.33,,Success,,2520.4,,0068761890,,,0,0,0,TJ9081116636208,,81068428,81068428,,,,ASPIRE TOURISM INDIA PRIVATE LIMITED,ASPIRE TOURISM INDIA PRIVATE LIMITED
26-01-2025 02:16,TJ9089116636328,RAIL,Deposit,Paid For Order,2520.4,,,,73187.93,,Success,,2520.4,,8274820692,,,0,0,0,TJ9089116636328,,81068428,81068428,,,,ASPIRE TOURISM INDIA PRIVATE LIMITED,ASPIRE TOURISM INDIA PRIVATE LIMITED
26-01-2025 02:22,TJ9080116636459,RAIL,Deposit,Paid For Order,2520.4,,,,70667.53,,Success,,2520.4,,3883561990,,,0,0,0,TJ9080116636459,,81068428,81068428,,,,ASPIRE TOURISM INDIA PRIVATE LIMITED,ASPIRE TOURISM INDIA PRIVATE LIMITED
26-01-2025 02:27,TJ9056116636527,RAIL,Deposit,Paid For Order,2520.4,,,,68147.13,,Success,,2520.4,,9042523069,,,0,0,0,TJ9056116636527,,81068428,81068428,,,,ASPIRE TOURISM INDIA PRIVATE LIMITED,ASPIRE TOURISM INDIA PRIVATE LIMITED
26-01-2025 02:37,TJ9023116636658,RAIL,Deposit,Paid For Order,2520.4,,,,65626.73,,Success,,2520.4,,1963041030,,,0,0,0,TJ9023116636658,,81068428,81068428,,,,ASPIRE TOURISM INDIA PRIVATE LIMITED,ASPIRE TOURISM INDIA PRIVATE LIMITED
26-01-2025 02:42,TJ9006116636765,RAIL,Deposit,Paid For Order,2520.4,,,,63106.33,,Success,,2520.4,,7229583183,,,0,0,0,TJ9006116636765,,81068428,81068428,,,,ASPIRE TOURISM INDIA PRIVATE LIMITED,ASPIRE TOURISM INDIA PRIVATE LIMITED
26-01-2025 02:47,TJ9018116636826,RAIL,Deposit,Paid For Order,2520.4,,,,60585.93,,Success,,2520.4,,8070335415,,,0,0,0,TJ9018116636826,,81068428,81068428,,,,ASPIRE TOURISM INDIA PRIVATE LIMITED,ASPIRE TOURISM INDIA PRIVATE LIMITED
26-01-2025 02:48,TJ9018116636826,RAIL,Deposit,Reverse,,2520.4,,,63106.33,,Success,Topup,2520.4,,7500230721,,,0,0,0,TJ9018116636826,,,81068428,,,,,ASPIRE TOURISM INDIA PRIVATE LIMITED
26-01-2025 02:53,TJ9067116636905,RAIL,Deposit,Paid For Order,2520.4,,,,60585.93,,Success,,2520.4,,8430996463,,,0,0,0,TJ9067116636905,,81068428,81068428,,,,ASPIRE TOURISM INDIA PRIVATE LIMITED,ASPIRE TOURISM INDIA PRIVATE LIMITED
26-01-2025 02:58,TJ9027116636983,RAIL,Deposit,Paid For Order,2520.4,,,,58065.53,,Success,,2520.4,,9279540882,,,0,0,0,TJ9027116636983,,81068428,81068428,,,,ASPIRE TOURISM INDIA PRIVATE LIMITED,ASPIRE TOURISM INDIA PRIVATE LIMITED
26-01-2025 03:06,TJ9069116637068,RAIL,Deposit,Paid For Order,2520.4,,,,55545.13,,Success,,2520.4,,0709862433,,,0,0,0,TJ9069116637068,,81068428,81068428,,,,ASPIRE TOURISM INDIA PRIVATE LIMITED,ASPIRE TOURISM INDIA PRIVATE LIMITED
26-01-2025 03:14,TJ9007116637182,RAIL,Deposit,Paid For Order,2520.4,,,,53024.73,,Success,,2520.4,,9669375960,,,0,0,0,TJ9007116637182,,81068428,81068428,,,,ASPIRE TOURISM INDIA PRIVATE LIMITED,ASPIRE TOURISM INDIA PRIVATE LIMITED
26-01-2025 03:18,TJ9030116637213,RAIL,Deposit,Paid For Order,858.6,,,,52166.13,,Success,,858.6,,3059408647,,,0,0,0,TJ9030116637213,,81068428,81068428,,,,ASPIRE TOURISM INDIA PRIVATE LIMITED,ASPIRE TOURISM INDIA PRIVATE LIMITED
26-01-2025 15:10,TJ9045115206736,RAIL,Deposit,Refund,,630,,,52796.13,,Success,Topup,630,,7490490533,,,0,0,0,TJ9045115206736,TJA46116669461,81068428,81068428,,,,ASPIRE TOURISM INDIA PRIVATE LIMITED,ASPIRE TOURISM INDIA PRIVATE LIMITED
26-01-2025 15:20,TJ9072116670067,RAIL,Deposit,Paid For Order,8385.4,,,,44410.73,,Success,,8385.4,,7027769490,,,0,0,0,TJ9072116670067,,81068428,81068428,,,,ASPIRE TOURISM INDIA PRIVATE LIMITED,ASPIRE TOURISM INDIA PRIVATE LIMITED
26-01-2025 15:21,TJ9030115207703,RAIL,Deposit,Refund,,630,,,45040.73,,Success,Topup,630,,0795147240,,,0,0,0,TJ9030115207703,TJA29116670179,81068428,81068428,,,,ASPIRE TOURISM INDIA PRIVATE LIMITED,ASPIRE TOURISM INDIA PRIVATE LIMITED
26-01-2025 15:24,TJ9044115208564,RAIL,Deposit,Refund,,630,,,45670.73,,Success,Topup,630,,7722331841,,,0,0,0,TJ9044115208564,TJA36116670432,81068428,81068428,,,,ASPIRE TOURISM INDIA PRIVATE LIMITED,ASPIRE TOURISM INDIA PRIVATE LIMITED
26-01-2025 15:26,TJ9074115209244,RAIL,Deposit,Refund,,630,,,46300.73,,Success,Topup,630,,5670712346,,,0,0,0,TJ9074115209244,TJA62116670626,81068428,81068428,,,,ASPIRE TOURISM INDIA PRIVATE LIMITED,ASPIRE TOURISM INDIA PRIVATE LIMITED
26-01-2025 15:27,TJ9037115209795,RAIL,Deposit,Refund,,630,,,46930.73,,Success,Topup,630,,0442421231,,,0,0,0,TJ9037115209795,TJA83116670721,81068428,81068428,,,,ASPIRE TOURISM INDIA PRIVATE LIMITED,ASPIRE TOURISM INDIA PRIVATE LIMITED
26-01-2025 15:29,TJ9083115210626,RAIL,Deposit,Refund,,315,,,47245.73,,Success,Topup,315,,5248171900,,,0,0,0,TJ9083115210626,TJA15116670835,81068428,81068428,,,,ASPIRE TOURISM INDIA PRIVATE LIMITED,ASPIRE TOURISM INDIA PRIVATE LIMITED
26-01-2025 15:53,TJ9078116672617,RAIL,Deposit,Paid For Order,1017.7,,,,46228.03,,Success,,1017.7,,5285201617,,,0,0,0,TJ9078116672617,,81068428,81068428,,,,ASPIRE TOURISM INDIA PRIVATE LIMITED,ASPIRE TOURISM INDIA PRIVATE LIMITED
26-01-2025 15:59,TJ9020116673057,RAIL,Deposit,Paid For Order,1017.7,,,,45210.33,,Success,,1017.7,,9699353566,,,0,0,0,TJ9020116673057,,81068428,81068428,,,,ASPIRE TOURISM INDIA PRIVATE LIMITED,ASPIRE TOURISM INDIA PRIVATE LIMITED
26-01-2025 16:05,TJ9077116673521,RAIL,Deposit,Paid For Order,1017.7,,,,44192.63,,Success,,1017.7,,1638162760,,,0,0,0,TJ9077116673521,,81068428,81068428,,,,ASPIRE TOURISM INDIA PRIVATE LIMITED,ASPIRE TOURISM INDIA PRIVATE LIMITED
26-01-2025 16:12,TJ9068116674047,RAIL,Deposit,Paid For Order,1017.7,,,,43174.93,,Success,,1017.7,,0125361324,,,0,0,0,TJ9068116674047,,81068428,81068428,,,,ASPIRE TOURISM INDIA PRIVATE LIMITED,ASPIRE TOURISM INDIA PRIVATE LIMITED
26-01-2025 16:17,TJ9011116674395,RAIL,Deposit,Paid For Order,1017.7,,,,42157.23,,Success,,1017.7,,1402876819,,,0,0,0,TJ9011116674395,,81068428,81068428,,,,ASPIRE TOURISM INDIA PRIVATE LIMITED,ASPIRE TOURISM INDIA PRIVATE LIMITED
26-01-2025 16:52,TJ9034116676761,RAIL,Deposit,Paid For Order,687.7,,,,41469.53,,Success,,687.7,,7134975064,,,0,0,0,TJ9034116676761,,81068428,81068428,,,,ASPIRE TOURISM INDIA PRIVATE LIMITED,ASPIRE TOURISM INDIA PRIVATE LIMITED
26-01-2025 17:02,TJ9025115208319,RAIL,Deposit,Refund,,4800,,,46269.53,,Success,Topup,4800,,2817067913,,,0,0,0,TJ9025115208319,TJA26116677215,81068428,81068428,,,,ASPIRE TOURISM INDIA PRIVATE LIMITED,ASPIRE TOURISM INDIA PRIVATE LIMITED
26-01-2025 17:07,TJ9049115209264,RAIL,Deposit,Refund,,4800,,,51069.53,,Success,Topup,4800,,1836869974,,,0,0,0,TJ9049115209264,TJA72116677693,81068428,81068428,,,,ASPIRE TOURISM INDIA PRIVATE LIMITED,ASPIRE TOURISM INDIA PRIVATE LIMITED
26-01-2025 17:10,TJ9065115211602,RAIL,Deposit,Refund,,4800,,,55869.53,,Success,Topup,4800,,7843527497,,,0,0,0,TJ9065115211602,TJA07116677830,81068428,81068428,,,,ASPIRE TOURISM INDIA PRIVATE LIMITED,ASPIRE TOURISM INDIA PRIVATE LIMITED
26-01-2025 17:11,TJ9051115212327,RAIL,Deposit,Refund,,4800,,,60669.53,,Success,Topup,4800,,4370493276,,,0,0,0,TJ9051115212327,TJA74116677909,81068428,81068428,,,,ASPIRE TOURISM INDIA PRIVATE LIMITED,ASPIRE TOURISM INDIA PRIVATE LIMITED
26-01-2025 17:12,TJ9058115212775,RAIL,Deposit,Refund,,4800,,,65469.53,,Success,Topup,4800,,1244533312,,,0,0,0,TJ9058115212775,TJA55116677963,81068428,81068428,,,,ASPIRE TOURISM INDIA PRIVATE LIMITED,ASPIRE TOURISM INDIA PRIVATE LIMITED
26-01-2025 17:13,TJ9021115213569,RAIL,Deposit,Refund,,2400,,,67869.53,,Success,Topup,2400,,1426607086,,,0,0,0,TJ9021115213569,TJA01116678018,81068428,81068428,,,,ASPIRE TOURISM INDIA PRIVATE LIMITED,ASPIRE TOURISM INDIA PRIVATE LIMITED
26-01-2025 17:17,TJ9061116678259,RAIL,Deposit,Paid For Order,5985.4,,,,61884.13,,Success,,5985.4,,9817176699,,,0,0,0,TJ9061116678259,,81068428,81068428,,,,ASPIRE TOURISM INDIA PRIVATE LIMITED,ASPIRE TOURISM INDIA PRIVATE LIMITED
26-01-2025 17:22,TJ9011116678588,RAIL,Deposit,Paid For Order,5985.4,,,,55898.73,,Success,,5985.4,,5145019663,,,0,0,0,TJ9011116678588,,81068428,81068428,,,,ASPIRE TOURISM INDIA PRIVATE LIMITED,ASPIRE TOURISM INDIA PRIVATE LIMITED
26-01-2025 17:27,TJ9044116678873,RAIL,Deposit,Paid For Order,5985.4,,,,49913.33,,Success,,5985.4,,0809424364,,,0,0,0,TJ9044116678873,,81068428,81068428,,,,ASPIRE TOURISM INDIA PRIVATE LIMITED,ASPIRE TOURISM INDIA PRIVATE LIMITED
26-01-2025 17:33,TJ9057116679297,RAIL,Deposit,Paid For Order,5985.4,,,,43927.93,,Success,,5985.4,,1794520566,,,0,0,0,TJ9057116679297,,81068428,81068428,,,,ASPIRE TOURISM INDIA PRIVATE LIMITED,ASPIRE TOURISM INDIA PRIVATE LIMITED
26-01-2025 17:41,TJ9036116679724,RAIL,Deposit,Paid For Order,5985.4,,,,37942.53,,Success,,5985.4,,1290611132,,,0,0,0,TJ9036116679724,,81068428,81068428,,,,ASPIRE TOURISM INDIA PRIVATE LIMITED,ASPIRE TOURISM INDIA PRIVATE LIMITED
26-01-2025 17:51,TJ9085116680378,RAIL,Deposit,Paid For Order,3015.4,,,,34927.13,,Success,,3015.4,,4875115642,,,0,0,0,TJ9085116680378,,81068428,81068428,,,,ASPIRE TOURISM INDIA PRIVATE LIMITED,ASPIRE TOURISM INDIA PRIVATE LIMITED
26-01-2025 17:58,TJ9028116680747,RAIL,Deposit,Paid For Order,1035.4,,,,33891.73,,Success,,1035.4,,6515676320,,,0,0,0,TJ9028116680747,,81068428,81068428,,,,ASPIRE TOURISM INDIA PRIVATE LIMITED,ASPIRE TOURISM INDIA PRIVATE LIMITED
26-01-2025 18:18,TJ9052115214300,RAIL,Deposit,Refund,,12570,,,46461.73,,Success,Topup,12570,,8515219101,,,0,0,0,TJ9052115214300,TJA46116681841,81068428,81068428,,,,ASPIRE TOURISM INDIA PRIVATE LIMITED,ASPIRE TOURISM INDIA PRIVATE LIMITED
26-01-2025 18:19,TJ9039115216918,RAIL,Deposit,Refund,,12570,,,59031.73,,Success,Topup,12570,,5386830929,,,0,0,0,TJ9039115216918,TJA38116682012,81068428,81068428,,,,ASPIRE TOURISM INDIA PRIVATE LIMITED,ASPIRE TOURISM INDIA PRIVATE LIMITED
26-01-2025 18:20,TJ9040115217374,RAIL,Deposit,Refund,,12570,,,71601.73,,Success,Topup,12570,,9558075952,,,0,0,0,TJ9040115217374,TJA39116682064,81068428,81068428,,,,ASPIRE TOURISM INDIA PRIVATE LIMITED,ASPIRE TOURISM INDIA PRIVATE LIMITED
26-01-2025 18:21,TJ9081115217721,RAIL,Deposit,Refund,,12570,,,84171.73,,Success,Topup,12570,,6087398546,,,0,0,0,TJ9081115217721,TJA27116682115,81068428,81068428,,,,ASPIRE TOURISM INDIA PRIVATE LIMITED,ASPIRE TOURISM INDIA PRIVATE LIMITED
26-01-2025 18:22,TJ9009115218225,RAIL,Deposit,Refund,,6285,,,90456.73,,Success,Topup,6285,,4055674467,,,0,0,0,TJ9009115218225,TJA90116682172,81068428,81068428,,,,ASPIRE TOURISM INDIA PRIVATE LIMITED,ASPIRE TOURISM INDIA PRIVATE LIMITED
26-01-2025 18:22,TJ9036115220595,RAIL,Deposit,Refund,,12570,,,103026.73,,Success,Topup,12570,,6515192873,,,0,0,0,TJ9036115220595,TJA05116682223,81068428,81068428,,,,ASPIRE TOURISM INDIA PRIVATE LIMITED,ASPIRE TOURISM INDIA PRIVATE LIMITED
26-01-2025 18:25,TJ9038116682394,RAIL,Deposit,Paid For Order,13335.4,,,,89691.33,,Success,,13335.4,,9297290165,,,0,0,0,TJ9038116682394,,81068428,81068428,,,,ASPIRE TOURISM INDIA PRIVATE LIMITED,ASPIRE TOURISM INDIA PRIVATE LIMITED
26-01-2025 18:31,TJ9019116682771,RAIL,Deposit,Paid For Order,13335.4,,,,76355.93,,Success,,13335.4,,5843736114,,,0,0,0,TJ9019116682771,,81068428,81068428,,,,ASPIRE TOURISM INDIA PRIVATE LIMITED,ASPIRE TOURISM INDIA PRIVATE LIMITED
26-01-2025 18:44,TJ9076116683639,RAIL,Deposit,Paid For Order,13335.4,,,,63020.53,,Success,,13335.4,,9673621843,,,0,0,0,TJ9076116683639,,81068428,81068428,,,,ASPIRE TOURISM INDIA PRIVATE LIMITED,ASPIRE TOURISM INDIA PRIVATE LIMITED
26-01-2025 18:47,TJ9048116683883,RAIL,Deposit,Paid For Order,13335.4,,,,49685.13,,Success,,13335.4,,5504027028,,,0,0,0,TJ9048116683883,,81068428,81068428,,,,ASPIRE TOURISM INDIA PRIVATE LIMITED,ASPIRE TOURISM INDIA PRIVATE LIMITED
26-01-2025 18:51,TJ9091116684106,RAIL,Deposit,Paid For Order,13335.4,,,,36349.73,,Success,,13335.4,,1299694365,,,0,0,0,TJ9091116684106,,81068428,81068428,,,,ASPIRE TOURISM INDIA PRIVATE LIMITED,ASPIRE TOURISM INDIA PRIVATE LIMITED
26-01-2025 18:53,TJ9025116684273,RAIL,Deposit,Paid For Order,8905.4,,,,27444.33,,Success,,8905.4,,3707918442,,,0,0,0,TJ9025116684273,,81068428,81068428,,,,ASPIRE TOURISM INDIA PRIVATE LIMITED,ASPIRE TOURISM INDIA PRIVATE LIMITED
26-01-2025 18:58,TJ9057115126075,RAIL,Deposit,Refund,,16950,,,44394.33,,Success,Topup,16950,,7301940302,,,0,0,0,TJ9057115126075,TJA81116684580,81068428,81068428,,,,ASPIRE TOURISM INDIA PRIVATE LIMITED,ASPIRE TOURISM INDIA PRIVATE LIMITED
26-01-2025 19:00,TJ9035115127885,RAIL,Deposit,Refund,,16950,,,61344.33,,Success,Topup,16950,,1459349376,,,0,0,0,TJ9035115127885,TJA94116684672,81068428,81068428,,,,ASPIRE TOURISM INDIA PRIVATE LIMITED,ASPIRE TOURISM INDIA PRIVATE LIMITED
26-01-2025 19:01,TJ9072115190515,RAIL,Deposit,Refund,,16950,,,78294.33,,Success,Topup,16950,,0823793417,,,0,0,0,TJ9072115190515,TJA77116684810,81068428,81068428,,,,ASPIRE TOURISM INDIA PRIVATE LIMITED,ASPIRE TOURISM INDIA PRIVATE LIMITED
26-01-2025 19:03,TJ9062115193249,RAIL,Deposit,Refund,,16950,,,95244.33,,Success,Topup,16950,,5412751639,,,0,0,0,TJ9062115193249,TJA38116684971,81068428,81068428,,,,ASPIRE TOURISM INDIA PRIVATE LIMITED,ASPIRE TOURISM INDIA PRIVATE LIMITED
26-01-2025 19:04,TJ9014115195604,RAIL,Deposit,Refund,,8475,,,103719.33,,Success,Topup,8475,,1386984750,,,0,0,0,TJ9014115195604,TJA89116685009,81068428,81068428,,,,ASPIRE TOURISM INDIA PRIVATE LIMITED,ASPIRE TOURISM INDIA PRIVATE LIMITED
26-01-2025 19:05,TJ9082115205704,RAIL,Deposit,Refund,,16950,,,120669.33,,Success,Topup,16950,,4352202961,,,0,0,0,TJ9082115205704,TJA93116685114,81068428,81068428,,,,ASPIRE TOURISM INDIA PRIVATE LIMITED,ASPIRE TOURISM INDIA PRIVATE LIMITED
26-01-2025 19:09,TJ9080116685443,RAIL,Deposit,Paid For Order,5715.4,,,,114953.93,,Success,,5715.4,,6443897489,,,0,0,0,TJ9080116685443,,81068428,81068428,,,,ASPIRE TOURISM INDIA PRIVATE LIMITED,ASPIRE TOURISM INDIA PRIVATE LIMITED
26-01-2025 19:17,TJ9015116685872,RAIL,Deposit,Paid For Order,5715.4,,,,109238.53,,Success,,5715.4,,2848553109,,,0,0,0,TJ9015116685872,,81068428,81068428,,,,ASPIRE TOURISM INDIA PRIVATE LIMITED,ASPIRE TOURISM INDIA PRIVATE LIMITED
26-01-2025 19:28,TJ9002116686781,RAIL,Deposit,Paid For Order,5715.4,,,,103523.13,,Success,,5715.4,,4287174589,,,0,0,0,TJ9002116686781,,81068428,81068428,,,,ASPIRE TOURISM INDIA PRIVATE LIMITED,ASPIRE TOURISM INDIA PRIVATE LIMITED
26-01-2025 19:32,TJ9081116687081,RAIL,Deposit,Paid For Order,5715.4,,,,97807.73,,Success,,5715.4,,2831384211,,,0,0,0,TJ9081116687081,,81068428,81068428,,,,ASPIRE TOURISM INDIA PRIVATE LIMITED,ASPIRE TOURISM INDIA PRIVATE LIMITED
26-01-2025 19:35,TJ9087116687308,RAIL,Deposit,Paid For Order,10335.4,,,,87472.33,,Success,,10335.4,,7531908207,,,0,0,0,TJ9087116687308,,81068428,81068428,,,,ASPIRE TOURISM INDIA PRIVATE LIMITED,ASPIRE TOURISM INDIA PRIVATE LIMITED
26-01-2025 19:37,TJ9003116687481,RAIL,Deposit,Paid For Order,5715.4,,,,81756.93,,Success,,5715.4,,1336236630,,,0,0,0,TJ9003116687481,,81068428,81068428,,,,ASPIRE TOURISM INDIA PRIVATE LIMITED,ASPIRE TOURISM INDIA PRIVATE LIMITED
26-01-2025 19:43,TJ9029116687880,RAIL,Deposit,Paid For Order,10335.4,,,,71421.53,,Success,,10335.4,,7105110754,,,0,0,0,TJ9029116687880,,81068428,81068428,,,,ASPIRE TOURISM INDIA PRIVATE LIMITED,ASPIRE TOURISM INDIA PRIVATE LIMITED
26-01-2025 19:51,TJ9040116688341,RAIL,Deposit,Paid For Order,3825.4,,,,67596.13,,Success,,3825.4,,9930307151,,,0,0,0,TJ9040116688341,,81068428,81068428,,,,ASPIRE TOURISM INDIA PRIVATE LIMITED,ASPIRE TOURISM INDIA PRIVATE LIMITED
26-01-2025 19:57,TJ9016116688742,RAIL,Deposit,Paid For Order,10335.4,,,,57260.73,,Success,,10335.4,,5843350493,,,0,0,0,TJ9016116688742,,81068428,81068428,,,,ASPIRE TOURISM INDIA PRIVATE LIMITED,ASPIRE TOURISM INDIA PRIVATE LIMITED
26-01-2025 20:05,TJ9032116689299,RAIL,Deposit,Paid For Order,10335.4,,,,46925.33,,Success,,10335.4,,5780660622,,,0,0,0,TJ9032116689299,,81068428,81068428,,,,ASPIRE TOURISM INDIA PRIVATE LIMITED,ASPIRE TOURISM INDIA PRIVATE LIMITED
26-01-2025 20:34,TJ9045116691561,RAIL,Deposit,Paid For Order,8620.4,,,,38304.93,,Success,,8620.4,,6535908886,,,0,0,0,TJ9045116691561,,81068428,81068428,,,,ASPIRE TOURISM INDIA PRIVATE LIMITED,ASPIRE TOURISM INDIA PRIVATE LIMITED
26-01-2025 20:35,TJ9064116691529,RAIL,Deposit,Paid For Order,9170.4,,,,29134.53,,Success,,9170.4,,0339554008,,,0,0,0,TJ9064116691529,,81068428,81068428,,,,ASPIRE TOURISM INDIA PRIVATE LIMITED,ASPIRE TOURISM INDIA PRIVATE LIMITED
26-01-2025 20:41,TJ9086116692142,RAIL,Deposit,Paid For Order,1167.7,,,,27966.83,,Success,,1167.7,,1916000241,,,0,0,0,TJ9086116692142,,81068428,81068428,,,,ASPIRE TOURISM INDIA PRIVATE LIMITED,ASPIRE TOURISM INDIA PRIVATE LIMITED
26-01-2025 20:51,TJ9057116692848,RAIL,Deposit,Paid For Order,1167.7,,,,26799.13,,Success,,1167.7,,7906749006,,,0,0,0,TJ9057116692848,,81068428,81068428,,,,ASPIRE TOURISM INDIA PRIVATE LIMITED,ASPIRE TOURISM INDIA PRIVATE LIMITED
26-01-2025 20:56,TJ9028116693183,RAIL,Deposit,Paid For Order,1167.7,,,,25631.43,,Success,,1167.7,,6982994915,,,0,0,0,TJ9028116693183,,81068428,81068428,,,,ASPIRE TOURISM INDIA PRIVATE LIMITED,ASPIRE TOURISM INDIA PRIVATE LIMITED
26-01-2025 21:04,TJ9028116693666,RAIL,Deposit,Paid For Order,1167.7,,,,24463.73,,Success,,1167.7,,4128589090,,,0,0,0,TJ9028116693666,,81068428,81068428,,,,ASPIRE TOURISM INDIA PRIVATE LIMITED,ASPIRE TOURISM INDIA PRIVATE LIMITED
26-01-2025 21:08,TJ9057116692848,RAIL,Deposit,Refund,,780,,,25243.73,,Success,Topup,780,,9917719100,,,0,0,0,TJ9057116692848,TJA34116694032,81068428,81068428,,,,ASPIRE TOURISM INDIA PRIVATE LIMITED,ASPIRE TOURISM INDIA PRIVATE LIMITED
26-01-2025 21:09,TJ9060116694148,RAIL,Deposit,Paid For Order,1167.7,,,,24076.03,,Success,,1167.7,,3758220985,,,0,0,0,TJ9060116694148,,81068428,81068428,,,,ASPIRE TOURISM INDIA PRIVATE LIMITED,ASPIRE TOURISM INDIA PRIVATE LIMITED
26-01-2025 21:11,TJ9051116694318,RAIL,Deposit,Paid For Order,787.7,,,,23288.33,,Success,,787.7,,4717235415,,,0,0,0,TJ9051116694318,,81068428,81068428,,,,ASPIRE TOURISM INDIA PRIVATE LIMITED,ASPIRE TOURISM INDIA PRIVATE LIMITED
26-01-2025 21:16,TJ9088116694593,RAIL,Deposit,Paid For Order,1167.7,,,,22120.63,,Success,,1167.7,,0892957049,,,0,0,0,TJ9088116694593,,81068428,81068428,,,,ASPIRE TOURISM INDIA PRIVATE LIMITED,ASPIRE TOURISM INDIA PRIVATE LIMITED
26-01-2025 22:14,TJ9093116698398,RAIL,Deposit,Paid For Order,443.15,,,,21677.48,,Success,,443.15,,3007801046,,,0,0,0,TJ9093116698398,,81068428,81068428,,,,ASPIRE TOURISM INDIA PRIVATE LIMITED,ASPIRE TOURISM INDIA PRIVATE LIMITED
26-01-2025 22:28,TJ9070116699395,RAIL,Deposit,Paid For Order,2610.4,,,,19067.08,,Success,,2610.4,,8732848365,,,0,0,0,TJ9070116699395,,81068428,81068428,,,,ASPIRE TOURISM INDIA PRIVATE LIMITED,ASPIRE TOURISM INDIA PRIVATE LIMITED
26-01-2025 22:47,TJ9093116698398,RAIL,Deposit,Reverse,,443.15,,,19510.23,,Success,Topup,443.15,,4460400524,,,0,0,0,TJ9093116698398,,,81068428,,,,,ASPIRE TOURISM INDIA PRIVATE LIMITED
26-01-2025 22:58,TJ9089116701432,RAIL,Deposit,Paid For Order,2610.4,,,,16899.83,,Success,,2610.4,,0138686271,,,0,0,0,TJ9089116701432,,81068428,81068428,,,,ASPIRE TOURISM INDIA PRIVATE LIMITED,ASPIRE TOURISM INDIA PRIVATE LIMITED
26-01-2025 23:22,TJ9055116702817,RAIL,Deposit,Paid For Order,443.15,,,,16456.68,,Success,,443.15,,8776553311,,,0,0,0,TJ9055116702817,,81068428,81068428,,,,ASPIRE TOURISM INDIA PRIVATE LIMITED,ASPIRE TOURISM INDIA PRIVATE LIMITED
26-01-2025 23:37,TJ9089116701432,RAIL,Deposit,Reverse,,2610.4,,,19067.08,,Success,Topup,2610.4,,2839016378,,,0,0,0,TJ9089116701432,,,81068428,,,,,ASPIRE TOURISM INDIA PRIVATE LIMITED
26-01-2025 23:57,TJ9055116702817,RAIL,Deposit,Reverse,,443.15,,,19510.23,,Success,Topup,443.15,,4690492925,,,0,0,0,TJ9055116702817,,,81068428,,,,,ASPIRE TOURISM INDIA PRIVATE LIMITED
27-01-2025 10:45,3092116721735,WALLET_TOPUP,Deposit,Topup,,20000,,,39510.23,,Success,,20000,,5621158018,Paid using: Payphi; Payment Fee: 0.00; Merchant Txn Id: 4400252444061,,0,0,0,3092116721735,,81068428,81068428,,,,ASPIRE TOURISM INDIA PRIVATE LIMITED,ASPIRE TOURISM INDIA PRIVATE LIMITED
27-01-2025 10:48,TJ9006116722108,RAIL,Deposit,Paid For Order,443.15,,,,39067.08,,Success,,443.15,,5000867167,,,0,0,0,TJ9006116722108,,81068428,81068428,,,,ASPIRE TOURISM INDIA PRIVATE LIMITED,ASPIRE TOURISM INDIA PRIVATE LIMITED
27-01-2025 10:49,3053116721964,WALLET_TOPUP,Deposit,Topup,,800,,,39867.08,,Success,,800,,9845358210,Paid using: Payphi; Payment Fee: 0.00; Merchant Txn Id: 2200252445549,,0,0,0,3053116721964,,81068428,81068428,,,,ASPIRE TOURISM INDIA PRIVATE LIMITED,ASPIRE TOURISM INDIA PRIVATE LIMITED
27-01-2025 11:56,TJ9035116729307,RAIL,Deposit,Paid For Order,2607.7,,,,37259.38,,Success,,2607.7,,4182681301,,,0,0,0,TJ9035116729307,,81068428,81068428,,,,ASPIRE TOURISM INDIA PRIVATE LIMITED,ASPIRE TOURISM INDIA PRIVATE LIMITED
27-01-2025 12:00,TJ9093116729940,RAIL,Deposit,Paid For Order,2607.7,,,,34651.68,,Success,,2607.7,,2221658281,,,0,0,0,TJ9093116729940,,81068428,81068428,,,,ASPIRE TOURISM INDIA PRIVATE LIMITED,ASPIRE TOURISM INDIA PRIVATE LIMITED
27-01-2025 12:03,TJ9020116730241,RAIL,Deposit,Paid For Order,2607.7,,,,32043.98,,Success,,2607.7,,2510602190,,,0,0,0,TJ9020116730241,,81068428,81068428,,,,ASPIRE TOURISM INDIA PRIVATE LIMITED,ASPIRE TOURISM INDIA PRIVATE LIMITED
27-01-2025 12:05,TJ9032116730529,RAIL,Deposit,Paid For Order,2607.7,,,,29436.28,,Success,,2607.7,,2523501236,,,0,0,0,TJ9032116730529,,81068428,81068428,,,,ASPIRE TOURISM INDIA PRIVATE LIMITED,ASPIRE TOURISM INDIA PRIVATE LIMITED
27-01-2025 12:10,TJ9055116730822,RAIL,Deposit,Paid For Order,2607.7,,,,26828.58,,Success,,2607.7,,0133346935,,,0,0,0,TJ9055116730822,,81068428,81068428,,,,ASPIRE TOURISM INDIA PRIVATE LIMITED,ASPIRE TOURISM INDIA PRIVATE LIMITED
27-01-2025 12:19,TJ9033116732161,RAIL,Deposit,Paid For Order,2607.7,,,,24220.88,,Success,,2607.7,,9945250217,,,0,0,0,TJ9033116732161,,81068428,81068428,,,,ASPIRE TOURISM INDIA PRIVATE LIMITED,ASPIRE TOURISM INDIA PRIVATE LIMITED
27-01-2025 12:24,TJ9007116732801,RAIL,Deposit,Paid For Order,2607.7,,,,21613.18,,Success,,2607.7,,6524683991,,,0,0,0,TJ9007116732801,,81068428,81068428,,,,ASPIRE TOURISM INDIA PRIVATE LIMITED,ASPIRE TOURISM INDIA PRIVATE LIMITED
27-01-2025 12:59,TJ9017116737434,RAIL,Deposit,Paid For Order,2607.7,,,,19005.48,,Success,,2607.7,,2164143728,,,0,0,0,TJ9017116737434,,81068428,81068428,,,,ASPIRE TOURISM INDIA PRIVATE LIMITED,ASPIRE TOURISM INDIA PRIVATE LIMITED
27-01-2025 13:04,TJ9033116737964,RAIL,Deposit,Paid For Order,2607.7,,,,16397.78,,Success,,2607.7,,9308976426,,,0,0,0,TJ9033116737964,,81068428,81068428,,,,ASPIRE TOURISM INDIA PRIVATE LIMITED,ASPIRE TOURISM INDIA PRIVATE LIMITED
27-01-2025 13:07,TJ9085116738412,RAIL,Deposit,Paid For Order,2607.7,,,,13790.08,,Success,,2607.7,,9988253779,,,0,0,0,TJ9085116738412,,81068428,81068428,,,,ASPIRE TOURISM INDIA PRIVATE LIMITED,ASPIRE TOURISM INDIA PRIVATE LIMITED
27-01-2025 13:11,TJ9087116739014,RAIL,Deposit,Paid For Order,2607.7,,,,11182.38,,Success,,2607.7,,6476430927,,,0,0,0,TJ9087116739014,,81068428,81068428,,,,ASPIRE TOURISM INDIA PRIVATE LIMITED,ASPIRE TOURISM INDIA PRIVATE LIMITED
27-01-2025 13:16,TJ9060116739414,RAIL,Deposit,Paid For Order,2607.7,,,,8574.68,,Success,,2607.7,,5527610567,,,0,0,0,TJ9060116739414,,81068428,81068428,,,,ASPIRE TOURISM INDIA PRIVATE LIMITED,ASPIRE TOURISM INDIA PRIVATE LIMITED
27-01-2025 13:18,TJ9083116739947,RAIL,Deposit,Paid For Order,2607.7,,,,5966.98,,Success,,2607.7,,1217560913,,,0,0,0,TJ9083116739947,,81068428,81068428,,,,ASPIRE TOURISM INDIA PRIVATE LIMITED,ASPIRE TOURISM INDIA PRIVATE LIMITED
27-01-2025 13:22,TJ9063116740373,RAIL,Deposit,Paid For Order,2607.7,,,,3359.28,,Success,,2607.7,,0722105440,,,0,0,0,TJ9063116740373,,81068428,81068428,,,,ASPIRE TOURISM INDIA PRIVATE LIMITED,ASPIRE TOURISM INDIA PRIVATE LIMITED
27-01-2025 13:25,TJ9055116740767,RAIL,Deposit,Paid For Order,2607.7,,,,751.58,,Success,,2607.7,,3714920283,,,0,0,0,TJ9055116740767,,81068428,81068428,,,,ASPIRE TOURISM INDIA PRIVATE LIMITED,ASPIRE TOURISM INDIA PRIVATE LIMITED
27-01-2025 14:03,3009116745005,WALLET_TOPUP,Deposit,Topup,,5800,,,6551.58,,Success,,5800,,0499620456,Paid using: Juspay; Payment Fee: 0.00; Merchant Txn Id: tripjack-3009116745005-1,,0,0,0,3009116745005,,81068428,81068428,,,,ASPIRE TOURISM INDIA PRIVATE LIMITED,ASPIRE TOURISM INDIA PRIVATE LIMITED
27-01-2025 14:59,TJ9072116751694,RAIL,Deposit,Paid For Order,2607.7,,,,3943.88,,Success,,2607.7,,2093218470,,,0,0,0,TJ9072116751694,,81068428,81068428,,,,ASPIRE TOURISM INDIA PRIVATE LIMITED,ASPIRE TOURISM INDIA PRIVATE LIMITED
27-01-2025 15:03,TJ9031116752350,RAIL,Deposit,Paid For Order,2607.7,,,,1336.18,,Success,,2607.7,,3686343485,,,0,0,0,TJ9031116752350,,81068428,81068428,,,,ASPIRE TOURISM INDIA PRIVATE LIMITED,ASPIRE TOURISM INDIA PRIVATE LIMITED
27-01-2025 15:06,TJ9099116752646,RAIL,Deposit,Paid For Order,1317.7,,,,18.48,,Success,,1317.7,,2683532866,,,0,0,0,TJ9099116752646,,81068428,81068428,,,,ASPIRE TOURISM INDIA PRIVATE LIMITED,ASPIRE TOURISM INDIA PRIVATE LIMITED
29-01-2025 15:04,3046116967792,WALLET_TOPUP,Netbanking,Topup,17136,,,,0,,Failure,,17000,,6046736198,Payment Failed. Paid using: Payphi; Payment Fee: 136.00; Failure reason: Request processed successfully,,136,0,0,3046116967792,,,81068428,,,,,ASPIRE TOURISM INDIA PRIVATE LIMITED
29-01-2025 15:06,3066116968389,WALLET_TOPUP,Deposit,Topup,,17000,,,17018.48,,Success,,17000,,4262163999,Paid using: Payphi; Payment Fee: 0.00; Merchant Txn Id: 2200252918036,,0,0,0,3066116968389,,81068428,81068428,,,,ASPIRE TOURISM INDIA PRIVATE LIMITED,ASPIRE TOURISM INDIA PRIVATE LIMITED
29-01-2025 15:26,TJ9010116970791,RAIL,Deposit,Paid For Order,1527.7,,,,15490.78,,Success,,1527.7,,4146314138,,,0,0,0,TJ9010116970791,,81068428,81068428,,,,ASPIRE TOURISM INDIA PRIVATE LIMITED,ASPIRE TOURISM INDIA PRIVATE LIMITED
29-01-2025 15:30,TJ9083116971310,RAIL,Deposit,Paid For Order,1527.7,,,,13963.08,,Success,,1527.7,,3071732532,,,0,0,0,TJ9083116971310,,81068428,81068428,,,,ASPIRE TOURISM INDIA PRIVATE LIMITED,ASPIRE TOURISM INDIA PRIVATE LIMITED
29-01-2025 15:34,TJ9065116971676,RAIL,Deposit,Paid For Order,1527.7,,,,12435.38,,Success,,1527.7,,8861494554,,,0,0,0,TJ9065116971676,,81068428,81068428,,,,ASPIRE TOURISM INDIA PRIVATE LIMITED,ASPIRE TOURISM INDIA PRIVATE LIMITED
29-01-2025 15:40,TJ9027116972403,RAIL,Deposit,Paid For Order,1527.7,,,,10907.68,,Success,,1527.7,,8130802769,,,0,0,0,TJ9027116972403,,81068428,81068428,,,,ASPIRE TOURISM INDIA PRIVATE LIMITED,ASPIRE TOURISM INDIA PRIVATE LIMITED
29-01-2025 15:43,TJ9042116972828,RAIL,Deposit,Paid For Order,1527.7,,,,9379.98,,Success,,1527.7,,7928143515,,,0,0,0,TJ9042116972828,,81068428,81068428,,,,ASPIRE TOURISM INDIA PRIVATE LIMITED,ASPIRE TOURISM INDIA PRIVATE LIMITED
29-01-2025 15:46,TJ9066116973206,RAIL,Deposit,Paid For Order,527.7,,,,8852.28,,Success,,527.7,,0713679282,,,0,0,0,TJ9066116973206,,81068428,81068428,,,,ASPIRE TOURISM INDIA PRIVATE LIMITED,ASPIRE TOURISM INDIA PRIVATE LIMITED
29-01-2025 15:52,TJ9004116973901,RAIL,Deposit,Paid For Order,1527.7,,,,7324.58,,Success,,1527.7,,1606500683,,,0,0,0,TJ9004116973901,,81068428,81068428,,,,ASPIRE TOURISM INDIA PRIVATE LIMITED,ASPIRE TOURISM INDIA PRIVATE LIMITED
29-01-2025 16:01,TJ9025116974956,RAIL,Deposit,Paid For Order,1527.7,,,,5796.88,,Success,,1527.7,,6908811140,,,0,0,0,TJ9025116974956,,81068428,81068428,,,,ASPIRE TOURISM INDIA PRIVATE LIMITED,ASPIRE TOURISM INDIA PRIVATE LIMITED
29-01-2025 16:04,TJ9032116975348,RAIL,Deposit,Paid For Order,1527.7,,,,4269.18,,Success,,1527.7,,1436270493,,,0,0,0,TJ9032116975348,,81068428,81068428,,,,ASPIRE TOURISM INDIA PRIVATE LIMITED,ASPIRE TOURISM INDIA PRIVATE LIMITED
29-01-2025 16:08,TJ9042116975763,RAIL,Deposit,Paid For Order,1527.7,,,,2741.48,,Success,,1527.7,,9418278006,,,0,0,0,TJ9042116975763,,81068428,81068428,,,,ASPIRE TOURISM INDIA PRIVATE LIMITED,ASPIRE TOURISM INDIA PRIVATE LIMITED
29-01-2025 16:11,TJ9007116976205,RAIL,Deposit,Paid For Order,1527.7,,,,1213.78,,Success,,1527.7,,1335094002,,,0,0,0,TJ9007116976205,,81068428,81068428,,,,ASPIRE TOURISM INDIA PRIVATE LIMITED,ASPIRE TOURISM INDIA PRIVATE LIMITED
29-01-2025 16:13,TJ9045116976489,RAIL,Deposit,Paid For Order,527.7,,,,686.08,,Success,,527.7,,8564789414,,,0,0,0,TJ9045116976489,,81068428,81068428,,,,ASPIRE TOURISM INDIA PRIVATE LIMITED,ASPIRE TOURISM INDIA PRIVATE LIMITED
03-02-2025 16:58,3033117456805,WALLET_TOPUP,Deposit,Topup,,14000,,,14686.08,,Success,,14000,,3564222617,Paid using: Payphi; Payment Fee: 112.00; Merchant Txn Id: 4400253881565,,0,0,0,3033117456805,,,81068428,,,,,ASPIRE TOURISM INDIA PRIVATE LIMITED
03-02-2025 17:17,3067117459492,WALLET_TOPUP,Deposit,Topup,,960,,,15646.08,,Success,,960,,4037998910,Paid using: Payphi; Payment Fee: 0.00; Merchant Txn Id: 4400253885944,,0,0,0,3067117459492,,81068428,81068428,,,,ASPIRE TOURISM INDIA PRIVATE LIMITED,ASPIRE TOURISM INDIA PRIVATE LIMITED
03-02-2025 17:21,TJ9093117460193,RAIL,Deposit,Paid For Order,960.4,,,,14685.68,,Success,,960.4,,8156707466,,,0,0,0,TJ9093117460193,,81068428,81068428,,,,ASPIRE TOURISM INDIA PRIVATE LIMITED,ASPIRE TOURISM INDIA PRIVATE LIMITED
03-02-2025 19:36,TJ9010117475916,RAIL,Deposit,Paid For Order,3717.7,,,,10967.98,,Success,,3717.7,,3813366461,,,0,0,0,TJ9010117475916,,81068428,81068428,,,,ASPIRE TOURISM INDIA PRIVATE LIMITED,ASPIRE TOURISM INDIA PRIVATE LIMITED
03-02-2025 19:40,TJ9081117476333,RAIL,Deposit,Paid For Order,1257.7,,,,9710.28,,Success,,1257.7,,1009974875,,,0,0,0,TJ9081117476333,,81068428,81068428,,,,ASPIRE TOURISM INDIA PRIVATE LIMITED,ASPIRE TOURISM INDIA PRIVATE LIMITED
03-02-2025 19:55,TJ9049117477810,RAIL,Deposit,Paid For Order,2697.7,,,,7012.58,,Success,,2697.7,,8939724318,,,0,0,0,TJ9049117477810,,81068428,81068428,,,,ASPIRE TOURISM INDIA PRIVATE LIMITED,ASPIRE TOURISM INDIA PRIVATE LIMITED
03-02-2025 19:58,TJ9097117478124,RAIL,Deposit,Paid For Order,917.7,,,,6094.88,,Success,,917.7,,4708868825,,,0,0,0,TJ9097117478124,,81068428,81068428,,,,ASPIRE TOURISM INDIA PRIVATE LIMITED,ASPIRE TOURISM INDIA PRIVATE LIMITED
03-02-2025 20:09,TJ9044117479222,RAIL,Deposit,Paid For Order,4227.7,,,,1867.18,,Success,,4227.7,,4856452790,,,0,0,0,TJ9044117479222,,81068428,81068428,,,,ASPIRE TOURISM INDIA PRIVATE LIMITED,ASPIRE TOURISM INDIA PRIVATE LIMITED
03-02-2025 20:11,TJ9064117479457,RAIL,Deposit,Paid For Order,1427.7,,,,439.48,,Success,,1427.7,,6737372696,,,0,0,0,TJ9064117479457,,81068428,81068428,,,,ASPIRE TOURISM INDIA PRIVATE LIMITED,ASPIRE TOURISM INDIA PRIVATE LIMITED
05-02-2025 12:25,TJ9016117650959,RAIL,Deposit,Paid For Order,187.7,,,,251.78,,Success,,187.7,,6316597177,,,0,0,0,TJ9016117650959,,81068428,81068428,,,,ASPIRE TOURISM INDIA PRIVATE LIMITED,ASPIRE TOURISM INDIA PRIVATE LIMITED
05-02-2025 15:18,3063117672394,WALLET_TOPUP,Netbanking,Topup,12000,,,,0,,Failure,,12000,,8514556722,"Payment Pending, Paid using: Juspay; Payment Fee: 0.00; Failure reason: null",Payment failed due to a delayed response from the gateway,0,0,0,3063117672394,,,81068428,,,,,ASPIRE TOURISM INDIA PRIVATE LIMITED
05-02-2025 15:20,3037117672613,WALLET_TOPUP,Deposit,Topup,,12000,,,12251.78,,Success,,12000,,3863631116,Paid using: Payphi; Payment Fee: 96.00; Merchant Txn Id: 2200254248369,,0,0,0,3037117672613,,,81068428,,,,,ASPIRE TOURISM INDIA PRIVATE LIMITED
05-02-2025 15:32,TJ9078117674250,RAIL,Deposit,Paid For Order,927.7,,,,11324.08,,Success,,927.7,,1062588917,,,0,0,0,TJ9078117674250,,81068428,81068428,,,,ASPIRE TOURISM INDIA PRIVATE LIMITED,ASPIRE TOURISM INDIA PRIVATE LIMITED
05-02-2025 16:07,TJ9078117674250,RAIL,Deposit,Reverse,,927.7,,,12251.78,,Success,Topup,927.7,,5072741946,,,0,0,0,TJ9078117674250,,,81068428,,,,,ASPIRE TOURISM INDIA PRIVATE LIMITED
05-02-2025 16:14,TJ9008117679042,RAIL,Deposit,Paid For Order,927.7,,,,11324.08,,Success,,927.7,,1268507328,,,0,0,0,TJ9008117679042,,81068428,81068428,,,,ASPIRE TOURISM INDIA PRIVATE LIMITED,ASPIRE TOURISM INDIA PRIVATE LIMITED
05-02-2025 16:21,TJ9011117679741,RAIL,Deposit,Paid For Order,927.7,,,,10396.38,,Success,,927.7,,8723833887,,,0,0,0,TJ9011117679741,,81068428,81068428,,,,ASPIRE TOURISM INDIA PRIVATE LIMITED,ASPIRE TOURISM INDIA PRIVATE LIMITED
05-02-2025 16:26,TJ9031117680321,RAIL,Deposit,Paid For Order,927.7,,,,9468.68,,Success,,927.7,,6906889920,,,0,0,0,TJ9031117680321,,81068428,81068428,,,,ASPIRE TOURISM INDIA PRIVATE LIMITED,ASPIRE TOURISM INDIA PRIVATE LIMITED
05-02-2025 16:33,TJ9093117680990,RAIL,Deposit,Paid For Order,927.7,,,,8540.98,,Success,,927.7,,3891598649,,,0,0,0,TJ9093117680990,,81068428,81068428,,,,ASPIRE TOURISM INDIA PRIVATE LIMITED,ASPIRE TOURISM INDIA PRIVATE LIMITED
05-02-2025 16:44,TJ9040117682139,RAIL,Deposit,Paid For Order,927.7,,,,7613.28,,Success,,927.7,,6031648728,,,0,0,0,TJ9040117682139,,81068428,81068428,,,,ASPIRE TOURISM INDIA PRIVATE LIMITED,ASPIRE TOURISM INDIA PRIVATE LIMITED
05-02-2025 17:17,TJ9040117682139,RAIL,Deposit,Reverse,,927.7,,,8540.98,,Success,Topup,927.7,,9764987888,,,0,0,0,TJ9040117682139,,,81068428,,,,,ASPIRE TOURISM INDIA PRIVATE LIMITED
05-02-2025 18:51,TJ9098117696520,RAIL,Deposit,Paid For Order,927.7,,,,7613.28,,Success,,927.7,,7698175754,,,0,0,0,TJ9098117696520,,81068428,81068428,,,,ASPIRE TOURISM INDIA PRIVATE LIMITED,ASPIRE TOURISM INDIA PRIVATE LIMITED
05-02-2025 18:59,TJ9018117697521,RAIL,Deposit,Paid For Order,927.7,,,,6685.58,,Success,,927.7,,8949063653,,,0,0,0,TJ9018117697521,,81068428,81068428,,,,ASPIRE TOURISM INDIA PRIVATE LIMITED,ASPIRE TOURISM INDIA PRIVATE LIMITED
05-02-2025 19:07,TJ9087117698361,RAIL,Deposit,Paid For Order,927.7,,,,5757.88,,Success,,927.7,,5586623487,,,0,0,0,TJ9087117698361,,81068428,81068428,,,,ASPIRE TOURISM INDIA PRIVATE LIMITED,ASPIRE TOURISM INDIA PRIVATE LIMITED
05-02-2025 19:13,TJ9052117699076,RAIL,Deposit,Paid For Order,927.7,,,,4830.18,,Success,,927.7,,0336004214,,,0,0,0,TJ9052117699076,,81068428,81068428,,,,ASPIRE TOURISM INDIA PRIVATE LIMITED,ASPIRE TOURISM INDIA PRIVATE LIMITED
05-02-2025 19:18,TJ9001117699599,RAIL,Deposit,Paid For Order,927.7,,,,3902.48,,Success,,927.7,,0291731593,,,0,0,0,TJ9001117699599,,81068428,81068428,,,,ASPIRE TOURISM INDIA PRIVATE LIMITED,ASPIRE TOURISM INDIA PRIVATE LIMITED
05-02-2025 19:22,TJ9006117700010,RAIL,Deposit,Paid For Order,927.7,,,,2974.78,,Success,,927.7,,2041220339,,,0,0,0,TJ9006117700010,,81068428,81068428,,,,ASPIRE TOURISM INDIA PRIVATE LIMITED,ASPIRE TOURISM INDIA PRIVATE LIMITED
05-02-2025 19:35,TJ9025117701362,RAIL,Deposit,Paid For Order,777.7,,,,2197.08,,Success,,777.7,,8704845600,,,0,0,0,TJ9025117701362,,81068428,81068428,,,,ASPIRE TOURISM INDIA PRIVATE LIMITED,ASPIRE TOURISM INDIA PRIVATE LIMITED
06-02-2025 12:07,TJ9043117755577,RAIL,Deposit,Paid For Order,477.7,,,,1719.38,,Success,,477.7,,6691373153,,,0,0,0,TJ9043117755577,,81068428,81068428,,,,ASPIRE TOURISM INDIA PRIVATE LIMITED,ASPIRE TOURISM INDIA PRIVATE LIMITED
06-02-2025 16:49,3023117787148,WALLET_TOPUP,Deposit,Topup,,10000,,,11719.38,,Success,,10000,,8350810238,Paid using: Payphi; Payment Fee: 80.00; Merchant Txn Id: 4400254462935,,0,0,0,3023117787148,,,81068428,,,,,ASPIRE TOURISM INDIA PRIVATE LIMITED
06-02-2025 17:17,TJ9013117790652,RAIL,Deposit,Paid For Order,357.7,,,,11361.68,,Success,,357.7,,3466838782,,,0,0,0,TJ9013117790652,,81068428,81068428,,,,ASPIRE TOURISM INDIA PRIVATE LIMITED,ASPIRE TOURISM INDIA PRIVATE LIMITED
06-02-2025 17:25,TJ9089117791475,RAIL,Deposit,Paid For Order,357.7,,,,11003.98,,Success,,357.7,,8370956661,,,0,0,0,TJ9089117791475,,81068428,81068428,,,,ASPIRE TOURISM INDIA PRIVATE LIMITED,ASPIRE TOURISM INDIA PRIVATE LIMITED
06-02-2025 17:33,TJ9043117792395,RAIL,Deposit,Paid For Order,357.7,,,,10646.28,,Success,,357.7,,8426762693,,,0,0,0,TJ9043117792395,,81068428,81068428,,,,ASPIRE TOURISM INDIA PRIVATE LIMITED,ASPIRE TOURISM INDIA PRIVATE LIMITED
06-02-2025 17:37,TJ9001117792849,RAIL,Deposit,Paid For Order,357.7,,,,10288.58,,Success,,357.7,,8160613139,,,0,0,0,TJ9001117792849,,81068428,81068428,,,,ASPIRE TOURISM INDIA PRIVATE LIMITED,ASPIRE TOURISM INDIA PRIVATE LIMITED
06-02-2025 17:43,TJ9096117793449,RAIL,Deposit,Paid For Order,357.7,,,,9930.88,,Success,,357.7,,1063698473,,,0,0,0,TJ9096117793449,,81068428,81068428,,,,ASPIRE TOURISM INDIA PRIVATE LIMITED,ASPIRE TOURISM INDIA PRIVATE LIMITED
06-02-2025 17:58,TJ9038117795126,RAIL,Deposit,Paid For Order,357.7,,,,9573.18,,Success,,357.7,,7930302308,,,0,0,0,TJ9038117795126,,81068428,81068428,,,,ASPIRE TOURISM INDIA PRIVATE LIMITED,ASPIRE TOURISM INDIA PRIVATE LIMITED
06-02-2025 18:05,TJ9079117795854,RAIL,Deposit,Paid For Order,357.7,,,,9215.48,,Success,,357.7,,0155886517,,,0,0,0,TJ9079117795854,,81068428,81068428,,,,ASPIRE TOURISM INDIA PRIVATE LIMITED,ASPIRE TOURISM INDIA PRIVATE LIMITED
06-02-2025 18:10,TJ9081117796366,RAIL,Deposit,Paid For Order,357.7,,,,8857.78,,Success,,357.7,,5906552629,,,0,0,0,TJ9081117796366,,81068428,81068428,,,,ASPIRE TOURISM INDIA PRIVATE LIMITED,ASPIRE TOURISM INDIA PRIVATE LIMITED
06-02-2025 18:15,TJ9040117796886,RAIL,Deposit,Paid For Order,357.7,,,,8500.08,,Success,,357.7,,9882894279,,,0,0,0,TJ9040117796886,,81068428,81068428,,,,ASPIRE TOURISM INDIA PRIVATE LIMITED,ASPIRE TOURISM INDIA PRIVATE LIMITED
06-02-2025 18:19,TJ9003117797404,RAIL,Deposit,Paid For Order,357.7,,,,8142.38,,Success,,357.7,,6923919969,,,0,0,0,TJ9003117797404,,81068428,81068428,,,,ASPIRE TOURISM INDIA PRIVATE LIMITED,ASPIRE TOURISM INDIA PRIVATE LIMITED
06-02-2025 18:28,TJ9060117798248,RAIL,Deposit,Paid For Order,357.7,,,,7784.68,,Success,,357.7,,1288603835,,,0,0,0,TJ9060117798248,,81068428,81068428,,,,ASPIRE TOURISM INDIA PRIVATE LIMITED,ASPIRE TOURISM INDIA PRIVATE LIMITED
06-02-2025 18:30,TJ9099117798484,RAIL,Deposit,Paid For Order,357.7,,,,7426.98,,Success,,357.7,,8950968717,,,0,0,0,TJ9099117798484,,81068428,81068428,,,,ASPIRE TOURISM INDIA PRIVATE LIMITED,ASPIRE TOURISM INDIA PRIVATE LIMITED
06-02-2025 18:34,TJ9062117798937,RAIL,Deposit,Paid For Order,357.7,,,,7069.28,,Success,,357.7,,9978241624,,,0,0,0,TJ9062117798937,,81068428,81068428,,,,ASPIRE TOURISM INDIA PRIVATE LIMITED,ASPIRE TOURISM INDIA PRIVATE LIMITED
06-02-2025 18:38,TJ9001117799254,RAIL,Deposit,Paid For Order,357.7,,,,6711.58,,Success,,357.7,,6224217264,,,0,0,0,TJ9001117799254,,81068428,81068428,,,,ASPIRE TOURISM INDIA PRIVATE LIMITED,ASPIRE TOURISM INDIA PRIVATE LIMITED
06-02-2025 18:47,TJ9063117799556,RAIL,Deposit,Paid For Order,357.7,,,,6353.88,,Success,,357.7,,3127025690,,,0,0,0,TJ9063117799556,,81068428,81068428,,,,ASPIRE TOURISM INDIA PRIVATE LIMITED,ASPIRE TOURISM INDIA PRIVATE LIMITED
06-02-2025 18:49,TJ9013117800559,RAIL,Deposit,Paid For Order,357.7,,,,5996.18,,Success,,357.7,,3741919323,,,0,0,0,TJ9013117800559,,81068428,81068428,,,,ASPIRE TOURISM INDIA PRIVATE LIMITED,ASPIRE TOURISM INDIA PRIVATE LIMITED
06-02-2025 19:25,TJ9095117804640,RAIL,Deposit,Paid For Order,357.7,,,,5638.48,,Success,,357.7,,4299272013,,,0,0,0,TJ9095117804640,,81068428,81068428,,,,ASPIRE TOURISM INDIA PRIVATE LIMITED,ASPIRE TOURISM INDIA PRIVATE LIMITED
06-02-2025 19:29,TJ9028117804987,RAIL,Deposit,Paid For Order,357.7,,,,5280.78,,Success,,357.7,,6973561376,,,0,0,0,TJ9028117804987,,81068428,81068428,,,,ASPIRE TOURISM INDIA PRIVATE LIMITED,ASPIRE TOURISM INDIA PRIVATE LIMITED
07-02-2025 10:56,TJ9076117851677,RAIL,Deposit,Paid For Order,357.7,,,,4923.08,,Success,,357.7,,6113150032,,,0,0,0,TJ9076117851677,,81068428,81068428,,,,ASPIRE TOURISM INDIA PRIVATE LIMITED,ASPIRE TOURISM INDIA PRIVATE LIMITED
07-02-2025 11:10,TJ9076117851677,RAIL,Deposit,Reverse,,357.7,,,5280.78,,Success,Topup,357.7,,6766397164,,,0,0,0,TJ9076117851677,,81068428,81068428,,,,ASPIRE TOURISM INDIA PRIVATE LIMITED,ASPIRE TOURISM INDIA PRIVATE LIMITED
07-02-2025 12:32,TJ9030117863478,RAIL,Deposit,Paid For Order,357.7,,,,4923.08,,Success,,357.7,,8717804824,,,0,0,0,TJ9030117863478,,81068428,81068428,,,,ASPIRE TOURISM INDIA PRIVATE LIMITED,ASPIRE TOURISM INDIA PRIVATE LIMITED
07-02-2025 12:35,TJ9059117863883,RAIL,Deposit,Paid For Order,357.7,,,,4565.38,,Success,,357.7,,4759865548,,,0,0,0,TJ9059117863883,,81068428,81068428,,,,ASPIRE TOURISM INDIA PRIVATE LIMITED,ASPIRE TOURISM INDIA PRIVATE LIMITED
07-02-2025 12:38,TJ9087117864236,RAIL,Deposit,Paid For Order,357.7,,,,4207.68,,Success,,357.7,,8643243705,,,0,0,0,TJ9087117864236,,81068428,81068428,,,,ASPIRE TOURISM INDIA PRIVATE LIMITED,ASPIRE TOURISM INDIA PRIVATE LIMITED
07-02-2025 12:54,TJ9043117866289,RAIL,Deposit,Paid For Order,357.7,,,,3849.98,,Success,,357.7,,9827107874,,,0,0,0,TJ9043117866289,,81068428,81068428,,,,ASPIRE TOURISM INDIA PRIVATE LIMITED,ASPIRE TOURISM INDIA PRIVATE LIMITED
07-02-2025 12:59,TJ9060117866730,RAIL,Deposit,Paid For Order,357.7,,,,3492.28,,Success,,357.7,,6272275689,,,0,0,0,TJ9060117866730,,81068428,81068428,,,,ASPIRE TOURISM INDIA PRIVATE LIMITED,ASPIRE TOURISM INDIA PRIVATE LIMITED
07-02-2025 13:18,TJ9017117868901,RAIL,Deposit,Paid For Order,82.7,,,,3409.58,,Success,,82.7,,9674432369,,,0,0,0,TJ9017117868901,,81068428,81068428,,,,ASPIRE TOURISM INDIA PRIVATE LIMITED,ASPIRE TOURISM INDIA PRIVATE LIMITED
07-02-2025 13:57,TJ9017117868901,RAIL,Deposit,Reverse,,82.7,,,3492.28,,Success,Topup,82.7,,2524560339,,,0,0,0,TJ9017117868901,,,81068428,,,,,ASPIRE TOURISM INDIA PRIVATE LIMITED
07-02-2025 14:15,TJ9038117874637,RAIL,Deposit,Paid For Order,82.7,,,,3409.58,,Success,,82.7,,5584917538,,,0,0,0,TJ9038117874637,,81068428,81068428,,,,ASPIRE TOURISM INDIA PRIVATE LIMITED,ASPIRE TOURISM INDIA PRIVATE LIMITED
07-02-2025 17:56,TJ9025117897163,RAIL,Deposit,Paid For Order,207.7,,,,3201.88,,Success,,207.7,,8046854263,,,0,0,0,TJ9025117897163,,81068428,81068428,,,,ASPIRE TOURISM INDIA PRIVATE LIMITED,ASPIRE TOURISM INDIA PRIVATE LIMITED
07-02-2025 18:17,TJ9006117899435,RAIL,Deposit,Paid For Order,2237.7,,,,964.18,,Success,,2237.7,,1616711223,,,0,0,0,TJ9006117899435,,81068428,81068428,,,,ASPIRE TOURISM INDIA PRIVATE LIMITED,ASPIRE TOURISM INDIA PRIVATE LIMITED
07-02-2025 18:41,3077117901545,WALLET_TOPUP,Netbanking,Topup,9000,,,,0,,Failure,,9000,,0073266213,"Payment Pending, Paid using: Juspay; Payment Fee: 0.00; Failure reason: null",Payment failed due to a delayed response from the gateway,0,0,0,3077117901545,,,81068428,,,,,ASPIRE TOURISM INDIA PRIVATE LIMITED
07-02-2025 18:57,TJ9006117899435,RAIL,Deposit,Reverse,,2237.7,,,3201.88,,Success,Topup,2237.7,,5534884001,,,0,0,0,TJ9006117899435,,,81068428,,,,,ASPIRE TOURISM INDIA PRIVATE LIMITED
07-02-2025 19:05,TJ9069117904383,RAIL,Deposit,Paid For Order,2237.7,,,,964.18,,Success,,2237.7,,3239355799,,,0,0,0,TJ9069117904383,,81068428,81068428,,,,ASPIRE TOURISM INDIA PRIVATE LIMITED,ASPIRE TOURISM INDIA PRIVATE LIMITED
08-02-2025 16:44,TJ9038117986244,RAIL,Deposit,Paid For Order,935.4,,,,28.78,,Success,,935.4,,8124474194,,,0,0,0,TJ9038117986244,,81068428,81068428,,,,ASPIRE TOURISM INDIA PRIVATE LIMITED,ASPIRE TOURISM INDIA PRIVATE LIMITED
08-02-2025 19:28,3007118000741,WALLET_TOPUP,Deposit,Topup,,17000,,,17028.78,,Success,,17000,,5845724467,Paid using: Payphi; Payment Fee: 136.00; Merchant Txn Id: 2200254893768,,0,0,0,3007118000741,,81068428,81068428,,,,ASPIRE TOURISM INDIA PRIVATE LIMITED,ASPIRE TOURISM INDIA PRIVATE LIMITED
08-02-2025 19:43,TJ9079118002226,RAIL,Deposit,Paid For Order,3387.7,,,,13641.08,,Success,,3387.7,,5566939343,,,0,0,0,TJ9079118002226,,81068428,81068428,,,,ASPIRE TOURISM INDIA PRIVATE LIMITED,ASPIRE TOURISM INDIA PRIVATE LIMITED
08-02-2025 19:49,TJ9091118002744,RAIL,Deposit,Paid For Order,1147.7,,,,12493.38,,Success,,1147.7,,7708576138,,,0,0,0,TJ9091118002744,,81068428,81068428,,,,ASPIRE TOURISM INDIA PRIVATE LIMITED,ASPIRE TOURISM INDIA PRIVATE LIMITED
08-02-2025 19:57,TJ9012118003434,RAIL,Deposit,Paid For Order,2487.7,,,,10005.68,,Success,,2487.7,,2710731137,,,0,0,0,TJ9012118003434,,81068428,81068428,,,,ASPIRE TOURISM INDIA PRIVATE LIMITED,ASPIRE TOURISM INDIA PRIVATE LIMITED
08-02-2025 19:59,TJ9001118003711,RAIL,Deposit,Paid For Order,847.7,,,,9157.98,,Success,,847.7,,0338690785,,,0,0,0,TJ9001118003711,,81068428,81068428,,,,ASPIRE TOURISM INDIA PRIVATE LIMITED,ASPIRE TOURISM INDIA PRIVATE LIMITED
08-02-2025 20:08,TJ9009118004427,RAIL,Deposit,Paid For Order,1965.4,,,,7192.58,,Success,,1965.4,,5125015374,,,0,0,0,TJ9009118004427,,81068428,81068428,,,,ASPIRE TOURISM INDIA PRIVATE LIMITED,ASPIRE TOURISM INDIA PRIVATE LIMITED
08-02-2025 20:18,TJ9012118005248,RAIL,Deposit,Paid For Order,4625.4,,,,2567.18,,Success,,4625.4,,7363723371,,,0,0,0,TJ9012118005248,,81068428,81068428,,,,ASPIRE TOURISM INDIA PRIVATE LIMITED,ASPIRE TOURISM INDIA PRIVATE LIMITED
10-02-2025 14:49,TJ9083118137570,RAIL,Deposit,Paid For Order,2070.4,,,,496.78,,Success,,2070.4,,5955663225,,,0,0,0,TJ9083118137570,,81068428,81068428,,,,ASPIRE TOURISM INDIA PRIVATE LIMITED,ASPIRE TOURISM INDIA PRIVATE LIMITED
10-02-2025 15:05,3051118138926,WALLET_TOPUP,Deposit,Topup,,4400,,,4896.78,,Success,,4400,,4032190787,Paid using: Juspay; Payment Fee: 0.00; Merchant Txn Id: tripjack-3051118138926-1,,0,0,0,3051118138926,,81068428,81068428,,,,ASPIRE TOURISM INDIA PRIVATE LIMITED,ASPIRE TOURISM INDIA PRIVATE LIMITED
10-02-2025 15:16,TJ9052118140348,RAIL,Deposit,Paid For Order,1155.4,,,,3741.38,,Success,,1155.4,,3253908475,,,0,0,0,TJ9052118140348,,81068428,81068428,,,,ASPIRE TOURISM INDIA PRIVATE LIMITED,ASPIRE TOURISM INDIA PRIVATE LIMITED
10-02-2025 15:20,TJ9000118140785,RAIL,Deposit,Paid For Order,3590.4,,,,150.98,,Success,,3590.4,,3450503171,,,0,0,0,TJ9000118140785,,81068428,81068428,,,,ASPIRE TOURISM INDIA PRIVATE LIMITED,ASPIRE TOURISM INDIA PRIVATE LIMITED
11-02-2025 14:56,TJ2030118241000,HOTEL,Netbanking,Paid For Order,24781.26,,,,0,,Failure,,24781.26,,1100174970,Payment Failed. Paid using: hdfc_ccavenue; Payment Fee: 0.00; Failure reason: ,,0,0,0,TJ2030118241000,,81068428,81068428,,,,ASPIRE TOURISM INDIA PRIVATE LIMITED,ASPIRE TOURISM INDIA PRIVATE LIMITED
11-02-2025 15:07,TJ2015118242031,HOTEL,Netbanking,Paid For Order,24781.26,,,,0,,Failure,,24781.26,,5256790922,Payment Failed. Paid using: hdfc_ccavenue; Payment Fee: 0.00; Failure reason: ,,0,0,0,TJ2015118242031,,81068428,81068428,,,,ASPIRE TOURISM INDIA PRIVATE LIMITED,ASPIRE TOURISM INDIA PRIVATE LIMITED
11-02-2025 15:10,TJ2015118242031,HOTEL,Netbanking,Paid For Order,24781.26,,,,0,,Success,,24781.26,,3720915981,Paid using: Payphi; Payment Fee: 0.00; Merchant Txn Id: 4400255421805,Updated After Retry Payment Option,0,0,0,TJ2015118242031,,81068428,81068428,,,,ASPIRE TOURISM INDIA PRIVATE LIMITED,ASPIRE TOURISM INDIA PRIVATE LIMITED
,,,,,,,,,,,,,,,,,,,,,,,,,,,,,
12-02-2025 11:30,3058118324695,WALLET_TOPUP,Deposit,Topup,,4000,,,4150.98,,Success,,4000,,9762892005,Paid using: Payphi; Payment Fee: 32.00; Merchant Txn Id: 2200255540876,,0,0,0,3058118324695,,,81068428,,,,,ASPIRE TOURISM INDIA PRIVATE LIMITED
12-02-2025 11:39,TJ9005118326589,RAIL,Deposit,Paid For Order,1667.7,,,,2483.28,,Success,,1667.7,,1875310384,,,0,0,0,TJ9005118326589,,81068428,81068428,,,,ASPIRE TOURISM INDIA PRIVATE LIMITED,ASPIRE TOURISM INDIA PRIVATE LIMITED
12-02-2025 11:45,TJ9065118327209,RAIL,Deposit,Paid For Order,1417.7,,,,1065.58,,Success,,1417.7,,9494171900,,,0,0,0,TJ9065118327209,,81068428,81068428,,,,ASPIRE TOURISM INDIA PRIVATE LIMITED,ASPIRE TOURISM INDIA PRIVATE LIMITED
12-02-2025 11:47,TJ9032118327679,RAIL,Deposit,Paid For Order,797.7,,,,267.88,,Success,,797.7,,9696742149,,,0,0,0,TJ9032118327679,,81068428,81068428,,,,ASPIRE TOURISM INDIA PRIVATE LIMITED,ASPIRE TOURISM INDIA PRIVATE LIMITED
12-02-2025 18:31,TJ9025117897163,RAIL,Deposit,Refund,,90,,,357.88,,Success,Topup,90,,4846414665,,,0,0,0,TJ9025117897163,TJA52118375320,81068428,81068428,,,,ASPIRE TOURISM INDIA PRIVATE LIMITED,ASPIRE TOURISM INDIA PRIVATE LIMITED
12-02-2025 18:36,TJ9038117986244,RAIL,Deposit,Refund,,665,,,1022.88,,Success,Topup,665,,0586621600,,,0,0,0,TJ9038117986244,TJA93118376292,81068428,81068428,,,,ASPIRE TOURISM INDIA PRIVATE LIMITED,ASPIRE TOURISM INDIA PRIVATE LIMITED
14-02-2025 11:25,TJ9026118542685,RAIL,Deposit,Paid For Order,897.7,,,,125.18,,Success,,897.7,,5792798579,,,0,0,0,TJ9026118542685,,81068428,81068428,,,,ASPIRE TOURISM INDIA PRIVATE LIMITED,ASPIRE TOURISM INDIA PRIVATE LIMITED
18-02-2025 11:24,TJ9043118927078,RAIL,Deposit,Paid For Order,572.7,,,,0,,Failure,,572.7,,5389617964,Insufficient Balance. ,,0,0,0,TJ9043118927078,,81068428,81068428,,,,ASPIRE TOURISM INDIA PRIVATE LIMITED,ASPIRE TOURISM INDIA PRIVATE LIMITED
18-02-2025 11:26,3092118927449,WALLET_TOPUP,Deposit,Topup,,447,,,572.18,,Success,,447,,4139298753,Paid using: Payphi; Payment Fee: 0.00; Merchant Txn Id: 2200256657442,,0,0,0,3092118927449,,81068428,81068428,,,,ASPIRE TOURISM INDIA PRIVATE LIMITED,ASPIRE TOURISM INDIA PRIVATE LIMITED
18-02-2025 11:27,TJ9090118927278,RAIL,Deposit,Paid For Order,572.7,,,,0,,Failure,,572.7,,5015687031,Insufficient Balance. ,,0,0,0,TJ9090118927278,,81068428,81068428,,,,ASPIRE TOURISM INDIA PRIVATE LIMITED,ASPIRE TOURISM INDIA PRIVATE LIMITED
18-02-2025 11:29,3092118927809,WALLET_TOPUP,Deposit,Topup,,20,,,592.18,,Success,,20,,8701865219,Paid using: Payphi; Payment Fee: 0.00; Merchant Txn Id: 4400256658357,,0,0,0,3092118927809,,81068428,81068428,,,,ASPIRE TOURISM INDIA PRIVATE LIMITED,ASPIRE TOURISM INDIA PRIVATE LIMITED
18-02-2025 11:30,TJ9060118928044,RAIL,Deposit,Paid For Order,572.7,,,,19.48,,Success,,572.7,,6875335858,,,0,0,0,TJ9060118928044,,81068428,81068428,,,,ASPIRE TOURISM INDIA PRIVATE LIMITED,ASPIRE TOURISM INDIA PRIVATE LIMITED
22-02-2025 12:38,TJ9060119356173,RAIL,Deposit,Paid For Order,2487.7,,,,0,,Failure,,2487.7,,7598740997,Insufficient Balance. ,,0,0,0,TJ9060119356173,,81068428,81068428,,,,ASPIRE TOURISM INDIA PRIVATE LIMITED,ASPIRE TOURISM INDIA PRIVATE LIMITED
22-02-2025 12:39,TJ9013119356263,RAIL,Deposit,Paid For Order,2487.7,,,,0,,Failure,,2487.7,,6340214664,Insufficient Balance. ,,0,0,0,TJ9013119356263,,81068428,81068428,,,,ASPIRE TOURISM INDIA PRIVATE LIMITED,ASPIRE TOURISM INDIA PRIVATE LIMITED
22-02-2025 13:13,3007119360365,WALLET_TOPUP,Deposit,Topup,,2347,,,2366.48,,Success,,2347,,9707271112,Paid using: Payphi; Payment Fee: 0.00; Merchant Txn Id: 2200257399288,,0,0,0,3007119360365,,81068428,81068428,,,,ASPIRE TOURISM INDIA PRIVATE LIMITED,ASPIRE TOURISM INDIA PRIVATE LIMITED
22-02-2025 13:17,3068119360902,WALLET_TOPUP,Deposit,Topup,,180,,,2546.48,,Success,,180,,5282502108,Paid using: Payphi; Payment Fee: 0.00; Merchant Txn Id: 2200257400770,,0,0,0,3068119360902,,81068428,81068428,,,,ASPIRE TOURISM INDIA PRIVATE LIMITED,ASPIRE TOURISM INDIA PRIVATE LIMITED
22-02-2025 13:22,TJ9078119361482,RAIL,Deposit,Paid For Order,2487.7,,,,58.78,,Success,,2487.7,,2440786707,,,0,0,0,TJ9078119361482,,81068428,81068428,,,,ASPIRE TOURISM INDIA PRIVATE LIMITED,ASPIRE TOURISM INDIA PRIVATE LIMITED
05-03-2025 13:31,TJ9019120396483,RAIL,Deposit,Paid For Order,1092.7,,,,0,,Failure,,1092.7,,1155363541,Insufficient Balance. ,,0,0,0,TJ9019120396483,,81068428,81068428,,,,ASPIRE TOURISM INDIA PRIVATE LIMITED,ASPIRE TOURISM INDIA PRIVATE LIMITED
05-03-2025 13:32,3030120396755,WALLET_TOPUP,Deposit,Topup,,1092,,,1150.78,,Success,,1092,,9710332055,Paid using: Payphi; Payment Fee: 0.00; Merchant Txn Id: 4400259280603,,0,0,0,3030120396755,,81068428,81068428,,,,ASPIRE TOURISM INDIA PRIVATE LIMITED,ASPIRE TOURISM INDIA PRIVATE LIMITED
05-03-2025 13:34,TJ9048120397066,RAIL,Deposit,Paid For Order,1092.7,,,,58.08,,Success,,1092.7,,3197157388,,,0,0,0,TJ9048120397066,,81068428,81068428,,,,ASPIRE TOURISM INDIA PRIVATE LIMITED,ASPIRE TOURISM INDIA PRIVATE LIMITED
05-03-2025 16:32,3097120416260,WALLET_TOPUP,Deposit,Topup,,6680,,,6738.08,,Success,,6680,,8414719093,Paid using: Payphi; Payment Fee: 0.00; Merchant Txn Id: 4400259323001,,0,0,0,3097120416260,,81068428,81068428,,,,ASPIRE TOURISM INDIA PRIVATE LIMITED,ASPIRE TOURISM INDIA PRIVATE LIMITED
05-03-2025 16:36,TJ9013120416675,RAIL,Deposit,Paid For Order,3285.4,,,,3452.68,,Success,,3285.4,,4676391556,,,0,0,0,TJ9013120416675,,81068428,81068428,,,,ASPIRE TOURISM INDIA PRIVATE LIMITED,ASPIRE TOURISM INDIA PRIVATE LIMITED
05-03-2025 16:41,TJ9004120417376,RAIL,Deposit,Paid For Order,3285.4,,,,167.28,,Success,,3285.4,,1151641490,,,0,0,0,TJ9004120417376,,81068428,81068428,,,,ASPIRE TOURISM INDIA PRIVATE LIMITED,ASPIRE TOURISM INDIA PRIVATE LIMITED
10-03-2025 10:33,TJ9037115352557,RAIL,Deposit,Refund,,600,,,767.28,,Success,Topup,600,,9138237038,,,0,0,0,TJ9037115352557,TJA12120837007,81068428,81068428,,,,ASPIRE TOURISM INDIA PRIVATE LIMITED,ASPIRE TOURISM INDIA PRIVATE LIMITED
11-03-2025 09:51,3018120951526,WALLET_TOPUP,Deposit,Topup,,6000,,,6767.28,,Success,,6000,,5420075337,Paid using: Payphi; Payment Fee: 0.00; Merchant Txn Id: 2200260327284,,0,0,0,3018120951526,,81068428,81068428,,,,ASPIRE TOURISM INDIA PRIVATE LIMITED,ASPIRE TOURISM INDIA PRIVATE LIMITED
11-03-2025 10:04,TJ9069120952428,RAIL,Deposit,Paid For Order,652.7,,,,6114.58,,Success,,652.7,,2326230178,,,0,0,0,TJ9069120952428,,81068428,81068428,,,,ASPIRE TOURISM INDIA PRIVATE LIMITED,ASPIRE TOURISM INDIA PRIVATE LIMITED
11-03-2025 12:31,TJ9053120971303,RAIL,Deposit,Paid For Order,1125.4,,,,4989.18,,Success,,1125.4,,0849913661,,,0,0,0,TJ9053120971303,,81068428,81068428,,,,ASPIRE TOURISM INDIA PRIVATE LIMITED,ASPIRE TOURISM INDIA PRIVATE LIMITED
11-03-2025 12:34,TJ9021120971947,RAIL,Deposit,Paid For Order,457.7,,,,4531.48,,Success,,457.7,,3358343896,,,0,0,0,TJ9021120971947,,81068428,81068428,,,,ASPIRE TOURISM INDIA PRIVATE LIMITED,ASPIRE TOURISM INDIA PRIVATE LIMITED
11-03-2025 12:43,TJ9094120973402,RAIL,Deposit,Paid For Order,792.7,,,,3738.78,,Success,,792.7,,6219825980,,,0,0,0,TJ9094120973402,,81068428,81068428,,,,ASPIRE TOURISM INDIA PRIVATE LIMITED,ASPIRE TOURISM INDIA PRIVATE LIMITED
11-03-2025 12:52,TJ9088120974859,RAIL,Deposit,Paid For Order,3060.4,,,,678.38,,Success,,3060.4,,4014510028,,,0,0,0,TJ9088120974859,,81068428,81068428,,,,ASPIRE TOURISM INDIA PRIVATE LIMITED,ASPIRE TOURISM INDIA PRIVATE LIMITED
11-03-2025 16:14,TJ2092121003092,HOTEL,Netbanking,Paid For Order,25437.59,,,,0,,Success,,25437.59,,1184442373,Paid using: Payphi; Payment Fee: 0.00; Merchant Txn Id: 4400260445147,,0,0,0,TJ2092121003092,,81068428,81068428,,,,ASPIRE TOURISM INDIA PRIVATE LIMITED,ASPIRE TOURISM INDIA PRIVATE LIMITED
14-03-2025 12:32,3033121302161,WALLET_TOPUP,Deposit,Topup,,38532,,,39210.38,,Success,,38532,,1216994246,Paid using: Juspay; Payment Fee: 0.00; Merchant Txn Id: tripjack-3033121302161-1,,0,0,0,3033121302161,,,81068428,,,,,ASPIRE TOURISM INDIA PRIVATE LIMITED
14-03-2025 12:46,TJ1193121303345,AIR,Deposit,Paid For Order,38532,,,,678.38,,Success,,38532,,8646333655,,,0,0,0,TJ1193121303345,,81068428,81068428,,,,ASPIRE TOURISM INDIA PRIVATE LIMITED,ASPIRE TOURISM INDIA PRIVATE LIMITED
14-03-2025 13:25,3064121306305,WALLET_TOPUP,Deposit,Topup,,30296,,,30974.38,,Success,,30296,,7381261842,Paid using: Juspay; Payment Fee: 0.00; Merchant Txn Id: tripjack-3064121306305-1,,0,0,0,3064121306305,,81068428,81068428,,,,ASPIRE TOURISM INDIA PRIVATE LIMITED,ASPIRE TOURISM INDIA PRIVATE LIMITED
14-03-2025 13:32,TJ1035121306496,AIR,Deposit,Paid For Order,30296,,,,678.38,,Success,,30296,,4101182550,,,0,0,0,TJ1035121306496,,81068428,81068428,,,,ASPIRE TOURISM INDIA PRIVATE LIMITED,ASPIRE TOURISM INDIA PRIVATE LIMITED
14-03-2025 13:32,TJ1035121306496,AIR,Deposit,Commission,,317.7,324.18,,996.08,,Success,Topup,317.7,,0700326932,,,0,0,6.48,TJ1035121306496,,81068428,81068428,,,,ASPIRE TOURISM INDIA PRIVATE LIMITED,ASPIRE TOURISM INDIA PRIVATE LIMITED
15-03-2025 10:43,3096121367173,WALLET_TOPUP,Deposit,Topup,,16866,,,17862.08,,Success,,16866,,7677061160,Paid using: Juspay; Payment Fee: 0.00; Merchant Txn Id: tripjack-3096121367173-1,,0,0,0,3096121367173,,81068428,81068428,,,,ASPIRE TOURISM INDIA PRIVATE LIMITED,ASPIRE TOURISM INDIA PRIVATE LIMITED
15-03-2025 10:49,TJ1129121367500,AIR,Deposit,Paid For Order,8041.78,,,,9820.3,,Success,,8041.78,,6335532557,,,0,0,0,TJ1129121367500,,81068428,81068428,,,,ASPIRE TOURISM INDIA PRIVATE LIMITED,ASPIRE TOURISM INDIA PRIVATE LIMITED
15-03-2025 10:53,TJ1178121368110,AIR,Deposit,Paid For Order,8433,,,,1387.3,,Success,,8433,,7633456197,,,0,0,0,TJ1178121368110,,81068428,81068428,,,,ASPIRE TOURISM INDIA PRIVATE LIMITED,ASPIRE TOURISM INDIA PRIVATE LIMITED
15-03-2025 16:14,3050121404596,WALLET_TOPUP,Deposit,Topup,,11678,,,13065.3,,Success,,11678,,2723249819,Paid using: Juspay; Payment Fee: 0.00; Merchant Txn Id: tripjack-3050121404596-1,,0,0,0,3050121404596,,81068428,81068428,,,,ASPIRE TOURISM INDIA PRIVATE LIMITED,ASPIRE TOURISM INDIA PRIVATE LIMITED
15-03-2025 16:21,TJ1013121405283,AIR,Deposit,Paid For Order,6248,,,,6817.3,,Success,,6248,,4594063306,,,0,0,0,TJ1013121405283,,81068428,81068428,,,,ASPIRE TOURISM INDIA PRIVATE LIMITED,ASPIRE TOURISM INDIA PRIVATE LIMITED
15-03-2025 16:21,TJ1013121405283,AIR,Deposit,Commission,,41.9,42.76,,6859.2,,Success,Topup,41.9,,6008638750,,,0,0,0.86,TJ1013121405283,,81068428,81068428,,,,ASPIRE TOURISM INDIA PRIVATE LIMITED,ASPIRE TOURISM INDIA PRIVATE LIMITED
15-03-2025 16:27,TJ1076121405912,AIR,Deposit,Paid For Order,5430,,,,1429.2,,Success,,5430,,4138299812,,,0,0,0,TJ1076121405912,,81068428,81068428,,,,ASPIRE TOURISM INDIA PRIVATE LIMITED,ASPIRE TOURISM INDIA PRIVATE LIMITED
15-03-2025 16:27,TJ1076121405912,AIR,Deposit,Commission,,47.36,48.32,,1476.56,,Success,Topup,47.36,,3736385855,,,0,0,0.96,TJ1076121405912,,81068428,81068428,,,,ASPIRE TOURISM INDIA PRIVATE LIMITED,ASPIRE TOURISM INDIA PRIVATE LIMITED
15-03-2025 18:39,3003121418086,WALLET_TOPUP,Deposit,Topup,,51000,,,52476.56,,Success,,51000,,9265036961,Paid using: Juspay; Payment Fee: 0.00; Merchant Txn Id: tripjack-3003121418086-1,,0,0,0,3003121418086,,,81068428,,,,,ASPIRE TOURISM INDIA PRIVATE LIMITED
15-03-2025 18:51,TJ9026121419657,RAIL,Deposit,Paid For Order,9375.4,,,,43101.16,,Success,,9375.4,,4846560664,,,0,0,0,TJ9026121419657,,81068428,81068428,,,,ASPIRE TOURISM INDIA PRIVATE LIMITED,ASPIRE TOURISM INDIA PRIVATE LIMITED
15-03-2025 18:56,TJ9091121420082,RAIL,Deposit,Paid For Order,9375.4,,,,33725.76,,Success,,9375.4,,9225295347,,,0,0,0,TJ9091121420082,,81068428,81068428,,,,ASPIRE TOURISM INDIA PRIVATE LIMITED,ASPIRE TOURISM INDIA PRIVATE LIMITED
15-03-2025 19:02,TJ9076121420640,RAIL,Deposit,Paid For Order,9375.4,,,,24350.36,,Success,,9375.4,,1813088959,,,0,0,0,TJ9076121420640,,81068428,81068428,,,,ASPIRE TOURISM INDIA PRIVATE LIMITED,ASPIRE TOURISM INDIA PRIVATE LIMITED
15-03-2025 19:08,TJ9095121421164,RAIL,Deposit,Paid For Order,7335.4,,,,17014.96,,Success,,7335.4,,9673725396,,,0,0,0,TJ9095121421164,,81068428,81068428,,,,ASPIRE TOURISM INDIA PRIVATE LIMITED,ASPIRE TOURISM INDIA PRIVATE LIMITED
15-03-2025 19:12,TJ9041121421617,RAIL,Deposit,Paid For Order,7335.4,,,,9679.56,,Success,,7335.4,,3703320909,,,0,0,0,TJ9041121421617,,81068428,81068428,,,,ASPIRE TOURISM INDIA PRIVATE LIMITED,ASPIRE TOURISM INDIA PRIVATE LIMITED
15-03-2025 19:16,TJ9022121421940,RAIL,Deposit,Paid For Order,7335.4,,,,2344.16,,Success,,7335.4,,2115899223,,,0,0,0,TJ9022121421940,,81068428,81068428,,,,ASPIRE TOURISM INDIA PRIVATE LIMITED,ASPIRE TOURISM INDIA PRIVATE LIMITED
18-03-2025 13:48,TJ9001121677014,RAIL,Deposit,Paid For Order,510.4,,,,1833.76,,Success,,510.4,,8390641990,,,0,0,0,TJ9001121677014,,81068428,81068428,,,,ASPIRE TOURISM INDIA PRIVATE LIMITED,ASPIRE TOURISM INDIA PRIVATE LIMITED
21-03-2025 18:35,3071122034124,WALLET_TOPUP,Deposit,Topup,,2827,,,4660.76,,Success,,2827,,6275590968,Paid using: Payphi; Payment Fee: 0.00; Merchant Txn Id: 2200262262297,,0,0,0,3071122034124,,,81068428,,,,,ASPIRE TOURISM INDIA PRIVATE LIMITED
21-03-2025 18:40,TJ9052122034856,RAIL,Deposit,Paid For Order,4525.4,,,,135.36,,Success,,4525.4,,9656114667,,,0,0,0,TJ9052122034856,,81068428,81068428,,,,ASPIRE TOURISM INDIA PRIVATE LIMITED,ASPIRE TOURISM INDIA PRIVATE LIMITED
24-03-2025 11:49,TJ9001121677014,RAIL,Deposit,Refund,,275,,,410.36,,Success,Topup,275,,3451755270,,,0,0,0,TJ9001121677014,TJA64122238004,81068428,81068428,,,,ASPIRE TOURISM INDIA PRIVATE LIMITED,ASPIRE TOURISM INDIA PRIVATE LIMITED
26-03-2025 11:43,3026122432828,WALLET_TOPUP,Deposit,Topup,,1735,,,2145.36,,Success,,1735,,2643014176,Paid using: Payphi; Payment Fee: 0.00; Merchant Txn Id: 2200263149257,,0,0,0,3026122432828,,81068428,81068428,,,,ASPIRE TOURISM INDIA PRIVATE LIMITED,ASPIRE TOURISM INDIA PRIVATE LIMITED
26-03-2025 11:48,TJ9023122433523,RAIL,Deposit,Paid For Order,2055.4,,,,89.96,,Success,,2055.4,,4921832170,,,0,0,0,TJ9023122433523,,81068428,81068428,,,,ASPIRE TOURISM INDIA PRIVATE LIMITED,ASPIRE TOURISM INDIA PRIVATE LIMITED
29-03-2025 12:48,3080122708850,WALLET_TOPUP,Deposit,Topup,,778,,,867.96,,Success,,778,,0686838875,Paid using: Payphi; Payment Fee: 0.00; Merchant Txn Id: 2200263769666,,0,0,0,3080122708850,,81068428,81068428,,,,ASPIRE TOURISM INDIA PRIVATE LIMITED,ASPIRE TOURISM INDIA PRIVATE LIMITED
29-03-2025 13:05,TJ9057122710474,RAIL,Deposit,Paid For Order,357.7,,,,510.26,,Success,,357.7,,5093044154,,,0,0,0,TJ9057122710474,,81068428,81068428,,,,ASPIRE TOURISM INDIA PRIVATE LIMITED,ASPIRE TOURISM INDIA PRIVATE LIMITED
29-03-2025 13:12,TJ9011122711123,RAIL,Deposit,Paid For Order,347.7,,,,162.56,,Success,,347.7,,1495896047,,,0,0,0,TJ9011122711123,,81068428,81068428,,,,ASPIRE TOURISM INDIA PRIVATE LIMITED,ASPIRE TOURISM INDIA PRIVATE LIMITED
,,,,,,,,,,,,,,,,,,,,,,,,,,,,,
