"Created On","BookingId","Product","Medium","Type","Debit","Credit","Gross Earnings","Bill Number","Available Balance","Utilization","Status","Sub-Type","Deposit Amount","Agent UserId","Payment Reference","Reason","Comments","Payment Fee","Markup","TDS","Ref. Id","Amendment Id","Logged In UserId Id","Booking User Id","Billing Date Time","Entity Code","Transaction Currency","LoggedIn username","Booking username"
"Apr 2, 2024 3:32 PM","301989038230","WALLET_TOPUP","Credit Line","Topup","","197397.77","","282173710159","582966.21","17033.79","Success","Bill Settle","214432","","5030579527","Paid using: hdfc_ccavenue; Payment Fee: 15.00; Merchant Txn Id: 113235393302","","0","0","0","301989038230","","31061288","31061288","Apr 2, 2024 3:32 PM","","","ASPIRE TOURISM INDIA PVT LTD","ASPIRE TOURISM INDIA PVT LTD"
"Apr 2, 2024 3:32 PM","301989038230","WALLET_TOPUP","Credit Line","Topup","","17033.79","","931418564683","600000","0","Success","Bill Settle","214432","","1774636199","Paid using: hdfc_ccavenue; Payment Fee: 15.00; Merchant Txn Id: 113235393302","","0","0","0","301989038230","","31061288","31061288","Apr 2, 2024 3:32 PM","","","ASPIRE TOURISM INDIA PVT LTD","ASPIRE TOURISM INDIA PVT LTD"
"Apr 2, 2024 3:32 PM","301989038230","WALLET_TOPUP","Deposit","Topup","","0.44","","","0.44","","Success","","214432","","9699483510","Paid using: hdfc_ccavenue; Payment Fee: 15.00; Merchant Txn Id: 113235393302","","0","0","0","301989038230","","31061288","31061288","","","","ASPIRE TOURISM INDIA PVT LTD","ASPIRE TOURISM INDIA PVT LTD"
"Apr 6, 2024 6:45 PM","TJ119789370541","AIR","Credit Line","Paid For Order","75137.74","","","","524862.26","75137.74","Success","","75138.18","","9165342471","","","0","0","0","TJ119789370541","","31061288","31061288","Apr 6, 2024 6:45 PM","","","ASPIRE TOURISM INDIA PVT LTD","ASPIRE TOURISM INDIA PVT LTD"
"Apr 6, 2024 6:45 PM","TJ119789370541","AIR","Deposit","Paid For Order","0.44","","","","0","","Success","","75138.18","","6072070570","","","0","0","0","TJ119789370541","","31061288","31061288","","","","ASPIRE TOURISM INDIA PVT LTD","ASPIRE TOURISM INDIA PVT LTD"
"Apr 7, 2024 8:31 PM","TJ103389429515","AIR","Credit Line","Paid For Order","15523","","","","509339.26","90660.74","Success","","15523","","6394490332","","","0","0","0","TJ103389429515","","31061288","31061288","Apr 7, 2024 8:31 PM","","","ASPIRE TOURISM INDIA PVT LTD","ASPIRE TOURISM INDIA PVT LTD"
"Apr 7, 2024 8:31 PM","TJ103389429515","AIR","Credit Line","Commission","","134.98","142.07999999999998","","509474.24","90525.76","Success","Utilisation Adjustment","​-","","6200737883","","","0","0","7.1","TJ103389429515","","31061288","31061288","Apr 7, 2024 8:31 PM","","","ASPIRE TOURISM INDIA PVT LTD","ASPIRE TOURISM INDIA PVT LTD"
"Apr 8, 2024 3:33 PM","TJ119189480407","AIR","Credit Line","Paid For Order","77035","","","","432439.24","167560.76","Success","","77035","","0087700164","","","0","1000","0","TJ119189480407","","31061288","31061288","Apr 8, 2024 3:33 PM","","","ASPIRE TOURISM INDIA PVT LTD","ASPIRE TOURISM INDIA PVT LTD"
"Apr 8, 2024 3:39 PM","TJ113689480936","AIR","Credit Line","Paid For Order","81388","","","","351051.24","248948.76","Success","","81388","","2461091911","","","0","1000","0","TJ113689480936","","31061288","31061288","Apr 8, 2024 3:39 PM","","","ASPIRE TOURISM INDIA PVT LTD","ASPIRE TOURISM INDIA PVT LTD"
"Apr 8, 2024 4:47 PM","TJ110789487618","AIR","Credit Line","Paid For Order","16653.49","","","","334397.75","265602.25","Success","","16653.49","","9403978986","","","0","500","0","TJ110789487618","","31061288","31061288","Apr 8, 2024 4:47 PM","","","ASPIRE TOURISM INDIA PVT LTD","ASPIRE TOURISM INDIA PVT LTD"
"Apr 8, 2024 4:50 PM","TJ110789487618","AIR","Credit Line","Reverse","","16653.49","","","351051.24","248948.76","Success","Utilisation Adjustment","16653.49","","9993155032","","","0","0","0","TJ110789487618","","81110360","31061288","Apr 8, 2024 4:50 PM","","","Upasana Vaidya","ASPIRE TOURISM INDIA PVT LTD"
"Apr 8, 2024 4:54 PM","TJ112189488509","AIR","Credit Line","Paid For Order","12768.49","","","","338282.75","261717.25","Success","","12768.49","","0274189346","","","0","0","0","TJ112189488509","","31061288","31061288","Apr 8, 2024 4:54 PM","","","ASPIRE TOURISM INDIA PVT LTD","ASPIRE TOURISM INDIA PVT LTD"
"Apr 8, 2024 5:13 PM","TJ112189488509","AIR","Credit Line","Reverse","","12768.49","","","351051.24","248948.76","Success","Utilisation Adjustment","12768.49","","1379764530","","","0","0","0","TJ112189488509","","21110356","31061288","Apr 8, 2024 5:13 PM","","","Abdul Sattar Dawre","ASPIRE TOURISM INDIA PVT LTD"
"Apr 8, 2024 5:56 PM","TJ103389429515","AIR","Credit Line","Refund","","8373","","543108879640","359424.24","240575.76","Success","Bill Settle","8373","","4024668335","","","0","0","0","TJ103389429515","TJA2489494863","31061288","31061288","Apr 8, 2024 5:56 PM","","","ASPIRE TOURISM INDIA PVT LTD","ASPIRE TOURISM INDIA PVT LTD"
"Apr 8, 2024 5:56 PM","TJ103389429515","AIR","Credit Line","Commission","134.98","","-142.07999999999998","","359289.26","240710.74","Success","","​-","","1588848376","","","0","0","-7.1","TJ103389429515","TJA2489494863","31061288","31061288","Apr 8, 2024 5:56 PM","","","ASPIRE TOURISM INDIA PVT LTD","ASPIRE TOURISM INDIA PVT LTD"
"Apr 8, 2024 7:22 PM","309189501886","WALLET_TOPUP","Credit Line","Topup","","75180","","543108879640","434469.26","165530.74","Success","Bill Settle","75180","","5021153199","Paid using: hdfc_ccavenue; Payment Fee: 15.00; Merchant Txn Id: 113243323121","","0","0","0","309189501886","","31061288","31061288","Apr 8, 2024 7:22 PM","","","ASPIRE TOURISM INDIA PVT LTD","ASPIRE TOURISM INDIA PVT LTD"
"Apr 9, 2024 10:35 AM","TJ110389537109","AIR","Credit Line","Paid For Order","37149","","","","397320.26","202679.74","Success","","37149","","9188585821","","","0","2000","0","TJ110389537109","","31061288","31061288","Apr 9, 2024 10:35 AM","","","ASPIRE TOURISM INDIA PVT LTD","ASPIRE TOURISM INDIA PVT LTD"
"Apr 9, 2024 10:35 AM","TJ110389537109","AIR","Credit Line","Commission","","342","360","","397662.26","202337.74","Success","Utilisation Adjustment","​-","","3874725199","","","0","0","18","TJ110389537109","","31061288","31061288","Apr 9, 2024 10:35 AM","","","ASPIRE TOURISM INDIA PVT LTD","ASPIRE TOURISM INDIA PVT LTD"
"Apr 9, 2024 7:17 PM","TJ106989583536","AIR","Credit Line","Paid For Order","15533","","","","382129.26","217870.74","Success","","15533","","2634529746","","","0","0","0","TJ106989583536","","31061288","31061288","Apr 9, 2024 7:17 PM","","","ASPIRE TOURISM INDIA PVT LTD","ASPIRE TOURISM INDIA PVT LTD"
"Apr 9, 2024 7:17 PM","TJ106989583536","AIR","Credit Line","Commission","","150.79","158.73","","382280.05","217719.95","Success","Utilisation Adjustment","​-","","3243119607","","","0","0","7.94","TJ106989583536","","31061288","31061288","Apr 9, 2024 7:17 PM","","","ASPIRE TOURISM INDIA PVT LTD","ASPIRE TOURISM INDIA PVT LTD"
"Apr 10, 2024 1:37 PM","308889641920","WALLET_TOPUP","Credit Line","Topup","","6972.76","","543108879640","389252.81","210747.19","Success","Bill Settle","6973","","2351286378","Paid using: Payphi; Payment Fee: 0.00; Merchant Txn Id: 4400165630885","","0","0","0","308889641920","","31061288","31061288","Apr 10, 2024 1:37 PM","","","ASPIRE TOURISM INDIA PVT LTD","ASPIRE TOURISM INDIA PVT LTD"
"Apr 10, 2024 1:37 PM","308889641920","WALLET_TOPUP","Credit Line","Topup","","0.24","","","389253.05","210746.95","Success","Utilisation Adjustment","6973","","2133425313","Paid using: Payphi; Payment Fee: 0.00; Merchant Txn Id: 4400165630885","","0","0","0","308889641920","","31061288","31061288","Apr 10, 2024 1:37 PM","","","ASPIRE TOURISM INDIA PVT LTD","ASPIRE TOURISM INDIA PVT LTD"
"Apr 10, 2024 2:47 PM","TJ108089648043","AIR","Credit Line","Paid For Order","79448","","","","309805.05","290194.95","Success","","79448","","0366849660","","","0","0","0","TJ108089648043","","31061288","31061288","Apr 10, 2024 2:47 PM","","","ASPIRE TOURISM INDIA PVT LTD","ASPIRE TOURISM INDIA PVT LTD"
"Apr 10, 2024 2:47 PM","TJ108089648043","AIR","Credit Line","Commission","","1390.68","1463.8400000000001","","311195.73","288804.27","Success","Utilisation Adjustment","​-","","2107769354","","","0","0","73.16","TJ108089648043","","31061288","31061288","Apr 10, 2024 2:47 PM","","","ASPIRE TOURISM INDIA PVT LTD","ASPIRE TOURISM INDIA PVT LTD"
"Apr 11, 2024 3:34 PM","TJ114189731181","AIR","Credit Line","Paid For Order","53224","","","","257971.73","342028.27","Success","","53224","","7149885517","","","0","1200","0","TJ114189731181","","31061288","31061288","Apr 11, 2024 3:34 PM","","","ASPIRE TOURISM INDIA PVT LTD","ASPIRE TOURISM INDIA PVT LTD"
"Apr 11, 2024 3:34 PM","TJ114189731181","AIR","Credit Line","Commission","","629.54","662.68","","258601.27","341398.73","Success","Utilisation Adjustment","​-","","4354756232","","","0","0","33.14","TJ114189731181","","31061288","31061288","Apr 11, 2024 3:34 PM","","","ASPIRE TOURISM INDIA PVT LTD","ASPIRE TOURISM INDIA PVT LTD"
"Apr 12, 2024 1:20 PM","309889798183","WALLET_TOPUP","Credit Line","Topup","","50000","","","308601.27","291398.73","Success","Utilisation Adjustment","50000","","0768560424","Paid using: Payphi; Payment Fee: 0.00; Merchant Txn Id: 4400166124070","","0","0","0","309889798183","","31061288","31061288","Apr 12, 2024 1:20 PM","","","ASPIRE TOURISM INDIA PVT LTD","ASPIRE TOURISM INDIA PVT LTD"
"Apr 14, 2024 2:57 PM","TJ101489958494","AIR","Credit Line","Paid For Order","33404","","","","275197.27","324802.73","Success","","33404","","7020897092","","","0","1800","0","TJ101489958494","","31061288","31061288","Apr 14, 2024 2:57 PM","","","ASPIRE TOURISM INDIA PVT LTD","ASPIRE TOURISM INDIA PVT LTD"
"Apr 14, 2024 2:57 PM","TJ101489958494","AIR","Credit Line","Commission","","158.1","166.42","","275355.37","324644.63","Success","Utilisation Adjustment","​-","","9738998772","","","0","0","8.32","TJ101489958494","","31061288","31061288","Apr 14, 2024 2:57 PM","","","ASPIRE TOURISM INDIA PVT LTD","ASPIRE TOURISM INDIA PVT LTD"
"Apr 15, 2024 12:05 PM","TJ111590011844","AIR","Credit Line","Paid For Order","58018","","","","217337.37","382662.63","Success","","58018","","5151599423","","","0","3600","0","TJ111590011844","","31061288","31061288","Apr 15, 2024 12:05 PM","","","ASPIRE TOURISM INDIA PVT LTD","ASPIRE TOURISM INDIA PVT LTD"
"Apr 15, 2024 12:05 PM","TJ111590011844","AIR","Credit Line","Commission","","342","360","","217679.37","382320.63","Success","Utilisation Adjustment","​-","","4461470427","","","0","0","18","TJ111590011844","","31061288","31061288","Apr 15, 2024 12:05 PM","","","ASPIRE TOURISM INDIA PVT LTD","ASPIRE TOURISM INDIA PVT LTD"
"Apr 15, 2024 12:13 PM","TJ119790013129","AIR","Credit Line","Paid For Order","30608","","","","187071.37","412928.63","Success","","30608","","3236302083","","","0","4100","0","TJ119790013129","","31061288","31061288","Apr 15, 2024 12:13 PM","","","ASPIRE TOURISM INDIA PVT LTD","ASPIRE TOURISM INDIA PVT LTD"
"Apr 15, 2024 12:13 PM","TJ119790013129","AIR","Credit Line","Commission","","190","200","","187261.37","412738.63","Success","Utilisation Adjustment","​-","","3485671868","","","0","0","10","TJ119790013129","","31061288","31061288","Apr 15, 2024 12:13 PM","","","ASPIRE TOURISM INDIA PVT LTD","ASPIRE TOURISM INDIA PVT LTD"
"Apr 15, 2024 8:01 PM","TJ110990062598","AIR","Credit Line","Paid For Order","29009","","","","158252.37","441747.63","Success","","29009","","9937109162","","","0","300","0","TJ110990062598","","31061288","31061288","Apr 15, 2024 8:01 PM","","","ASPIRE TOURISM INDIA PVT LTD","ASPIRE TOURISM INDIA PVT LTD"
"Apr 15, 2024 8:01 PM","TJ110990062598","AIR","Credit Line","Commission","","171","180","","158423.37","441576.63","Success","Utilisation Adjustment","​-","","0647647395","","","0","0","9","TJ110990062598","","31061288","31061288","Apr 15, 2024 8:01 PM","","","ASPIRE TOURISM INDIA PVT LTD","ASPIRE TOURISM INDIA PVT LTD"
"Apr 15, 2024 8:14 PM","TJ119790063504","AIR","Credit Line","Paid For Order","15304","","","","143119.37","456880.63","Success","","15304","","9651138630","","","0","1900","0","TJ119790063504","","31061288","31061288","Apr 15, 2024 8:14 PM","","","ASPIRE TOURISM INDIA PVT LTD","ASPIRE TOURISM INDIA PVT LTD"
"Apr 15, 2024 8:14 PM","TJ119790063504","AIR","Credit Line","Commission","","95","100","","143214.37","456785.63","Success","Utilisation Adjustment","​-","","1254492692","","","0","0","5","TJ119790063504","","31061288","31061288","Apr 15, 2024 8:14 PM","","","ASPIRE TOURISM INDIA PVT LTD","ASPIRE TOURISM INDIA PVT LTD"
"Apr 15, 2024 8:44 PM","008856080048","NA","Credit Line","Temporary Limit Change","","100000","","","243214.37","456785.63","Success","","​-","","9103866646","CLR192628-Balu G,S Karthikeyan(51051718)-Sufiyan surathiya-Limit","","0","0","0","008856080048","","71069098","31061288","Apr 15, 2024 8:44 PM","","","sufiyan surathiya","ASPIRE TOURISM INDIA PVT LTD"
"Apr 16, 2024 10:20 AM","305790093247","WALLET_TOPUP","Credit Line","Topup","","157000","","473882537766","400214.37","299785.63","Success","Bill Settle","157000","","6999799390","Paid using: hdfc_ccavenue; Payment Fee: 15.00; Merchant Txn Id: 113252904595","","0","0","0","305790093247","","31061288","31061288","Apr 16, 2024 10:20 AM","","","ASPIRE TOURISM INDIA PVT LTD","ASPIRE TOURISM INDIA PVT LTD"
"Apr 17, 2024 11:19 AM","304190195651","WALLET_TOPUP","Credit Line","Topup","","30000","","473882537766","430214.37","269785.63","Success","Bill Settle","30000","","3603738519","Paid using: Payphi; Payment Fee: 0.00; Merchant Txn Id: 2200167326790","","0","0","0","304190195651","","31061288","31061288","Apr 17, 2024 11:19 AM","","","ASPIRE TOURISM INDIA PVT LTD","ASPIRE TOURISM INDIA PVT LTD"
"Apr 17, 2024 3:02 PM","308690220934","WALLET_TOPUP","Credit Line","Topup","","20000","","473882537766","450214.37","249785.63","Success","Bill Settle","20000","","1360635156","Paid using: Payphi; Payment Fee: 0.00; Merchant Txn Id: 2200167413949","","0","0","0","308690220934","","31061288","31061288","Apr 17, 2024 3:02 PM","","","ASPIRE TOURISM INDIA PVT LTD","ASPIRE TOURISM INDIA PVT LTD"
"Apr 17, 2024 4:43 PM","306390231549","WALLET_TOPUP","Credit Line","Topup","","100000","","473882537766","550214.37","149785.63","Success","Bill Settle","100000","","3264904172","Paid using: hdfc_ccavenue; Payment Fee: 15.00; Merchant Txn Id: 113254765323","","0","0","0","306390231549","","31061288","31061288","Apr 17, 2024 4:43 PM","","","ASPIRE TOURISM INDIA PVT LTD","ASPIRE TOURISM INDIA PVT LTD"
"Apr 17, 2024 4:45 PM","305790232026","WALLET_TOPUP","Netbanking","Topup","20260","","","","0","","Failure","","20245","","2123116646","Payment Failed. Paid using: hdfc_ccavenue; Payment Fee: 15.00; Failure reason: ","","15","0","0","305790232026","","31061288","31061288","","","","ASPIRE TOURISM INDIA PVT LTD","ASPIRE TOURISM INDIA PVT LTD"
"Apr 17, 2024 4:50 PM","304290232572","WALLET_TOPUP","Credit Line","Topup","","17644.63","","473882537766","567859","132141","Success","Bill Settle","20245","","1001687331","Paid using: hdfc_ccavenue; Payment Fee: 15.00; Merchant Txn Id: 113254776179","","0","0","0","304290232572","","31061288","31061288","Apr 17, 2024 4:50 PM","","","ASPIRE TOURISM INDIA PVT LTD","ASPIRE TOURISM INDIA PVT LTD"
"Apr 17, 2024 4:50 PM","304290232572","WALLET_TOPUP","Credit Line","Topup","","2600.37","","","570459.37","129540.63","Success","Utilisation Adjustment","20245","","5707603916","Paid using: hdfc_ccavenue; Payment Fee: 15.00; Merchant Txn Id: 113254776179","","0","0","0","304290232572","","31061288","31061288","Apr 17, 2024 4:50 PM","","","ASPIRE TOURISM INDIA PVT LTD","ASPIRE TOURISM INDIA PVT LTD"
"Apr 19, 2024 5:52 PM","TJ107690429043","AIR","Credit Line","Paid For Order","7714","","","","562745.37","137254.63","Success","","7714","","7489719242","","","0","2000","0","TJ107690429043","","31061288","31061288","Apr 19, 2024 5:52 PM","","","ASPIRE TOURISM INDIA PVT LTD","ASPIRE TOURISM INDIA PVT LTD"
"Apr 19, 2024 5:52 PM","TJ107690429043","AIR","Credit Line","Commission","","57.1","60.1","","562802.47","137197.53","Success","Utilisation Adjustment","​-","","2996626182","","","0","0","3","TJ107690429043","","31061288","31061288","Apr 19, 2024 5:52 PM","","","ASPIRE TOURISM INDIA PVT LTD","ASPIRE TOURISM INDIA PVT LTD"
"Apr 22, 2024 12:54 PM","TJ100490645816","AIR","Credit Line","Paid For Order","6924","","","","555878.47","144121.53","Success","","6924","","9097419496","","","0","0","0","TJ100490645816","","31061288","31061288","Apr 22, 2024 12:54 PM","","","ASPIRE TOURISM INDIA PVT LTD","ASPIRE TOURISM INDIA PVT LTD"
"Apr 22, 2024 12:54 PM","TJ100490645816","AIR","Credit Line","Commission","","80.2","84.42","","555958.67","144041.33","Success","Utilisation Adjustment","​-","","5567830818","","","0","0","4.22","TJ100490645816","","31061288","31061288","Apr 22, 2024 12:54 PM","","","ASPIRE TOURISM INDIA PVT LTD","ASPIRE TOURISM INDIA PVT LTD"
"Apr 24, 2024 12:07 PM","002232500832","NA","Credit Line","Temporary Limit Change","100000","","","","455958.67","144041.33","Success","","​-","","4504711673","","","0","0","0","002232500832","","","31061288","Apr 24, 2024 12:07 PM","","","","ASPIRE TOURISM INDIA PVT LTD"
"Apr 26, 2024 12:02 PM","307291012042","WALLET_TOPUP","Credit Line","Topup","","70000","","201597987572","525958.67","74041.33","Success","Bill Settle","70000","","9460175360","Paid using: Payphi; Payment Fee: 0.00; Merchant Txn Id: 4400169520010","","0","0","0","307291012042","","31061288","31061288","Apr 26, 2024 12:02 PM","","","ASPIRE TOURISM INDIA PVT LTD","ASPIRE TOURISM INDIA PVT LTD"
"Apr 26, 2024 12:12 PM","304591013099","WALLET_TOPUP","Credit Line","Topup","","27000","","201597987572","552958.67","47041.33","Success","Bill Settle","27000","","8065944431","Paid using: Payphi; Payment Fee: 0.00; Merchant Txn Id: 4400169524257","","0","0","0","304591013099","","31061288","31061288","Apr 26, 2024 12:12 PM","","","ASPIRE TOURISM INDIA PVT LTD","ASPIRE TOURISM INDIA PVT LTD"
"Apr 26, 2024 12:15 PM","300191013500","WALLET_TOPUP","Credit Line","Topup","","40197.53","","201597987572","593156.2","6843.8","Success","Bill Settle","40198","","8999954560","Paid using: Payphi; Payment Fee: 0.00; Merchant Txn Id: 2200169525367","","0","0","0","300191013500","","31061288","31061288","Apr 26, 2024 12:15 PM","","","ASPIRE TOURISM INDIA PVT LTD","ASPIRE TOURISM INDIA PVT LTD"
"Apr 26, 2024 12:15 PM","300191013500","WALLET_TOPUP","Credit Line","Topup","","0.47","","","593156.67","6843.33","Success","Utilisation Adjustment","40198","","8282389849","Paid using: Payphi; Payment Fee: 0.00; Merchant Txn Id: 2200169525367","","0","0","0","300191013500","","31061288","31061288","Apr 26, 2024 12:15 PM","","","ASPIRE TOURISM INDIA PVT LTD","ASPIRE TOURISM INDIA PVT LTD"
"Apr 26, 2024 1:05 PM","TJ101191018602","AIR","Credit Line","Paid For Order","112146","","","","481010.67","118989.33","Success","","112146","","1286898209","","","0","0","0","TJ101191018602","","31061288","31061288","Apr 26, 2024 1:05 PM","","","ASPIRE TOURISM INDIA PVT LTD","ASPIRE TOURISM INDIA PVT LTD"
"Apr 26, 2024 1:05 PM","TJ101191018602","AIR","Credit Line","Commission","","1160.16","1221.24","","482170.83","117829.17","Success","Utilisation Adjustment","​-","","6334481691","","","0","0","61.08","TJ101191018602","","31061288","31061288","Apr 26, 2024 1:05 PM","","","ASPIRE TOURISM INDIA PVT LTD","ASPIRE TOURISM INDIA PVT LTD"
"Apr 29, 2024 1:09 PM","TJ106391251616","AIR","Credit Line","Paid For Order","18556","","","","463614.83","136385.17","Success","","18556","","1955095556","","","0","0","0","TJ106391251616","","31061288","31061288","Apr 29, 2024 1:09 PM","","","ASPIRE TOURISM INDIA PVT LTD","ASPIRE TOURISM INDIA PVT LTD"
"Apr 29, 2024 1:09 PM","TJ106391251616","AIR","Credit Line","Commission","","102.8","108.2","","463717.63","136282.37","Success","Utilisation Adjustment","​-","","0933797224","","","0","0","5.4","TJ106391251616","","31061288","31061288","Apr 29, 2024 1:09 PM","","","ASPIRE TOURISM INDIA PVT LTD","ASPIRE TOURISM INDIA PVT LTD"
"Apr 29, 2024 4:00 PM","TJ111391272227","AIR","Credit Line","Paid For Order","6953","","","","456764.63","143235.37","Success","","6953","","1935611127","","","0","0","0","TJ111391272227","TJA9991265609","371457","31061288","Apr 29, 2024 4:00 PM","","","Yusuf Fahim Khan","ASPIRE TOURISM INDIA PVT LTD"
"Apr 29, 2024 4:02 PM","TJ100891271598","AIR","Credit Line","Paid For Order","17424","","","","439340.63","160659.37","Success","","17424","","2291516923","","","0","800","0","TJ100891271598","","31061288","31061288","Apr 29, 2024 4:02 PM","","","ASPIRE TOURISM INDIA PVT LTD","ASPIRE TOURISM INDIA PVT LTD"
"Apr 29, 2024 4:02 PM","TJ100891271598","AIR","Credit Line","Commission","","94.6","99.55999999999999","","439435.23","160564.77","Success","Utilisation Adjustment","​-","","3418568584","","","0","0","4.96","TJ100891271598","","31061288","31061288","Apr 29, 2024 4:02 PM","","","ASPIRE TOURISM INDIA PVT LTD","ASPIRE TOURISM INDIA PVT LTD"
"Apr 29, 2024 5:16 PM","TJ110691280527","AIR","Credit Line","Paid For Order","100","","","","439335.23","160664.77","Success","","100","","9958942182","","","0","0","0","TJ110691280527","TJA4191279298","41109244","31061288","Apr 29, 2024 5:16 PM","","","Khan Noor Afsha Anwarul Bag","ASPIRE TOURISM INDIA PVT LTD"
"Apr 30, 2024 10:05 AM","TJ100991320703","AIR","Credit Line","Paid For Order","3824","","","","435511.23","164488.77","Success","","3824","","1331961216","","","0","200","0","TJ100991320703","","31061288","31061288","Apr 30, 2024 10:05 AM","","","ASPIRE TOURISM INDIA PVT LTD","ASPIRE TOURISM INDIA PVT LTD"
"Apr 30, 2024 10:05 AM","TJ100991320703","AIR","Credit Line","Commission","","23.42","24.650000000000002","","435534.65","164465.35","Success","Utilisation Adjustment","​-","","0121286338","","","0","0","1.23","TJ100991320703","","31061288","31061288","Apr 30, 2024 10:05 AM","","","ASPIRE TOURISM INDIA PVT LTD","ASPIRE TOURISM INDIA PVT LTD"
"May 2, 2024 9:59 AM","TJ101891504676","AIR","Credit Line","Paid For Order","4087","","","","0","","Failure","","4087","","9340519198","CreditLine used is locked!. ","","0","200","0","TJ101891504676","","31061288","31061288","","","","ASPIRE TOURISM INDIA PVT LTD","ASPIRE TOURISM INDIA PVT LTD"
"May 2, 2024 9:59 AM","TJ101891504676","AIR","Credit Line","Commission","25.03","","-23.71","","0","","Failure","Utilisation Adjustment","​-","","9123915391","CreditLine used is locked!. ","","0","0","1.32","TJ101891504676","","31061288","31061288","","","","ASPIRE TOURISM INDIA PVT LTD","ASPIRE TOURISM INDIA PVT LTD"
"May 3, 2024 4:45 PM","306691641468","WALLET_TOPUP","Credit Line","Topup","","50000","","665454671413","485534.65","114465.35","Success","Bill Settle","50000","","3704405718","Paid using: Payphi; Payment Fee: 0.00; Merchant Txn Id: 3300171441791","","0","0","0","306691641468","","31061288","31061288","May 3, 2024 4:45 PM","","","ASPIRE TOURISM INDIA PVT LTD","ASPIRE TOURISM INDIA PVT LTD"
"May 6, 2024 10:58 AM","306591850290","WALLET_TOPUP","Credit Line","Topup","","30000","","665454671413","515534.65","84465.35","Success","Bill Settle","30000","","0545221506","Paid using: Payphi; Payment Fee: 0.00; Merchant Txn Id: 2200172109553","","0","0","0","306591850290","","31061288","31061288","May 6, 2024 10:58 AM","","","ASPIRE TOURISM INDIA PVT LTD","ASPIRE TOURISM INDIA PVT LTD"
"May 6, 2024 6:08 PM","301991899151","WALLET_TOPUP","Credit Line","Topup","","24200","","665454671413","539734.65","60265.35","Success","Bill Settle","24200","","6700074790","Paid using: hdfc_ccavenue; Payment Fee: 15.00; Merchant Txn Id: 113278043856","","0","0","0","301991899151","","31061288","31061288","May 6, 2024 6:08 PM","","","ASPIRE TOURISM INDIA PVT LTD","ASPIRE TOURISM INDIA PVT LTD"
"May 7, 2024 11:25 AM","308991949282","WALLET_TOPUP","Credit Line","Topup","","13629.17","","665454671413","553363.82","46636.18","Success","Bill Settle","25000","","4608198155","Paid using: Payphi; Payment Fee: 0.00; Merchant Txn Id: 2200172408992","","0","0","0","308991949282","","31061288","31061288","May 7, 2024 11:25 AM","","","ASPIRE TOURISM INDIA PVT LTD","ASPIRE TOURISM INDIA PVT LTD"
"May 7, 2024 11:25 AM","308991949282","WALLET_TOPUP","Credit Line","Topup","","11370.83","","101813440796","564734.65","35265.35","Success","Bill Settle","25000","","8553937447","Paid using: Payphi; Payment Fee: 0.00; Merchant Txn Id: 2200172408992","","0","0","0","308991949282","","31061288","31061288","May 7, 2024 11:25 AM","","","ASPIRE TOURISM INDIA PVT LTD","ASPIRE TOURISM INDIA PVT LTD"
"May 7, 2024 4:55 PM","309691987223","WALLET_TOPUP","Credit Line","Topup","","35265.35","","101813440796","600000","0","Success","Bill Settle","35265.35","","1715432091","Paid using: Payphi; Payment Fee: 0.00; Merchant Txn Id: 2200172541490","","0","0","0","309691987223","","31061288","31061288","May 7, 2024 4:55 PM","","","ASPIRE TOURISM INDIA PVT LTD","ASPIRE TOURISM INDIA PVT LTD"
"May 7, 2024 6:51 PM","TJ118691999396","AIR","Credit Line","Paid For Order","31513","","","","568487","31513","Success","","31513","","1710926578","","","0","5000","0","TJ118691999396","","31061288","31061288","May 7, 2024 6:51 PM","","","ASPIRE TOURISM INDIA PVT LTD","ASPIRE TOURISM INDIA PVT LTD"
"May 7, 2024 6:51 PM","TJ118691999396","AIR","Credit Line","Commission","","342","360","","568829","31171","Success","Utilisation Adjustment","​-","","6514678176","","","0","0","18","TJ118691999396","","31061288","31061288","May 7, 2024 6:51 PM","","","ASPIRE TOURISM INDIA PVT LTD","ASPIRE TOURISM INDIA PVT LTD"
"May 9, 2024 6:34 PM","TJ113292177794","AIR","Credit Line","Paid For Order","24098","","","","544731","55269","Success","","24098","","0318696480","","","0","600","0","TJ113292177794","","31061288","31061288","May 9, 2024 6:34 PM","","","ASPIRE TOURISM INDIA PVT LTD","ASPIRE TOURISM INDIA PVT LTD"
"May 9, 2024 6:51 PM","TJ113092179130","AIR","Credit Line","Paid For Order","77645","","","","467086","132914","Success","","77645","","9072834827","","","0","1500","0","TJ113092179130","","31061288","31061288","May 9, 2024 6:51 PM","","","ASPIRE TOURISM INDIA PVT LTD","ASPIRE TOURISM INDIA PVT LTD"
"May 9, 2024 7:06 PM","TJ113292177794","AIR","Credit Line","Reverse","","24098","","","491184","108816","Success","Utilisation Adjustment","24098","","9354585256","","","0","0","0","TJ113292177794","","41110364","31061288","May 9, 2024 7:06 PM","","","Rizwan Arzbegi","ASPIRE TOURISM INDIA PVT LTD"
"May 9, 2024 7:10 PM","TJ116292181488","AIR","Credit Line","Paid For Order","24098","","","","467086","132914","Success","","24098","","1135403090","","","0","2600","0","TJ116292181488","","31061288","31061288","May 9, 2024 7:10 PM","","","ASPIRE TOURISM INDIA PVT LTD","ASPIRE TOURISM INDIA PVT LTD"
"May 9, 2024 7:45 PM","TJ114192183859","AIR","Credit Line","Paid For Order","193960","","","","273126","326874","Success","","193960","","8726471435","","","0","0","0","TJ114192183859","","31061288","31061288","May 9, 2024 7:45 PM","","","ASPIRE TOURISM INDIA PVT LTD","ASPIRE TOURISM INDIA PVT LTD"
"May 9, 2024 8:07 PM","TJ113092179130","AIR","Credit Line","Reverse","","77645","","","350771","249229","Success","Utilisation Adjustment","77645","","5924200658","","","0","0","0","TJ113092179130","","51058286","31061288","May 9, 2024 8:07 PM","","","Yesanna Bhandari","ASPIRE TOURISM INDIA PVT LTD"
"May 9, 2024 8:29 PM","TJ115192187301","AIR","Credit Line","Paid For Order","77645","","","","273126","326874","Success","","77645","","0565163817","","","0","0","0","TJ115192187301","","31061288","31061288","May 9, 2024 8:29 PM","","","ASPIRE TOURISM INDIA PVT LTD","ASPIRE TOURISM INDIA PVT LTD"
"May 10, 2024 10:51 AM","TJ111092216552","AIR","Credit Line","Paid For Order","158325","","","","114801","485199","Success","","158325","","8212275402","","","0","5000","0","TJ111092216552","","31061288","31061288","May 10, 2024 10:51 AM","","","ASPIRE TOURISM INDIA PVT LTD","ASPIRE TOURISM INDIA PVT LTD"
"May 10, 2024 10:51 AM","TJ111092216552","AIR","Credit Line","Commission","","760","800","","115561","484439","Success","Utilisation Adjustment","​-","","5602279207","","","0","0","40","TJ111092216552","","31061288","31061288","May 10, 2024 10:51 AM","","","ASPIRE TOURISM INDIA PVT LTD","ASPIRE TOURISM INDIA PVT LTD"
"May 10, 2024 10:56 AM","TJ110992216996","AIR","Credit Line","Paid For Order","84260","","","","31301","568699","Success","","84260","","1594785383","","","0","8000","0","TJ110992216996","","31061288","31061288","May 10, 2024 10:56 AM","","","ASPIRE TOURISM INDIA PVT LTD","ASPIRE TOURISM INDIA PVT LTD"
"May 10, 2024 10:56 AM","TJ110992216996","AIR","Credit Line","Commission","","608","640","","31909","568091","Success","Utilisation Adjustment","​-","","1003250922","","","0","0","32","TJ110992216996","","31061288","31061288","May 10, 2024 10:56 AM","","","ASPIRE TOURISM INDIA PVT LTD","ASPIRE TOURISM INDIA PVT LTD"
"May 13, 2024 10:58 AM","304292441443","WALLET_TOPUP","Credit Line","Topup","","468091","","087822718713","500000","100000","Success","Bill Settle","468091","","7044734551","Paid using: hdfc_ccavenue; Payment Fee: 15.00; Merchant Txn Id: 113285520663","","0","0","0","304292441443","","31061288","31061288","May 13, 2024 10:58 AM","","","ASPIRE TOURISM INDIA PVT LTD","ASPIRE TOURISM INDIA PVT LTD"
"May 13, 2024 1:19 PM","TJ117692457134","AIR","Credit Line","Paid For Order","17011","","","","482989","117011","Success","","17011","","8970715947","","","0","1000","0","TJ117692457134","","31061288","31061288","May 13, 2024 1:19 PM","","","ASPIRE TOURISM INDIA PVT LTD","ASPIRE TOURISM INDIA PVT LTD"
"May 13, 2024 1:19 PM","TJ117692457134","AIR","Credit Line","Commission","","190","200","","483179","116821","Success","Utilisation Adjustment","​-","","3002725053","","","0","0","10","TJ117692457134","","31061288","31061288","May 13, 2024 1:19 PM","","","ASPIRE TOURISM INDIA PVT LTD","ASPIRE TOURISM INDIA PVT LTD"
"May 13, 2024 1:24 PM","TJ110492457628","AIR","Credit Line","Paid For Order","21075","","","","462104","137896","Success","","21075","","0509328693","","","0","2000","0","TJ110492457628","","31061288","31061288","May 13, 2024 1:24 PM","","","ASPIRE TOURISM INDIA PVT LTD","ASPIRE TOURISM INDIA PVT LTD"
"May 13, 2024 1:24 PM","TJ110492457628","AIR","Credit Line","Commission","","152","160","","462256","137744","Success","Utilisation Adjustment","​-","","5252181403","","","0","0","8","TJ110492457628","","31061288","31061288","May 13, 2024 1:24 PM","","","ASPIRE TOURISM INDIA PVT LTD","ASPIRE TOURISM INDIA PVT LTD"
"May 16, 2024 12:22 PM","303592726571","WALLET_TOPUP","Credit Line","Topup","","100000","","087822718713","562256","37744","Success","Bill Settle","100458","","0680922802","Paid using: hdfc_ccavenue; Payment Fee: 15.00; Merchant Txn Id: 113289570374","","0","0","0","303592726571","","31061288","31061288","May 16, 2024 12:22 PM","","","ASPIRE TOURISM INDIA PVT LTD","ASPIRE TOURISM INDIA PVT LTD"
"May 16, 2024 12:22 PM","303592726571","WALLET_TOPUP","Credit Line","Topup","","458","","","562714","37286","Success","Utilisation Adjustment","100458","","4546279770","Paid using: hdfc_ccavenue; Payment Fee: 15.00; Merchant Txn Id: 113289570374","","0","0","0","303592726571","","31061288","31061288","May 16, 2024 12:22 PM","","","ASPIRE TOURISM INDIA PVT LTD","ASPIRE TOURISM INDIA PVT LTD"
"May 19, 2024 5:01 PM","TJ101992990793","AIR","Credit Line","Paid For Order","107443","","","","455271","144729","Success","","107443","","9722588523","","","0","4200","0","TJ101992990793","","31061288","31061288","May 19, 2024 5:01 PM","","","ASPIRE TOURISM INDIA PVT LTD","ASPIRE TOURISM INDIA PVT LTD"
"May 20, 2024 1:37 PM","TJ207493046353","HOTEL","Credit Line","Paid For Order","4687.76","","","","450583.24","149416.76","Success","","4687.76","","7163368591","","","0","1003","0","TJ207493046353","","31061288","31061288","May 20, 2024 1:37 PM","","","ASPIRE TOURISM INDIA PVT LTD","ASPIRE TOURISM INDIA PVT LTD"
"May 20, 2024 1:53 PM","TJ208393048535","HOTEL","Credit Line","Paid For Order","21648.79","","","","428934.45","171065.55","Success","","21648.78","","6648519448","","","0","2355.99","0","TJ208393048535","","31061288","31061288","May 20, 2024 1:53 PM","","","ASPIRE TOURISM INDIA PVT LTD","ASPIRE TOURISM INDIA PVT LTD"
"May 20, 2024 3:19 PM","TJ208393048535","HOTEL","Credit Line","Reverse","","21648.79","","","450583.24","149416.76","Success","Utilisation Adjustment","21648.79","","4949219449","","","0","0","0","TJ208393048535","","633695","31061288","May 20, 2024 3:19 PM","","","Ravi Yadav","ASPIRE TOURISM INDIA PVT LTD"
"May 20, 2024 3:23 PM","TJ205893057431","HOTEL","Credit Line","Paid For Order","22647.17","","","","427936.07","172063.93","Success","","22647.18","","0724746509","","","0","2000.01","0","TJ205893057431","","31061288","31061288","May 20, 2024 3:23 PM","","","ASPIRE TOURISM INDIA PVT LTD","ASPIRE TOURISM INDIA PVT LTD"
"May 23, 2024 10:22 AM","308093292835","WALLET_TOPUP","Netbanking","Topup","148347.23","","","","0","","Failure","","144729","","1871266360","Payment Failed. Paid using: Payphi; Payment Fee: 3618.23; Failure reason: Request processed successfully","","3618.23","0","0","308093292835","","31061288","31061288","","","","ASPIRE TOURISM INDIA PVT LTD","ASPIRE TOURISM INDIA PVT LTD"
"May 23, 2024 10:27 AM","301993293227","WALLET_TOPUP","Credit Line","Topup","","97000","","102562962871","524936.07","75063.93","Success","Bill Settle","97000","","1225720200","Paid using: Payphi; Payment Fee: 2425.00; Merchant Txn Id: 2200176894761","","0","0","0","301993293227","","31061288","31061288","May 23, 2024 10:27 AM","","","ASPIRE TOURISM INDIA PVT LTD","ASPIRE TOURISM INDIA PVT LTD"
"May 23, 2024 10:29 AM","308493293433","WALLET_TOPUP","Credit Line","Topup","","47729","","102562962871","572665.07","27334.93","Success","Bill Settle","47729","","4266073325","Paid using: Payphi; Payment Fee: 1193.23; Merchant Txn Id: 2200176895953","","0","0","0","308493293433","","31061288","31061288","May 23, 2024 10:29 AM","","","ASPIRE TOURISM INDIA PVT LTD","ASPIRE TOURISM INDIA PVT LTD"
"May 23, 2024 10:33 AM","TJ116093293665","AIR","Credit Line","Paid For Order","41870","","","","530795.07","69204.93","Success","","41870","","5164766513","","","0","500","0","TJ116093293665","","31061288","31061288","May 23, 2024 10:33 AM","","","ASPIRE TOURISM INDIA PVT LTD","ASPIRE TOURISM INDIA PVT LTD"
"May 23, 2024 10:38 AM","TJ114193294209","AIR","Credit Line","Paid For Order","85530","","","","445265.07","154734.93","Success","","85530","","7525368930","","","0","1000","0","TJ114193294209","","31061288","31061288","May 23, 2024 10:38 AM","","","ASPIRE TOURISM INDIA PVT LTD","ASPIRE TOURISM INDIA PVT LTD"
"May 23, 2024 10:38 AM","TJ114193294209","AIR","Credit Line","Commission","","646","680","","445911.07","154088.93","Success","Utilisation Adjustment","​-","","5230414432","","","0","0","34","TJ114193294209","","31061288","31061288","May 23, 2024 10:38 AM","","","ASPIRE TOURISM INDIA PVT LTD","ASPIRE TOURISM INDIA PVT LTD"
"May 26, 2024 10:41 AM","TJ113193538199","AIR","Credit Line","Paid For Order","34133","","","","411778.07","188221.93","Success","","34133","","5234684761","","","0","0","0","TJ113193538199","","31061288","31061288","May 26, 2024 10:41 AM","","","ASPIRE TOURISM INDIA PVT LTD","ASPIRE TOURISM INDIA PVT LTD"
"May 26, 2024 10:41 AM","TJ113193538199","AIR","Credit Line","Commission","","342","360","","412120.07","187879.93","Success","Utilisation Adjustment","​-","","7102869118","","","0","0","18","TJ113193538199","","31061288","31061288","May 26, 2024 10:41 AM","","","ASPIRE TOURISM INDIA PVT LTD","ASPIRE TOURISM INDIA PVT LTD"
"May 27, 2024 8:45 PM","TJ116493652781","AIR","Credit Line","Paid For Order","31347","","","","380773.07","219226.93","Success","","31347","","0591182854","","","0","4000","0","TJ116493652781","","31061288","31061288","May 27, 2024 8:45 PM","","","ASPIRE TOURISM INDIA PVT LTD","ASPIRE TOURISM INDIA PVT LTD"
"May 29, 2024 3:26 PM","309193793378","WALLET_TOPUP","Credit Line","Topup","","164191","","937435758172","544964.07","55035.93","Success","Bill Settle","164191","","4652555107","Paid using: hdfc_ccavenue; Payment Fee: 15.00; Merchant Txn Id: 113306626430","","0","0","0","309193793378","","31061288","31061288","May 29, 2024 3:26 PM","","","ASPIRE TOURISM INDIA PVT LTD","ASPIRE TOURISM INDIA PVT LTD"
"May 30, 2024 7:31 PM","302093900340","WALLET_TOPUP","Credit Line","Topup","","23688.93","","937435758172","568653","31347","Success","Bill Settle","31883","","2426336305","Paid using: hdfc_ccavenue; Payment Fee: 15.00; Merchant Txn Id: 113308570211","","0","0","0","302093900340","","31061288","31061288","May 30, 2024 7:31 PM","","","ASPIRE TOURISM INDIA PVT LTD","ASPIRE TOURISM INDIA PVT LTD"
"May 30, 2024 7:31 PM","302093900340","WALLET_TOPUP","Credit Line","Topup","","8194.07","","","576847.07","23152.93","Success","Utilisation Adjustment","31883","","0343347615","Paid using: hdfc_ccavenue; Payment Fee: 15.00; Merchant Txn Id: 113308570211","","0","0","0","302093900340","","31061288","31061288","May 30, 2024 7:31 PM","","","ASPIRE TOURISM INDIA PVT LTD","ASPIRE TOURISM INDIA PVT LTD"
"May 31, 2024 3:03 PM","TJ103693955826","AIR","Credit Line","Paid For Order","36572","","","","540275.07","59724.93","Success","","36572","","7811924395","","","0","2000","0","TJ103693955826","","31061288","31061288","May 31, 2024 3:03 PM","","","ASPIRE TOURISM INDIA PVT LTD","ASPIRE TOURISM INDIA PVT LTD"
"May 31, 2024 3:03 PM","TJ103693955826","AIR","Credit Line","Commission","","261.3","275.06","","540536.37","59463.63","Success","Utilisation Adjustment","​-","","7040025783","","","0","0","13.76","TJ103693955826","","31061288","31061288","May 31, 2024 3:03 PM","","","ASPIRE TOURISM INDIA PVT LTD","ASPIRE TOURISM INDIA PVT LTD"
"Jun 1, 2024 6:21 PM","TJ111694055548","AIR","Credit Line","Paid For Order","34555","","","","505981.37","94018.63","Success","","34555","","1421835972","","","0","3000","0","TJ111694055548","","31061288","31061288","Jun 1, 2024 6:21 PM","","","ASPIRE TOURISM INDIA PVT LTD","ASPIRE TOURISM INDIA PVT LTD"
"Jun 1, 2024 6:21 PM","TJ111694055548","AIR","Credit Line","Commission","","374.3","394","","506355.67","93644.33","Success","Utilisation Adjustment","​-","","1545528404","","","0","0","19.7","TJ111694055548","","31061288","31061288","Jun 1, 2024 6:21 PM","","","ASPIRE TOURISM INDIA PVT LTD","ASPIRE TOURISM INDIA PVT LTD"
"Jun 1, 2024 7:21 PM","TJ204894058749","HOTEL","Credit Line","Paid For Order","17467.04","","","","488888.63","111111.37","Success","","17467.02","","4789262052","","","0","3000","0","TJ204894058749","","31061288","31061288","Jun 1, 2024 7:21 PM","","","ASPIRE TOURISM INDIA PVT LTD","ASPIRE TOURISM INDIA PVT LTD"
"Jun 2, 2024 12:24 PM","309594093324","WALLET_TOPUP","Credit Line","Topup","","8000","","","496888.63","103111.37","Success","Utilisation Adjustment","8000","","4477409445","Paid using: Payphi; Payment Fee: 0.00; Merchant Txn Id: 2200179854286","","0","0","0","309594093324","","31061288","31061288","Jun 2, 2024 12:24 PM","","","ASPIRE TOURISM INDIA PVT LTD","ASPIRE TOURISM INDIA PVT LTD"
"Jun 4, 2024 7:38 PM","302594291038","WALLET_TOPUP","Credit Line","Topup","","60112","","640258852051","557000.63","42999.37","Success","Bill Settle","60112","","0137118800","Paid using: hdfc_ccavenue; Payment Fee: 15.00; Merchant Txn Id: 113315689677","","0","0","0","302594291038","","31061288","31061288","Jun 4, 2024 7:38 PM","","","ASPIRE TOURISM INDIA PVT LTD","ASPIRE TOURISM INDIA PVT LTD"
"Jun 5, 2024 10:05 AM","302694317045","WALLET_TOPUP","Credit Line","Topup","","3900","","640258852051","560900.63","39099.37","Success","Bill Settle","3900","","2623357845","Paid using: Payphi; Payment Fee: 0.00; Merchant Txn Id: 4400180672540","","0","0","0","302694317045","","31061288","31061288","Jun 5, 2024 10:05 AM","","","ASPIRE TOURISM INDIA PVT LTD","ASPIRE TOURISM INDIA PVT LTD"
"Jun 6, 2024 7:20 PM","304794455447","WALLET_TOPUP","Credit Line","Topup","","35800","","640258852051","596700.63","3299.37","Success","Bill Settle","35800","","5303883253","Paid using: Payphi; Payment Fee: 895.00; Merchant Txn Id: 4400181229385","","0","0","0","304794455447","","31061288","31061288","Jun 6, 2024 7:20 PM","","","ASPIRE TOURISM INDIA PVT LTD","ASPIRE TOURISM INDIA PVT LTD"
"Jun 6, 2024 7:23 PM","302094455859","WALLET_TOPUP","Credit Line","Topup","","3299.37","","640258852051","600000","0","Success","Bill Settle","4200","","3461380371","Paid using: Payphi; Payment Fee: 0.00; Merchant Txn Id: 4400181230264","","0","0","0","302094455859","","31061288","31061288","Jun 6, 2024 7:23 PM","","","ASPIRE TOURISM INDIA PVT LTD","ASPIRE TOURISM INDIA PVT LTD"
"Jun 6, 2024 7:23 PM","302094455859","WALLET_TOPUP","Deposit","Topup","","900.63","","","900.63","","Success","","4200","","7369165529","Paid using: Payphi; Payment Fee: 0.00; Merchant Txn Id: 4400181230264","","0","0","0","302094455859","","31061288","31061288","","","","ASPIRE TOURISM INDIA PVT LTD","ASPIRE TOURISM INDIA PVT LTD"
"Jun 6, 2024 7:33 PM","TJ119894456292","AIR","Credit Line","Paid For Order","35140.25","","","","564859.75","35140.25","Success","","36040.88","","8843144953","","","0","2000","0","TJ119894456292","","31061288","31061288","Jun 6, 2024 7:33 PM","","","ASPIRE TOURISM INDIA PVT LTD","ASPIRE TOURISM INDIA PVT LTD"
"Jun 6, 2024 7:33 PM","TJ119894456292","AIR","Deposit","Paid For Order","900.63","","","","0","","Success","","36040.88","","4345578610","","","0","0","0","TJ119894456292","","31061288","31061288","","","","ASPIRE TOURISM INDIA PVT LTD","ASPIRE TOURISM INDIA PVT LTD"
"Jun 6, 2024 7:44 PM","TJ117394457346","AIR","Credit Line","Paid For Order","18410.26","","","","546449.49","53550.51","Success","","18410.26","","5808879728","","","0","2000","0","TJ117394457346","","31061288","31061288","Jun 6, 2024 7:44 PM","","","ASPIRE TOURISM INDIA PVT LTD","ASPIRE TOURISM INDIA PVT LTD"
"Jun 6, 2024 7:55 PM","TJ111994458282","AIR","Credit Line","Paid For Order","38589.8","","","","507859.69","92140.31","Success","","38589.8","","5353782686","","","0","2000","0","TJ111994458282","","31061288","31061288","Jun 6, 2024 7:55 PM","","","ASPIRE TOURISM INDIA PVT LTD","ASPIRE TOURISM INDIA PVT LTD"
"Jun 15, 2024 10:22 AM","306495193865","WALLET_TOPUP","Credit Line","Topup","","35576","","695742217228","543435.69","56564.31","Success","Bill Settle","35576","","8537794185","Paid using: hdfc_ccavenue; Payment Fee: 604.79; Merchant Txn Id: 113331151212","","0","0","0","306495193865","","31061288","31061288","Jun 15, 2024 10:22 AM","","","ASPIRE TOURISM INDIA PVT LTD","ASPIRE TOURISM INDIA PVT LTD"
"Jun 15, 2024 12:52 PM","308095209497","WALLET_TOPUP","Credit Line","Topup","","56564","","695742217228","599999.69","0.31","Success","Bill Settle","56564","","9627160066","Paid using: hdfc_ccavenue; Payment Fee: 15.00; Merchant Txn Id: 113331420233","","0","0","0","308095209497","","31061288","31061288","Jun 15, 2024 12:52 PM","","","ASPIRE TOURISM INDIA PVT LTD","ASPIRE TOURISM INDIA PVT LTD"
"Jun 15, 2024 2:57 PM","304395222915","WALLET_TOPUP","Netbanking","Topup","1","","","","0","","Failure","","1","","5433766349","Payment Failed. Paid using: Payphi; Payment Fee: 0.00; Failure reason: Transaction Not available in system","","0","0","0","304395222915","","31061288","31061288","","","","ASPIRE TOURISM INDIA PVT LTD","ASPIRE TOURISM INDIA PVT LTD"
"Jun 15, 2024 2:58 PM","302695222954","WALLET_TOPUP","Credit Line","Topup","","0.31","","695742217228","600000","0","Success","Bill Settle","10","","1119871823","Paid using: Payphi; Payment Fee: 0.00; Merchant Txn Id: 2200184117636","","0","0","0","302695222954","","31061288","31061288","Jun 15, 2024 2:58 PM","","","ASPIRE TOURISM INDIA PVT LTD","ASPIRE TOURISM INDIA PVT LTD"
"Jun 15, 2024 2:58 PM","302695222954","WALLET_TOPUP","Deposit","Topup","","9.69","","","9.69","","Success","","10","","2821984868","Paid using: Payphi; Payment Fee: 0.00; Merchant Txn Id: 2200184117636","","0","0","0","302695222954","","31061288","31061288","","","","ASPIRE TOURISM INDIA PVT LTD","ASPIRE TOURISM INDIA PVT LTD"
"Jun 15, 2024 7:10 PM","TJ114195246258","AIR","Deposit","Paid For Order","9.69","","","","0","","Success","","12809","","6817230674","","","0","0","0","TJ114195246258","TJA9595240505","81052490","31061288","","","","Kiran Dhanawade","ASPIRE TOURISM INDIA PVT LTD"
"Jun 15, 2024 7:10 PM","TJ114195246258","AIR","Credit Line","Paid For Order","12799.31","","","","587200.69","12799.31","Success","","12809","","6517529334","","","0","0","0","TJ114195246258","TJA9595240505","81052490","31061288","Jun 15, 2024 7:10 PM","","","Kiran Dhanawade","ASPIRE TOURISM INDIA PVT LTD"
"Jun 19, 2024 12:50 PM","307695511304","WALLET_TOPUP","Credit Line","Topup","","12799.31","","676345743474","600000","0","Success","Bill Settle","12799.31","","2605688930","Paid using: hdfc_ccavenue; Payment Fee: 15.00; Merchant Txn Id: 113337051360","","0","0","0","307695511304","","31061288","31061288","Jun 19, 2024 12:50 PM","","","ASPIRE TOURISM INDIA PVT LTD","ASPIRE TOURISM INDIA PVT LTD"
"Jun 21, 2024 3:08 PM","TJ116595698767","AIR","Credit Line","Paid For Order","28676","","","","571324","28676","Success","","28676","","5857395451","","","0","2000","0","TJ116595698767","","31061288","31061288","Jun 21, 2024 3:08 PM","","","ASPIRE TOURISM INDIA PVT LTD","ASPIRE TOURISM INDIA PVT LTD"
"Jun 21, 2024 3:08 PM","TJ116595698767","AIR","Credit Line","Commission","","423.44","445.72","","571747.44","28252.56","Success","Utilisation Adjustment","​-","","3244603189","","","0","0","22.28","TJ116595698767","","31061288","31061288","Jun 21, 2024 3:08 PM","","","ASPIRE TOURISM INDIA PVT LTD","ASPIRE TOURISM INDIA PVT LTD"
"Jun 21, 2024 3:29 PM","TJ113095701568","AIR","Credit Line","Paid For Order","65914","","","","505833.44","94166.56","Success","","65914","","8548496661","","","0","2000","0","TJ113095701568","","31061288","31061288","Jun 21, 2024 3:29 PM","","","ASPIRE TOURISM INDIA PVT LTD","ASPIRE TOURISM INDIA PVT LTD"
"Jun 21, 2024 3:29 PM","TJ113095701568","AIR","Credit Line","Commission","","856.14","901.2","","506689.58","93310.42","Success","Utilisation Adjustment","​-","","8490581026","","","0","0","45.06","TJ113095701568","","31061288","31061288","Jun 21, 2024 3:29 PM","","","ASPIRE TOURISM INDIA PVT LTD","ASPIRE TOURISM INDIA PVT LTD"
"Jun 21, 2024 5:35 PM","TJ205995713164","HOTEL","Credit Line","Paid For Order","16807.18","","","","489882.4","110117.6","Success","","16807.2","","6310152035","","","0","2000","0","TJ205995713164","","31061288","31061288","Jun 21, 2024 5:35 PM","","","ASPIRE TOURISM INDIA PVT LTD","ASPIRE TOURISM INDIA PVT LTD"
"Jun 23, 2024 7:55 PM","TJ104895867461","AIR","Credit Line","Paid For Order","3510","","","","486372.4","113627.6","Success","","3510","","2079856787","","","0","0","0","TJ104895867461","","31061288","31061288","Jun 23, 2024 7:55 PM","","","ASPIRE TOURISM INDIA PVT LTD","ASPIRE TOURISM INDIA PVT LTD"
"Jun 23, 2024 7:55 PM","TJ104895867461","AIR","Credit Line","Commission","","32.5","34.21","","486404.9","113595.1","Success","Utilisation Adjustment","​-","","4173797770","","","0","0","1.71","TJ104895867461","","31061288","31061288","Jun 23, 2024 7:55 PM","","","ASPIRE TOURISM INDIA PVT LTD","ASPIRE TOURISM INDIA PVT LTD"
"Jun 24, 2024 8:48 PM","004490219285","NA","Credit Line","Credit Recalled","450000","","","","36404.9","113595.1","Success","","​-","","1530122425","","","0","0","0","004490219285","","703723","31061288","Jun 24, 2024 8:48 PM","","","Rekha Pillay","ASPIRE TOURISM INDIA PVT LTD"
"Jun 26, 2024 1:28 PM","306396081966","WALLET_TOPUP","Netbanking","Topup","102500","","","","0","","Failure","","100000","","5260517168","Payment Failed. Paid using: Payphi; Payment Fee: 2500.00; Failure reason: Request processed successfully","","2500","0","0","306396081966","","31061288","31061288","","","","ASPIRE TOURISM INDIA PVT LTD","ASPIRE TOURISM INDIA PVT LTD"
"Jun 26, 2024 1:30 PM","302896082252","WALLET_TOPUP","Credit Line","Topup","","100000","","759969289703","136404.9","13595.1","Success","Bill Settle","100000","","7207172390","Paid using: Payphi; Payment Fee: 2500.00; Merchant Txn Id: 4400187500671","","0","0","0","302896082252","","31061288","31061288","Jun 26, 2024 1:30 PM","","","ASPIRE TOURISM INDIA PVT LTD","ASPIRE TOURISM INDIA PVT LTD"
"Jun 27, 2024 11:58 AM","TJ118996157842","AIR","Credit Line","Paid For Order","31522","","","","0","","Failure","","31522","","3009622032","CreditLine used is locked!. ","","0","3800","0","TJ118996157842","","31061288","31061288","","","","ASPIRE TOURISM INDIA PVT LTD","ASPIRE TOURISM INDIA PVT LTD"
"Jun 27, 2024 11:58 AM","TJ118996157842","AIR","Credit Line","Commission","342","","-324","","0","","Failure","Utilisation Adjustment","​-","","1965801227","CreditLine used is locked!. ","","0","0","18","TJ118996157842","","31061288","31061288","","","","ASPIRE TOURISM INDIA PVT LTD","ASPIRE TOURISM INDIA PVT LTD"
"Jun 27, 2024 12:16 PM","306696160181","WALLET_TOPUP","Credit Line","Topup","","13595.1","","759969289703","150000","0","Success","Bill Settle","13595.1","","8074880416","Paid using: Payphi; Payment Fee: 0.00; Merchant Txn Id: 4400187758540","","0","0","0","306696160181","","31061288","31061288","Jun 27, 2024 12:16 PM","","","ASPIRE TOURISM INDIA PVT LTD","ASPIRE TOURISM INDIA PVT LTD"
"Jun 27, 2024 12:20 PM","TJ112896160574","AIR","Credit Line","Paid For Order","31522","","","","118478","31522","Success","","31522","","6126870052","","","0","3800","0","TJ112896160574","","31061288","31061288","Jun 27, 2024 12:20 PM","","","ASPIRE TOURISM INDIA PVT LTD","ASPIRE TOURISM INDIA PVT LTD"
"Jun 27, 2024 12:20 PM","TJ112896160574","AIR","Credit Line","Commission","","342","360","","118820","31180","Success","Utilisation Adjustment","​-","","3856070985","","","0","0","18","TJ112896160574","","31061288","31061288","Jun 27, 2024 12:20 PM","","","ASPIRE TOURISM INDIA PVT LTD","ASPIRE TOURISM INDIA PVT LTD"
"Jun 27, 2024 4:00 PM","TJ110796184934","AIR","Credit Line","Paid For Order","6190","","","","112630","37370","Success","","6190","","6910754391","","","0","0","0","TJ110796184934","TJA2896179677","51110366","31061288","Jun 27, 2024 4:00 PM","","","Shekhar Karande","ASPIRE TOURISM INDIA PVT LTD"
"Jun 27, 2024 5:39 PM","TJ116296195053","AIR","Credit Line","Paid For Order","46261","","","","66369","83631","Success","","46261","","6630186128","","","0","4800","0","TJ116296195053","","31061288","31061288","Jun 27, 2024 5:39 PM","","","ASPIRE TOURISM INDIA PVT LTD","ASPIRE TOURISM INDIA PVT LTD"
"Jun 27, 2024 5:39 PM","TJ116296195053","AIR","Credit Line","Commission","","342","360","","66711","83289","Success","Utilisation Adjustment","​-","","1174486370","","","0","0","18","TJ116296195053","","31061288","31061288","Jun 27, 2024 5:39 PM","","","ASPIRE TOURISM INDIA PVT LTD","ASPIRE TOURISM INDIA PVT LTD"
"Jun 27, 2024 5:44 PM","TJ104696195854","AIR","Credit Line","Paid For Order","6904","","","","59807","90193","Success","","6904","","8664448059","","","0","1800","0","TJ104696195854","","31061288","31061288","Jun 27, 2024 5:44 PM","","","ASPIRE TOURISM INDIA PVT LTD","ASPIRE TOURISM INDIA PVT LTD"
"Jun 27, 2024 5:44 PM","TJ104696195854","AIR","Credit Line","Commission","","64.15","67.53","","59871.15","90128.85","Success","Utilisation Adjustment","​-","","7110136190","","","0","0","3.38","TJ104696195854","","31061288","31061288","Jun 27, 2024 5:44 PM","","","ASPIRE TOURISM INDIA PVT LTD","ASPIRE TOURISM INDIA PVT LTD"
"Jun 28, 2024 10:05 AM","TJ115296234074","AIR","Credit Line","Paid For Order","8733","","","","51138.15","98861.85","Success","","8733","","2535596251","","","0","4000","0","TJ115296234074","","31061288","31061288","Jun 28, 2024 10:05 AM","","","ASPIRE TOURISM INDIA PVT LTD","ASPIRE TOURISM INDIA PVT LTD"
"Jun 28, 2024 10:08 AM","TJ117596234387","AIR","Credit Line","Paid For Order","30481","","","","20657.15","129342.85","Success","","30481","","8993532143","","","0","4800","0","TJ117596234387","","31061288","31061288","Jun 28, 2024 10:08 AM","","","ASPIRE TOURISM INDIA PVT LTD","ASPIRE TOURISM INDIA PVT LTD"
"Jun 28, 2024 10:08 AM","TJ117596234387","AIR","Credit Line","Commission","","342","360","","20999.15","129000.85","Success","Utilisation Adjustment","​-","","5322574661","","","0","0","18","TJ117596234387","","31061288","31061288","Jun 28, 2024 10:08 AM","","","ASPIRE TOURISM INDIA PVT LTD","ASPIRE TOURISM INDIA PVT LTD"
"Jun 28, 2024 10:23 AM","000465743537","NA","Credit Line","Temporary Limit Change","","400000","","","420999.15","129000.85","Success","","​-","","9348291359","CLR232061-Balu G,S Karthikeyan(51051718)-Mayuri Palsambkar-Limit","","0","0","0","000465743537","","111483","31061288","Jun 28, 2024 10:23 AM","","","Mayuri Palsambkar","ASPIRE TOURISM INDIA PVT LTD"
"Jun 28, 2024 1:55 PM","TJ106196257327","AIR","Credit Line","Paid For Order","118404","","","","302595.15","247404.85","Success","","118404","","7743172078","","","0","0","0","TJ106196257327","","31061288","31061288","Jun 28, 2024 1:55 PM","","","ASPIRE TOURISM INDIA PVT LTD","ASPIRE TOURISM INDIA PVT LTD"
"Jun 28, 2024 1:55 PM","TJ106196257327","AIR","Credit Line","Commission","","1214.64","1278.6000000000001","","303809.79","246190.21","Success","Utilisation Adjustment","​-","","7969968023","","","0","0","63.96","TJ106196257327","","31061288","31061288","Jun 28, 2024 1:55 PM","","","ASPIRE TOURISM INDIA PVT LTD","ASPIRE TOURISM INDIA PVT LTD"
"Jun 28, 2024 3:35 PM","TJ114596268058","AIR","Credit Line","Paid For Order","8888","","","","294921.79","255078.21","Success","","8888","","9555166054","","","0","0","0","TJ114596268058","TJA4396263186","81114780","31061288","Jun 28, 2024 3:35 PM","","","Affan Sayed","ASPIRE TOURISM INDIA PVT LTD"
"Jun 28, 2024 4:36 PM","TJ105396273641","AIR","Credit Line","Paid For Order","40481","","","","254440.79","295559.21","Success","","40481","","3232539241","","","0","0","0","TJ105396273641","","31061288","31061288","Jun 28, 2024 4:36 PM","","","ASPIRE TOURISM INDIA PVT LTD","ASPIRE TOURISM INDIA PVT LTD"
"Jun 28, 2024 4:36 PM","TJ105396273641","AIR","Credit Line","Commission","","365.26","384.51","","254806.05","295193.95","Success","Utilisation Adjustment","​-","","9613497197","","","0","0","19.25","TJ105396273641","","31061288","31061288","Jun 28, 2024 4:36 PM","","","ASPIRE TOURISM INDIA PVT LTD","ASPIRE TOURISM INDIA PVT LTD"
"Jun 28, 2024 4:51 PM","TJ102196275513","AIR","Credit Line","Paid For Order","36743","","","","218063.05","331936.95","Success","","36743","","7605795052","","","0","0","0","TJ102196275513","","31061288","31061288","Jun 28, 2024 4:51 PM","","","ASPIRE TOURISM INDIA PVT LTD","ASPIRE TOURISM INDIA PVT LTD"
"Jun 29, 2024 9:59 AM","TJ107396319823","AIR","Credit Line","Paid For Amendment","499","","","","217564.05","332435.95","Success","","​-","","4100898057","","","0","0","0","TJ107396319823","TJA4096319877","31061288","31061288","Jun 29, 2024 9:59 AM","","","ASPIRE TOURISM INDIA PVT LTD","ASPIRE TOURISM INDIA PVT LTD"
"Jul 2, 2024 10:15 AM","TJ100096546653","AIR","Credit Line","Paid For Order","4793","","","","212771.05","337228.95","Success","","4793","","6440071206","","Updated After Retry Payment Option","0","500","0","TJ100096546653","","31061288","31061288","Jul 2, 2024 10:15 AM","","","ASPIRE TOURISM INDIA PVT LTD","ASPIRE TOURISM INDIA PVT LTD"
"Jul 2, 2024 10:15 AM","TJ100096546653","AIR","Credit Line","Commission","","47.16","49.63999999999999","","212818.21","337181.79","Success","Utilisation Adjustment","​-","","0017431970","","","0","0","2.48","TJ100096546653","","31061288","31061288","Jul 2, 2024 10:15 AM","","","ASPIRE TOURISM INDIA PVT LTD","ASPIRE TOURISM INDIA PVT LTD"
"Jul 2, 2024 10:22 AM","TJ107796547815","AIR","Credit Line","Paid For Order","4157","","","","208661.21","341338.79","Success","","4157","","0446887010","","","0","500","0","TJ107796547815","","31061288","31061288","Jul 2, 2024 10:22 AM","","","ASPIRE TOURISM INDIA PVT LTD","ASPIRE TOURISM INDIA PVT LTD"
"Jul 2, 2024 10:22 AM","TJ107796547815","AIR","Credit Line","Commission","","40.38","42.5","","208701.59","341298.41","Success","Utilisation Adjustment","​-","","9898158021","","","0","0","2.12","TJ107796547815","","31061288","31061288","Jul 2, 2024 10:22 AM","","","ASPIRE TOURISM INDIA PVT LTD","ASPIRE TOURISM INDIA PVT LTD"
"Jul 2, 2024 10:30 AM","TJ104296548356","AIR","Credit Line","Paid For Order","4129","","","","204572.59","345427.41","Success","","4129","","2352904480","","","0","500","0","TJ104296548356","","31061288","31061288","Jul 2, 2024 10:30 AM","","","ASPIRE TOURISM INDIA PVT LTD","ASPIRE TOURISM INDIA PVT LTD"
"Jul 2, 2024 10:30 AM","TJ104296548356","AIR","Credit Line","Commission","","66.99","70.52","","204639.58","345360.42","Success","Utilisation Adjustment","​-","","8681305446","","","0","0","3.53","TJ104296548356","","31061288","31061288","Jul 2, 2024 10:30 AM","","","ASPIRE TOURISM INDIA PVT LTD","ASPIRE TOURISM INDIA PVT LTD"
"Jul 2, 2024 10:36 AM","TJ105496548964","AIR","Credit Line","Paid For Order","6885","","","","197754.58","352245.42","Success","","6885","","2373856310","","","0","500","0","TJ105496548964","","31061288","31061288","Jul 2, 2024 10:36 AM","","","ASPIRE TOURISM INDIA PVT LTD","ASPIRE TOURISM INDIA PVT LTD"
"Jul 2, 2024 10:36 AM","TJ105496548964","AIR","Credit Line","Commission","","287.42","302.55","","198042","351958","Success","Utilisation Adjustment","​-","","7987703166","","","0","0","15.13","TJ105496548964","","31061288","31061288","Jul 2, 2024 10:36 AM","","","ASPIRE TOURISM INDIA PVT LTD","ASPIRE TOURISM INDIA PVT LTD"
"Jul 2, 2024 5:06 PM","TJ109596594164","AIR","Credit Line","Paid For Order","4793","","","","193249","356751","Success","","4793","","0834071177","","","0","0","0","TJ109596594164","","31061288","31061288","Jul 2, 2024 5:06 PM","","","ASPIRE TOURISM INDIA PVT LTD","ASPIRE TOURISM INDIA PVT LTD"
"Jul 2, 2024 5:06 PM","TJ109596594164","AIR","Credit Line","Commission","","47.16","49.63999999999999","","193296.16","356703.84","Success","Utilisation Adjustment","​-","","3456174500","","","0","0","2.48","TJ109596594164","","31061288","31061288","Jul 2, 2024 5:06 PM","","","ASPIRE TOURISM INDIA PVT LTD","ASPIRE TOURISM INDIA PVT LTD"
"Jul 2, 2024 5:13 PM","TJ100096546653","AIR","Credit Line","Refund","","846","","","194142.16","355857.84","Success","Utilisation Adjustment","846","","7549560693","","","0","0","0","TJ100096546653","TJA2696595178","31061288","31061288","Jul 2, 2024 5:13 PM","","","ASPIRE TOURISM INDIA PVT LTD","ASPIRE TOURISM INDIA PVT LTD"
"Jul 2, 2024 5:13 PM","TJ100096546653","AIR","Credit Line","Commission","47.16","","-49.63999999999999","","194095","355905","Success","","​-","","6532719780","","","0","0","-2.48","TJ100096546653","TJA2696595178","31061288","31061288","Jul 2, 2024 5:13 PM","","","ASPIRE TOURISM INDIA PVT LTD","ASPIRE TOURISM INDIA PVT LTD"
"Jul 2, 2024 6:25 PM","308596602680","WALLET_TOPUP","Credit Line","Topup","","23470","","129355632727","217565","332435","Success","Bill Settle","23470","","3944740425","Paid using: Payphi; Payment Fee: 0.00; Merchant Txn Id: 4400189382269","","0","0","0","308596602680","","31061288","31061288","Jul 2, 2024 6:25 PM","","","ASPIRE TOURISM INDIA PVT LTD","ASPIRE TOURISM INDIA PVT LTD"
"Jul 2, 2024 7:31 PM","300096609210","WALLET_TOPUP","Credit Line","Topup","","106017","","129355632727","323582","226418","Success","Bill Settle","106017","","1992764483","Paid using: hdfc_ccavenue; Payment Fee: 15.00; Merchant Txn Id: 113357198209","","0","0","0","300096609210","","31061288","31061288","Jul 2, 2024 7:31 PM","","","ASPIRE TOURISM INDIA PVT LTD","ASPIRE TOURISM INDIA PVT LTD"
"Jul 3, 2024 12:14 PM","004993280562","NA","Credit Line","Temporary Limit Change","400000","","","","-76418","226418","Success","","​-","","3763179411","","","0","0","0","004993280562","","","31061288","Jul 3, 2024 12:14 PM","","","","ASPIRE TOURISM INDIA PVT LTD"
"Jul 3, 2024 1:43 PM","302096664279","WALLET_TOPUP","Credit Line","Topup","","52000","","129355632727","-24418","174418","Success","Bill Settle","52000","","3828051823","Paid using: hdfc_ccavenue; Payment Fee: 884.00; Merchant Txn Id: 113358237255","","0","0","0","302096664279","","31061288","31061288","Jul 3, 2024 1:43 PM","","","ASPIRE TOURISM INDIA PVT LTD","ASPIRE TOURISM INDIA PVT LTD"
"Jul 3, 2024 1:45 PM","308596664562","WALLET_TOPUP","Credit Line","Topup","","50000","","129355632727","25582","124418","Success","Bill Settle","50000","","4774911251","Paid using: hdfc_ccavenue; Payment Fee: 850.00; Merchant Txn Id: 113358240737","","0","0","0","308596664562","","31061288","31061288","Jul 3, 2024 1:45 PM","","","ASPIRE TOURISM INDIA PVT LTD","ASPIRE TOURISM INDIA PVT LTD"
"Jul 3, 2024 5:28 PM","307696689607","WALLET_TOPUP","Credit Line","Topup","","100948.95","","129355632727","126530.95","23469.05","Success","Bill Settle","124418","","0960315125","Paid using: hdfc_ccavenue; Payment Fee: 15.00; Merchant Txn Id: 113358595814","","0","0","0","307696689607","","31061288","31061288","Jul 3, 2024 5:28 PM","","","ASPIRE TOURISM INDIA PVT LTD","ASPIRE TOURISM INDIA PVT LTD"
"Jul 3, 2024 5:28 PM","307696689607","WALLET_TOPUP","Credit Line","Topup","","23469.05","","","150000","0","Success","Utilisation Adjustment","124418","","6581291580","Paid using: hdfc_ccavenue; Payment Fee: 15.00; Merchant Txn Id: 113358595814","","0","0","0","307696689607","","31061288","31061288","Jul 3, 2024 5:28 PM","","","ASPIRE TOURISM INDIA PVT LTD","ASPIRE TOURISM INDIA PVT LTD"
"Jul 4, 2024 7:25 PM","TJ102796783959","AIR","Credit Line","Paid For Order","15072","","","","134928","15072","Success","","15072","","1826862732","","","0","0","0","TJ102796783959","","31061288","31061288","Jul 4, 2024 7:25 PM","","","ASPIRE TOURISM INDIA PVT LTD","ASPIRE TOURISM INDIA PVT LTD"
"Jul 4, 2024 7:25 PM","TJ102796783959","AIR","Credit Line","Commission","","143.38","150.92","","135071.38","14928.62","Success","Utilisation Adjustment","​-","","9301875708","","","0","0","7.54","TJ102796783959","","31061288","31061288","Jul 4, 2024 7:25 PM","","","ASPIRE TOURISM INDIA PVT LTD","ASPIRE TOURISM INDIA PVT LTD"
"Jul 4, 2024 7:34 PM","TJ101596784804","AIR","Credit Line","Paid For Order","11914","","","","123157.38","26842.62","Success","","11914","","5941911641","","","0","0","0","TJ101596784804","","31061288","31061288","Jul 4, 2024 7:34 PM","","","ASPIRE TOURISM INDIA PVT LTD","ASPIRE TOURISM INDIA PVT LTD"
"Jul 4, 2024 7:34 PM","TJ101596784804","AIR","Credit Line","Commission","","409.64","431.2","","123567.02","26432.98","Success","Utilisation Adjustment","​-","","4889615593","","","0","0","21.56","TJ101596784804","","31061288","31061288","Jul 4, 2024 7:34 PM","","","ASPIRE TOURISM INDIA PVT LTD","ASPIRE TOURISM INDIA PVT LTD"
"Jul 5, 2024 6:09 PM","TJ105296863894","AIR","Credit Line","Paid For Order","37680","","","","85887.02","64112.98","Success","","37680","","3188220403","","","0","0","0","TJ105296863894","","31061288","31061288","Jul 5, 2024 6:09 PM","","","ASPIRE TOURISM INDIA PVT LTD","ASPIRE TOURISM INDIA PVT LTD"
"Jul 5, 2024 6:09 PM","TJ105296863894","AIR","Credit Line","Commission","","358.45","377.3","","86245.47","63754.53","Success","Utilisation Adjustment","​-","","6933086020","","","0","0","18.85","TJ105296863894","","31061288","31061288","Jul 5, 2024 6:09 PM","","","ASPIRE TOURISM INDIA PVT LTD","ASPIRE TOURISM INDIA PVT LTD"
"Jul 5, 2024 6:29 PM","TJ108996867503","AIR","Credit Line","Paid For Order","29785","","","","56460.47","93539.53","Success","","29785","","1041045612","","","0","0","0","TJ108996867503","","31061288","31061288","Jul 5, 2024 6:29 PM","","","ASPIRE TOURISM INDIA PVT LTD","ASPIRE TOURISM INDIA PVT LTD"
"Jul 5, 2024 6:29 PM","TJ108996867503","AIR","Credit Line","Commission","","1024.1","1078","","57484.57","92515.43","Success","Utilisation Adjustment","​-","","8380050701","","","0","0","53.9","TJ108996867503","","31061288","31061288","Jul 5, 2024 6:29 PM","","","ASPIRE TOURISM INDIA PVT LTD","ASPIRE TOURISM INDIA PVT LTD"
"Jul 5, 2024 7:22 PM","TJ100196872397","AIR","Credit Line","Paid For Order","24396","","","","33088.57","116911.43","Success","","24396","","4563695525","","","0","0","0","TJ100196872397","","31061288","31061288","Jul 5, 2024 7:22 PM","","","ASPIRE TOURISM INDIA PVT LTD","ASPIRE TOURISM INDIA PVT LTD"
"Jul 5, 2024 7:22 PM","TJ100196872397","AIR","Credit Line","Commission","","234.99","247.35000000000002","","33323.56","116676.44","Success","Utilisation Adjustment","​-","","7544884764","","","0","0","12.36","TJ100196872397","","31061288","31061288","Jul 5, 2024 7:22 PM","","","ASPIRE TOURISM INDIA PVT LTD","ASPIRE TOURISM INDIA PVT LTD"
"Jul 5, 2024 7:26 PM","TJ101396872927","AIR","Credit Line","Paid For Order","17871","","","","15452.56","134547.44","Success","","17871","","1358568785","","","0","0","0","TJ101396872927","","31061288","31061288","Jul 5, 2024 7:26 PM","","","ASPIRE TOURISM INDIA PVT LTD","ASPIRE TOURISM INDIA PVT LTD"
"Jul 5, 2024 7:26 PM","TJ101396872927","AIR","Credit Line","Commission","","614.46","646.8000000000001","","16067.02","133932.98","Success","Utilisation Adjustment","​-","","9472440522","","","0","0","32.34","TJ101396872927","","31061288","31061288","Jul 5, 2024 7:26 PM","","","ASPIRE TOURISM INDIA PVT LTD","ASPIRE TOURISM INDIA PVT LTD"
"Jul 5, 2024 8:16 PM","006105069117","NA","Credit Line","Temporary Limit Change","","300000","","","316067.02","133932.98","Success","","​-","","2455781089","CLR235225-S Karthikeyan(51051718),Siva (27126),Bharat(12345)-Sufiyan surathiya-Limit","","0","0","0","006105069117","","71069098","31061288","Jul 5, 2024 8:16 PM","","","sufiyan surathiya","ASPIRE TOURISM INDIA PVT LTD"
"Jul 5, 2024 11:50 PM","TJ110196892059","AIR","Credit Line","Paid For Order","12607","","","","303460.02","146539.98","Success","","12607","","6840400941","","","0","0","0","TJ110196892059","TJA1396883274","81052490","31061288","Jul 5, 2024 11:50 PM","","","Kiran Dhanawade","ASPIRE TOURISM INDIA PVT LTD"
"Jul 6, 2024 12:42 AM","TJ103696893584","AIR","Credit Line","Paid For Order","2021","","","","301439.02","148560.98","Success","","2021","","9558410561","","","0","0","0","TJ103696893584","TJA5796892344","21064118","31061288","Jul 6, 2024 12:42 AM","","","Afaan Shaikh","ASPIRE TOURISM INDIA PVT LTD"
"Jul 6, 2024 7:21 PM","300696952716","WALLET_TOPUP","Credit Line","Topup","","66000","","","367439.02","82560.98","Success","Utilisation Adjustment","66000","","3261547484","Paid using: Payphi; Payment Fee: 0.00; Merchant Txn Id: 4400190707833","","0","0","0","300696952716","","31061288","31061288","Jul 6, 2024 7:21 PM","","","ASPIRE TOURISM INDIA PVT LTD","ASPIRE TOURISM INDIA PVT LTD"
"Jul 7, 2024 3:58 PM","TJ112897007070","AIR","Credit Line","Paid For Order","30452","","","","336987.02","113012.98","Success","","30452","","6910113683","","","0","5500","0","TJ112897007070","","31061288","31061288","Jul 7, 2024 3:58 PM","","","ASPIRE TOURISM INDIA PVT LTD","ASPIRE TOURISM INDIA PVT LTD"
"Jul 7, 2024 3:58 PM","TJ112897007070","AIR","Credit Line","Commission","","342","360","","337329.02","112670.98","Success","Utilisation Adjustment","​-","","3105824198","","","0","0","18","TJ112897007070","","31061288","31061288","Jul 7, 2024 3:58 PM","","","ASPIRE TOURISM INDIA PVT LTD","ASPIRE TOURISM INDIA PVT LTD"
"Jul 8, 2024 3:52 PM","TJ102897092751","AIR","Credit Line","Paid For Order","51144","","","","286185.02","163814.98","Success","","51144","","5554759329","","","0","0","0","TJ102897092751","","31061288","31061288","Jul 8, 2024 3:52 PM","","","ASPIRE TOURISM INDIA PVT LTD","ASPIRE TOURISM INDIA PVT LTD"
"Jul 8, 2024 3:52 PM","TJ102897092751","AIR","Credit Line","Commission","","471.76","496.56","","286656.78","163343.22","Success","Utilisation Adjustment","​-","","6038409929","","","0","0","24.8","TJ102897092751","","31061288","31061288","Jul 8, 2024 3:52 PM","","","ASPIRE TOURISM INDIA PVT LTD","ASPIRE TOURISM INDIA PVT LTD"
"Jul 8, 2024 4:02 PM","TJ105797094584","AIR","Credit Line","Paid For Order","48648","","","","238008.78","211991.22","Success","","48648","","1475030356","","","0","0","0","TJ105797094584","","31061288","31061288","Jul 8, 2024 4:02 PM","","","ASPIRE TOURISM INDIA PVT LTD","ASPIRE TOURISM INDIA PVT LTD"
"Jul 8, 2024 4:02 PM","TJ105797094584","AIR","Credit Line","Commission","","1678.48","1766.8","","239687.26","210312.74","Success","Utilisation Adjustment","​-","","1117747525","","","0","0","88.32","TJ105797094584","","31061288","31061288","Jul 8, 2024 4:02 PM","","","ASPIRE TOURISM INDIA PVT LTD","ASPIRE TOURISM INDIA PVT LTD"
"Jul 10, 2024 10:59 AM","306497253830","WALLET_TOPUP","Credit Line","Topup","","12086","","157819857195","251773.26","198226.74","Success","Bill Settle","12086","","7047266660","Paid using: Payphi; Payment Fee: 0.00; Merchant Txn Id: 4400191809508","","0","0","0","306497253830","","31061288","31061288","Jul 10, 2024 10:59 AM","","","ASPIRE TOURISM INDIA PVT LTD","ASPIRE TOURISM INDIA PVT LTD"
"Jul 10, 2024 11:54 AM","303197260157","WALLET_TOPUP","Credit Line","Topup","","20000","","157819857195","271773.26","178226.74","Success","Bill Settle","20000","","7713933231","Paid using: Payphi; Payment Fee: 0.00; Merchant Txn Id: 2200191848018","","0","0","0","303197260157","","31061288","31061288","Jul 10, 2024 11:54 AM","","","ASPIRE TOURISM INDIA PVT LTD","ASPIRE TOURISM INDIA PVT LTD"
"Jul 10, 2024 12:07 PM","007130268695","NA","Credit Line","Temporary Limit Change","300000","","","","-28226.74","178226.74","Success","","​-","","8951752813","","","0","0","0","007130268695","","","31061288","Jul 10, 2024 12:07 PM","","","","ASPIRE TOURISM INDIA PVT LTD"
"Jul 10, 2024 4:48 PM","305897293157","WALLET_TOPUP","Credit Line","Topup","","6900","","157819857195","-21326.74","171326.74","Success","Bill Settle","6900","","5108598245","Paid using: hdfc_ccavenue; Payment Fee: 15.00; Merchant Txn Id: 113369699937","","0","0","0","305897293157","","31061288","31061288","Jul 10, 2024 4:48 PM","","","ASPIRE TOURISM INDIA PVT LTD","ASPIRE TOURISM INDIA PVT LTD"
"Jul 10, 2024 7:28 PM","307497309516","WALLET_TOPUP","Credit Line","Topup","","45000","","157819857195","23673.26","126326.74","Success","Bill Settle","45000","","2288177389","Paid using: Payphi; Payment Fee: 0.00; Merchant Txn Id: 2200192023636","","0","0","0","307497309516","","31061288","31061288","Jul 10, 2024 7:28 PM","","","ASPIRE TOURISM INDIA PVT LTD","ASPIRE TOURISM INDIA PVT LTD"
"Jul 10, 2024 8:05 PM","304497313098","WALLET_TOPUP","Credit Line","Topup","","28684.98","","157819857195","52358.24","97641.76","Success","Bill Settle","40000","","3596994811","Paid using: Payphi; Payment Fee: 0.00; Merchant Txn Id: 4400192030182","","0","0","0","304497313098","","31061288","31061288","Jul 10, 2024 8:05 PM","","","ASPIRE TOURISM INDIA PVT LTD","ASPIRE TOURISM INDIA PVT LTD"
"Jul 10, 2024 8:05 PM","304497313098","WALLET_TOPUP","Credit Line","Topup","","11315.02","","","63673.26","86326.74","Success","Utilisation Adjustment","40000","","6271650360","Paid using: Payphi; Payment Fee: 0.00; Merchant Txn Id: 4400192030182","","0","0","0","304497313098","","31061288","31061288","Jul 10, 2024 8:05 PM","","","ASPIRE TOURISM INDIA PVT LTD","ASPIRE TOURISM INDIA PVT LTD"
"Jul 10, 2024 8:37 PM","302597315757","WALLET_TOPUP","Credit Line","Topup","","30000","","","93673.26","56326.74","Success","Utilisation Adjustment","30000","","6374948256","Paid using: hdfc_ccavenue; Payment Fee: 15.00; Merchant Txn Id: 113370083241","","0","0","0","302597315757","","31061288","31061288","Jul 10, 2024 8:37 PM","","","ASPIRE TOURISM INDIA PVT LTD","ASPIRE TOURISM INDIA PVT LTD"
"Jul 10, 2024 9:07 PM","TJ105597317861","AIR","Credit Line","Paid For Order","90544","","","","3129.26","146870.74","Success","","90544","","4343042381","","","0","0","0","TJ105597317861","","31061288","31061288","Jul 10, 2024 9:07 PM","","","ASPIRE TOURISM INDIA PVT LTD","ASPIRE TOURISM INDIA PVT LTD"
"Jul 10, 2024 9:07 PM","TJ105597317861","AIR","Credit Line","Commission","","910.24","958.16","","4039.5","145960.5","Success","Utilisation Adjustment","​-","","1361781720","","","0","0","47.92","TJ105597317861","","31061288","31061288","Jul 10, 2024 9:07 PM","","","ASPIRE TOURISM INDIA PVT LTD","ASPIRE TOURISM INDIA PVT LTD"
"Jul 10, 2024 9:12 PM","008942275011","NA","Credit Line","Temporary Limit Change","","200000","","","204039.5","145960.5","Success","","​-","","1592391560","CLR237234-Balu G,S Karthikeyan(51051718)-Sufiyan surathiya-Limit","","0","0","0","008942275011","","71069098","31061288","Jul 10, 2024 9:12 PM","","","sufiyan surathiya","ASPIRE TOURISM INDIA PVT LTD"
"Jul 10, 2024 9:51 PM","TJ109797322136","AIR","Credit Line","Paid For Order","52680","","","","151359.5","198640.5","Success","","52680","","6536960754","","","0","0","0","TJ109797322136","","31061288","31061288","Jul 10, 2024 9:51 PM","","","ASPIRE TOURISM INDIA PVT LTD","ASPIRE TOURISM INDIA PVT LTD"
"Jul 10, 2024 9:51 PM","TJ109797322136","AIR","Credit Line","Commission","","1840","1936.8","","153199.5","196800.5","Success","Utilisation Adjustment","​-","","6732242002","","","0","0","96.8","TJ109797322136","","31061288","31061288","Jul 10, 2024 9:51 PM","","","ASPIRE TOURISM INDIA PVT LTD","ASPIRE TOURISM INDIA PVT LTD"
"Jul 11, 2024 10:29 AM","TJ101197344347","AIR","Credit Line","Paid For Order","45272","","","","107927.5","242072.5","Success","","45272","","6143387133","","","0","0","0","TJ101197344347","","31061288","31061288","Jul 11, 2024 10:29 AM","","","ASPIRE TOURISM INDIA PVT LTD","ASPIRE TOURISM INDIA PVT LTD"
"Jul 11, 2024 10:29 AM","TJ101197344347","AIR","Credit Line","Commission","","455.12","479.08","","108382.62","241617.38","Success","Utilisation Adjustment","​-","","5130290170","","","0","0","23.96","TJ101197344347","","31061288","31061288","Jul 11, 2024 10:29 AM","","","ASPIRE TOURISM INDIA PVT LTD","ASPIRE TOURISM INDIA PVT LTD"
"Jul 11, 2024 10:44 AM","TJ105797345651","AIR","Credit Line","Paid For Order","26340","","","","82042.62","267957.38","Success","","26340","","3818583627","","","0","0","0","TJ105797345651","","31061288","31061288","Jul 11, 2024 10:44 AM","","","ASPIRE TOURISM INDIA PVT LTD","ASPIRE TOURISM INDIA PVT LTD"
"Jul 11, 2024 10:44 AM","TJ105797345651","AIR","Credit Line","Commission","","920","968.4","","82962.62","267037.38","Success","Utilisation Adjustment","​-","","7630167429","","","0","0","48.4","TJ105797345651","","31061288","31061288","Jul 11, 2024 10:44 AM","","","ASPIRE TOURISM INDIA PVT LTD","ASPIRE TOURISM INDIA PVT LTD"
"Jul 11, 2024 1:48 PM","008167229197","NA","Credit Line","Temporary Limit Change","","100000","","","182962.62","267037.38","Success","","​-","","3161223257","CLR237332-Balu G,S Karthikeyan(51051718)-Sufiyan surathiya-Limit","","0","0","0","008167229197","","71069098","31061288","Jul 11, 2024 1:48 PM","","","sufiyan surathiya","ASPIRE TOURISM INDIA PVT LTD"
"Jul 11, 2024 5:34 PM","TJ100797391570","AIR","Credit Line","Paid For Order","8122","","","","174840.62","275159.38","Success","","8122","","6037663177","","","0","0","0","TJ100797391570","","31061288","31061288","Jul 11, 2024 5:34 PM","","","ASPIRE TOURISM INDIA PVT LTD","ASPIRE TOURISM INDIA PVT LTD"
"Jul 11, 2024 5:34 PM","TJ100797391570","AIR","Credit Line","Commission","","78.08","82.19","","174918.7","275081.3","Success","Utilisation Adjustment","​-","","9252342159","","","0","0","4.11","TJ100797391570","","31061288","31061288","Jul 11, 2024 5:34 PM","","","ASPIRE TOURISM INDIA PVT LTD","ASPIRE TOURISM INDIA PVT LTD"
"Jul 12, 2024 9:48 AM","TJ113297435155","AIR","Credit Line","Paid For Order","31530","","","","143388.7","306611.3","Success","","31530","","4067501120","","","0","3000","0","TJ113297435155","","31061288","31061288","Jul 12, 2024 9:48 AM","","","ASPIRE TOURISM INDIA PVT LTD","ASPIRE TOURISM INDIA PVT LTD"
"Jul 12, 2024 9:48 AM","TJ113297435155","AIR","Credit Line","Commission","","342","360","","143730.7","306269.3","Success","Utilisation Adjustment","​-","","4964082448","","","0","0","18","TJ113297435155","","31061288","31061288","Jul 12, 2024 9:48 AM","","","ASPIRE TOURISM INDIA PVT LTD","ASPIRE TOURISM INDIA PVT LTD"
"Jul 14, 2024 1:54 PM","TJ116797634619","AIR","Credit Line","Paid For Order","4513","","","","139217.7","310782.3","Success","","4513","","2823075933","","","0","0","0","TJ116797634619","TJA2497631959","81114780","31061288","Jul 14, 2024 1:54 PM","","","Affan Sayed","ASPIRE TOURISM INDIA PVT LTD"
"Jul 15, 2024 12:29 PM","TJ107097700394","AIR","Credit Line","Paid For Order","13948","","","","125269.7","324730.3","Success","","13948","","2299591931","","","0","0","0","TJ107097700394","","31061288","31061288","Jul 15, 2024 12:29 PM","","","ASPIRE TOURISM INDIA PVT LTD","ASPIRE TOURISM INDIA PVT LTD"
"Jul 15, 2024 12:29 PM","TJ107097700394","AIR","Credit Line","Commission","","152.25","160.26","","125421.95","324578.05","Success","Utilisation Adjustment","​-","","7713211802","","","0","0","8.01","TJ107097700394","","31061288","31061288","Jul 15, 2024 12:29 PM","","","ASPIRE TOURISM INDIA PVT LTD","ASPIRE TOURISM INDIA PVT LTD"
"Jul 15, 2024 4:44 PM","TJ116997730186","AIR","Credit Line","Paid For Order","68604","","","","56817.95","393182.05","Success","","68604","","0660237157","","","0","0","0","TJ116997730186","","31061288","31061288","Jul 15, 2024 4:44 PM","","","ASPIRE TOURISM INDIA PVT LTD","ASPIRE TOURISM INDIA PVT LTD"
"Jul 15, 2024 5:16 PM","009741013800","NA","Credit Line","Temporary Limit Change","","100000","","","156817.95","393182.05","Success","","​-","","8209489517","CLR238772-Balu G,S Karthikeyan(51051718)-Sufiyan surathiya-Limit","","0","0","0","009741013800","","853719","31061288","Jul 15, 2024 5:16 PM","","","Lahu Tikode","ASPIRE TOURISM INDIA PVT LTD"
"Jul 16, 2024 1:36 PM","TJ109097809159","AIR","Credit Line","Paid For Order","31134","","","","125683.95","424316.05","Success","","31134","","7295899035","","","0","1800","0","TJ109097809159","","31061288","31061288","Jul 16, 2024 1:36 PM","","","ASPIRE TOURISM INDIA PVT LTD","ASPIRE TOURISM INDIA PVT LTD"
"Jul 16, 2024 1:36 PM","TJ109097809159","AIR","Credit Line","Commission","","296.14","311.71999999999997","","125980.09","424019.91","Success","Utilisation Adjustment","​-","","9540436430","","","0","0","15.58","TJ109097809159","","31061288","31061288","Jul 16, 2024 1:36 PM","","","ASPIRE TOURISM INDIA PVT LTD","ASPIRE TOURISM INDIA PVT LTD"
"Jul 16, 2024 10:37 PM","TJ116797863327","AIR","Credit Line","Paid For Order","33240","","","","92740.09","457259.91","Success","","33240","","8179576844","","","0","4100","0","TJ116797863327","","31061288","31061288","Jul 16, 2024 10:37 PM","","","ASPIRE TOURISM INDIA PVT LTD","ASPIRE TOURISM INDIA PVT LTD"
"Jul 16, 2024 10:37 PM","TJ116797863327","AIR","Credit Line","Commission","","380","400","","93120.09","456879.91","Success","Utilisation Adjustment","​-","","5857303123","","","0","0","20","TJ116797863327","","31061288","31061288","Jul 16, 2024 10:37 PM","","","ASPIRE TOURISM INDIA PVT LTD","ASPIRE TOURISM INDIA PVT LTD"
"Jul 17, 2024 12:14 PM","000085621103","NA","Credit Line","Temporary Limit Change","300000","","","","-206879.91","456879.91","Success","","​-","","7238639334","","","0","0","0","000085621103","","","31061288","Jul 17, 2024 12:14 PM","","","","ASPIRE TOURISM INDIA PVT LTD"
"Jul 18, 2024 6:11 PM","305798027833","WALLET_TOPUP","Netbanking","Topup","70173","","","","0","","Failure","","69000","","1373748009","Payment Failed. Paid using: hdfc_ccavenue; Payment Fee: 1173.00; Failure reason: ","","1173","0","0","305798027833","","31061288","31061288","","","","ASPIRE TOURISM INDIA PVT LTD","ASPIRE TOURISM INDIA PVT LTD"
"Jul 18, 2024 6:29 PM","305598029771","WALLET_TOPUP","Credit Line","Topup","","67000","","760935551466","-139879.91","389879.91","Success","Bill Settle","67000","","7952995377","Paid using: hdfc_ccavenue; Payment Fee: 1139.00; Merchant Txn Id: 113381997178","","0","0","0","305598029771","","31061288","31061288","Jul 18, 2024 6:29 PM","","","ASPIRE TOURISM INDIA PVT LTD","ASPIRE TOURISM INDIA PVT LTD"
"Jul 18, 2024 6:37 PM","304098030665","WALLET_TOPUP","Credit Line","Topup","","180000","","760935551466","40120.09","209879.91","Success","Bill Settle","180000","","2126509210","Paid using: hdfc_ccavenue; Payment Fee: 15.00; Merchant Txn Id: 113382012239","","0","0","0","304098030665","","31061288","31061288","Jul 18, 2024 6:37 PM","","","ASPIRE TOURISM INDIA PVT LTD","ASPIRE TOURISM INDIA PVT LTD"
"Jul 18, 2024 6:58 PM","300998032697","WALLET_TOPUP","Credit Line","Topup","","63782.3","","760935551466","103902.39","146097.61","Success","Bill Settle","63783","","9741656932","Paid using: Payphi; Payment Fee: 0.00; Merchant Txn Id: 2200194520962","","0","0","0","300998032697","","31061288","31061288","Jul 18, 2024 6:58 PM","","","ASPIRE TOURISM INDIA PVT LTD","ASPIRE TOURISM INDIA PVT LTD"
"Jul 18, 2024 6:58 PM","300998032697","WALLET_TOPUP","Credit Line","Topup","","0.7","","","103903.09","146096.91","Success","Utilisation Adjustment","63783","","3938403557","Paid using: Payphi; Payment Fee: 0.00; Merchant Txn Id: 2200194520962","","0","0","0","300998032697","","31061288","31061288","Jul 18, 2024 6:58 PM","","","ASPIRE TOURISM INDIA PVT LTD","ASPIRE TOURISM INDIA PVT LTD"
"Jul 18, 2024 7:11 PM","TJ115198033453","AIR","Credit Line","Paid For Order","31539","","","","72364.09","177635.91","Success","","31539","","5678280773","","","0","5300","0","TJ115198033453","","31061288","31061288","Jul 18, 2024 7:11 PM","","","ASPIRE TOURISM INDIA PVT LTD","ASPIRE TOURISM INDIA PVT LTD"
"Jul 18, 2024 7:11 PM","TJ115198033453","AIR","Credit Line","Commission","","380","400","","72744.09","177255.91","Success","Utilisation Adjustment","​-","","9568816084","","","0","0","20","TJ115198033453","","31061288","31061288","Jul 18, 2024 7:11 PM","","","ASPIRE TOURISM INDIA PVT LTD","ASPIRE TOURISM INDIA PVT LTD"
"Jul 22, 2024 5:06 PM","TJ117998371980","AIR","Credit Line","Paid For Order","34302","","","","38442.09","211557.91","Success","","34302","","6108835864","","","0","800","0","TJ117998371980","","31061288","31061288","Jul 22, 2024 5:06 PM","","","ASPIRE TOURISM INDIA PVT LTD","ASPIRE TOURISM INDIA PVT LTD"
"Jul 24, 2024 12:08 PM","002958948639","NA","Credit Line","Temporary Limit Change","100000","","","","-61557.91","211557.91","Success","","​-","","1597185419","","","0","0","0","002958948639","","","31061288","Jul 24, 2024 12:08 PM","","","","ASPIRE TOURISM INDIA PVT LTD"
"Jul 24, 2024 5:15 PM","308698561401","WALLET_TOPUP","Credit Line","Topup","","119554","","123636348161","57996.09","92003.91","Success","Bill Settle","119554","","9093053357","Paid using: hdfc_ccavenue; Payment Fee: 15.00; Merchant Txn Id: 113389984061","","0","0","0","308698561401","","31061288","31061288","Jul 24, 2024 5:15 PM","","","ASPIRE TOURISM INDIA PVT LTD","ASPIRE TOURISM INDIA PVT LTD"
"Jul 24, 2024 5:19 PM","309398561718","WALLET_TOPUP","Credit Line","Topup","","57701.91","","123636348161","115698","34302","Success","Bill Settle","57701.91","","2378010032","Paid using: Payphi; Payment Fee: 0.00; Merchant Txn Id: 2200196337505","","0","0","0","309398561718","","31061288","31061288","Jul 24, 2024 5:19 PM","","","ASPIRE TOURISM INDIA PVT LTD","ASPIRE TOURISM INDIA PVT LTD"
"Jul 24, 2024 5:44 PM","TJ118898563398","AIR","Credit Line","Paid For Order","15748","","","","99950","50050","Success","","15748","","1059631002","","","0","0","0","TJ118898563398","","31061288","31061288","Jul 24, 2024 5:44 PM","","","ASPIRE TOURISM INDIA PVT LTD","ASPIRE TOURISM INDIA PVT LTD"
"Jul 24, 2024 5:44 PM","TJ118898563398","AIR","Credit Line","Commission","","131.1","138","","100081.1","49918.9","Success","Utilisation Adjustment","​-","","5333088292","","","0","0","6.9","TJ118898563398","","31061288","31061288","Jul 24, 2024 5:44 PM","","","ASPIRE TOURISM INDIA PVT LTD","ASPIRE TOURISM INDIA PVT LTD"
"Jul 24, 2024 5:58 PM","TJ114998565132","AIR","Credit Line","Paid For Order","13466","","","","86615.1","63384.9","Success","","13466","","8906803585","","","0","0","0","TJ114998565132","","31061288","31061288","Jul 24, 2024 5:58 PM","","","ASPIRE TOURISM INDIA PVT LTD","ASPIRE TOURISM INDIA PVT LTD"
"Jul 24, 2024 6:51 PM","009659921463","NA","Credit Line","Temporary Limit Change","","200000","","","286615.1","63384.9","Success","","​-","","5305804114","CLR242545-Balu G,S Karthikeyan(51051718),Siva (27126)-Ashish Raut-Limit","","0","0","0","009659921463","","853719","31061288","Jul 24, 2024 6:51 PM","","","Lahu Tikode","ASPIRE TOURISM INDIA PVT LTD"
"Jul 25, 2024 10:35 AM","TJ114798610191","AIR","Credit Line","Paid For Order","27138.22","","","","259476.88","90523.12","Success","","27138.22","","4327765903","","","0","0","0","TJ114798610191","","31061288","31061288","Jul 25, 2024 10:35 AM","","","ASPIRE TOURISM INDIA PVT LTD","ASPIRE TOURISM INDIA PVT LTD"
"Jul 25, 2024 4:10 PM","TJ115898650180","AIR","Credit Line","Paid For Order","8581","","","","250895.88","99104.12","Success","","8581","","8657988903","","","0","1076","0","TJ115898650180","","31061288","31061288","Jul 25, 2024 4:10 PM","","","ASPIRE TOURISM INDIA PVT LTD","ASPIRE TOURISM INDIA PVT LTD"
"Jul 25, 2024 7:20 PM","TJ102898669096","AIR","Credit Line","Paid For Order","24882","","","","226013.88","123986.12","Success","","24882","","9259071140","","","0","0","0","TJ102898669096","","31061288","31061288","Jul 25, 2024 7:20 PM","","","ASPIRE TOURISM INDIA PVT LTD","ASPIRE TOURISM INDIA PVT LTD"
"Jul 25, 2024 7:20 PM","TJ102898669096","AIR","Credit Line","Commission","","228.08","240.08","","226241.96","123758.04","Success","Utilisation Adjustment","​-","","0499714989","","","0","0","12","TJ102898669096","","31061288","31061288","Jul 25, 2024 7:20 PM","","","ASPIRE TOURISM INDIA PVT LTD","ASPIRE TOURISM INDIA PVT LTD"
"Jul 26, 2024 6:31 PM","TJ111798759181","AIR","Credit Line","Paid For Order","13283","","","","212958.96","137041.04","Success","","13283","","6210861100","","","0","1000","0","TJ111798759181","","31061288","31061288","Jul 26, 2024 6:31 PM","","","ASPIRE TOURISM INDIA PVT LTD","ASPIRE TOURISM INDIA PVT LTD"
"Jul 26, 2024 6:47 PM","TJ107398760739","AIR","Credit Line","Paid For Order","4873","","","","208085.96","141914.04","Success","","4873","","6960855080","","","0","500","0","TJ107398760739","","31061288","31061288","Jul 26, 2024 6:47 PM","","","ASPIRE TOURISM INDIA PVT LTD","ASPIRE TOURISM INDIA PVT LTD"
"Jul 26, 2024 6:47 PM","TJ107398760739","AIR","Credit Line","Commission","","48.55","51.11","","208134.51","141865.49","Success","Utilisation Adjustment","​-","","5617565574","","","0","0","2.56","TJ107398760739","","31061288","31061288","Jul 26, 2024 6:47 PM","","","ASPIRE TOURISM INDIA PVT LTD","ASPIRE TOURISM INDIA PVT LTD"
"Jul 26, 2024 11:30 PM","TJ101398780957","AIR","Credit Line","Paid For Order","18634","","","","189500.51","160499.49","Success","","18634","","1204779824","","","0","2000","0","TJ101398780957","","31061288","31061288","Jul 26, 2024 11:30 PM","","","ASPIRE TOURISM INDIA PVT LTD","ASPIRE TOURISM INDIA PVT LTD"
"Jul 26, 2024 11:30 PM","TJ101398780957","AIR","Credit Line","Commission","","202.44","213.07999999999998","","189702.95","160297.05","Success","Utilisation Adjustment","​-","","7021703639","","","0","0","10.64","TJ101398780957","","31061288","31061288","Jul 26, 2024 11:30 PM","","","ASPIRE TOURISM INDIA PVT LTD","ASPIRE TOURISM INDIA PVT LTD"
"Jul 27, 2024 1:31 PM","TJ107898818110","AIR","Credit Line","Paid For Order","27915","","","","161787.95","188212.05","Success","","27915","","4315538325","","","0","0","0","TJ107898818110","","31061288","31061288","Jul 27, 2024 1:31 PM","","","ASPIRE TOURISM INDIA PVT LTD","ASPIRE TOURISM INDIA PVT LTD"
"Jul 27, 2024 1:31 PM","TJ107898818110","AIR","Credit Line","Commission","","283.35","298.25","","162071.3","187928.7","Success","Utilisation Adjustment","​-","","9701662980","","","0","0","14.9","TJ107898818110","","31061288","31061288","Jul 27, 2024 1:31 PM","","","ASPIRE TOURISM INDIA PVT LTD","ASPIRE TOURISM INDIA PVT LTD"
"Jul 27, 2024 6:38 PM","TJ101998845816","AIR","Credit Line","Paid For Order","14078","","","","147993.3","202006.7","Success","","14078","","5162458166","","","0","4000","0","TJ101998845816","","31061288","31061288","Jul 27, 2024 6:38 PM","","","ASPIRE TOURISM INDIA PVT LTD","ASPIRE TOURISM INDIA PVT LTD"
"Jul 27, 2024 6:38 PM","TJ101998845816","AIR","Credit Line","Commission","","102.56","107.96000000000001","","148095.86","201904.14","Success","Utilisation Adjustment","​-","","3835181614","","","0","0","5.4","TJ101998845816","","31061288","31061288","Jul 27, 2024 6:38 PM","","","ASPIRE TOURISM INDIA PVT LTD","ASPIRE TOURISM INDIA PVT LTD"
"Jul 29, 2024 1:23 PM","TJ208698964272","HOTEL","Credit Line","Paid For Order","30680.34","","","","117415.52","232584.48","Success","","30680.34","","8754617809","","","0","0","0","TJ208698964272","","31061288","31061288","Jul 29, 2024 1:23 PM","","","ASPIRE TOURISM INDIA PVT LTD","ASPIRE TOURISM INDIA PVT LTD"
"Jul 30, 2024 4:33 PM","TJ112399088593","AIR","Credit Line","Paid For Order","19858","","","","97557.52","252442.48","Success","","19858","","2268492698","","","0","1600","0","TJ112399088593","","31061288","31061288","Jul 30, 2024 4:33 PM","","","ASPIRE TOURISM INDIA PVT LTD","ASPIRE TOURISM INDIA PVT LTD"
"Jul 30, 2024 4:33 PM","TJ112399088593","AIR","Credit Line","Commission","","296.6","312.22","","97854.12","252145.88","Success","Utilisation Adjustment","​-","","0890976627","","","0","0","15.62","TJ112399088593","","31061288","31061288","Jul 30, 2024 4:33 PM","","","ASPIRE TOURISM INDIA PVT LTD","ASPIRE TOURISM INDIA PVT LTD"
"Jul 30, 2024 4:51 PM","TJ110099091142","AIR","Credit Line","Paid For Order","28738.12","","","","69116","280884","Success","","28738.12","","4552969375","","","0","1600","0","TJ110099091142","","31061288","31061288","Jul 30, 2024 4:51 PM","","","ASPIRE TOURISM INDIA PVT LTD","ASPIRE TOURISM INDIA PVT LTD"
"Jul 30, 2024 5:39 PM","001718828214","NA","Credit Line","Temporary Limit Change","","100000","","","169116","280884","Success","","​-","","8217830190","CLR244467-Balu G,S Karthikeyan(51051718)-Pradnya Khaire-Limit","","0","0","0","001718828214","","524586","31061288","Jul 30, 2024 5:39 PM","","","Pradnya Khaire","ASPIRE TOURISM INDIA PVT LTD"
"Jul 31, 2024 10:28 AM","TJ119699148057","AIR","Credit Line","Paid For Order","48081.52","","","","121034.48","328965.52","Success","","48081.52","","7029459703","","","0","0","0","TJ119699148057","","31061288","31061288","Jul 31, 2024 10:28 AM","","","ASPIRE TOURISM INDIA PVT LTD","ASPIRE TOURISM INDIA PVT LTD"
"Jul 31, 2024 10:42 AM","TJ114699150361","AIR","Credit Line","Paid For Order","43302.24","","","","77732.24","372267.76","Success","","43302.24","","6381848627","","","0","0","0","TJ114699150361","","31061288","31061288","Jul 31, 2024 10:42 AM","","","ASPIRE TOURISM INDIA PVT LTD","ASPIRE TOURISM INDIA PVT LTD"
"Jul 31, 2024 11:55 AM","TJ205199157706","HOTEL","Credit Line","Paid For Order","12392.64","","","","65339.6","384660.4","Success","","12392.64","","3559781201","","","0","0","0","TJ205199157706","","31061288","31061288","Jul 31, 2024 11:55 AM","","","ASPIRE TOURISM INDIA PVT LTD","ASPIRE TOURISM INDIA PVT LTD"
"Jul 31, 2024 12:07 PM","007782343750","NA","Credit Line","Temporary Limit Change","200000","","","","-134660.4","384660.4","Success","","​-","","0246122027","","","0","0","0","007782343750","","","31061288","Jul 31, 2024 12:07 PM","","","","ASPIRE TOURISM INDIA PVT LTD"
"Jul 31, 2024 1:06 PM","TJ200899169030","HOTEL","Netbanking","Paid For Order","9918.12","","","","0","","Success","","9918.12","","6111556968","Paid using: Payphi; Payment Fee: 0.00; Merchant Txn Id: 2200198369157","","0","0","0","TJ200899169030","","31061288","31061288","","","","ASPIRE TOURISM INDIA PVT LTD","ASPIRE TOURISM INDIA PVT LTD"
"Jul 31, 2024 1:41 PM","TJ205399174457","HOTEL","Netbanking","Paid For Order","21692.96","","","","0","","Success","","21692.95","","5047454506","Paid using: Payphi; Payment Fee: 0.00; Merchant Txn Id: 2200198385132","","0","0","0","TJ205399174457","","31061288","31061288","","","","ASPIRE TOURISM INDIA PVT LTD","ASPIRE TOURISM INDIA PVT LTD"
"Aug 1, 2024 1:47 PM","307599285517","WALLET_TOPUP","Credit Line","Topup","","76000","","080651888218","-58660.4","308660.4","Success","Bill Settle","76000","","8492645249","Paid using: hdfc_ccavenue; Payment Fee: 15.00; Merchant Txn Id: 113400491797","","0","0","0","307599285517","","31061288","31061288","Aug 1, 2024 1:47 PM","","","ASPIRE TOURISM INDIA PVT LTD","ASPIRE TOURISM INDIA PVT LTD"
"Aug 1, 2024 1:50 PM","305399285982","WALLET_TOPUP","Netbanking","Topup","125920","","","","0","","Failure","","125905","","0378973836","Payment Failed. Paid using: hdfc_ccavenue; Payment Fee: 15.00; Failure reason: ","","15","0","0","305399285982","","31061288","31061288","","","","ASPIRE TOURISM INDIA PVT LTD","ASPIRE TOURISM INDIA PVT LTD"
"Aug 1, 2024 2:14 PM","304599286255","WALLET_TOPUP","Netbanking","Topup","125920","","","","0","","Failure","","125905","","9420254334","Payment Failed. Paid using: hdfc_ccavenue; Payment Fee: 15.00; Failure reason: ","","15","0","0","304599286255","","31061288","31061288","","","","ASPIRE TOURISM INDIA PVT LTD","ASPIRE TOURISM INDIA PVT LTD"
"Aug 1, 2024 2:23 PM","309299289908","WALLET_TOPUP","Netbanking","Topup","125920","","","","0","","Failure","","125905","","8089508688","Payment Failed. Paid using: hdfc_ccavenue; Payment Fee: 15.00; Failure reason: ","","15","0","0","309299289908","","31061288","31061288","","","","ASPIRE TOURISM INDIA PVT LTD","ASPIRE TOURISM INDIA PVT LTD"
"Aug 1, 2024 2:26 PM","300199290170","WALLET_TOPUP","Netbanking","Topup","125920","","","","0","","Failure","","125905","","1300317970","Payment Failed. Paid using: hdfc_ccavenue; Payment Fee: 15.00; Failure reason: ","","15","0","0","300199290170","","31061288","31061288","","","","ASPIRE TOURISM INDIA PVT LTD","ASPIRE TOURISM INDIA PVT LTD"
"Aug 1, 2024 2:45 PM","308399292373","WALLET_TOPUP","Credit Line","Topup","","125904.14","","080651888218","67243.74","182756.26","Success","Bill Settle","125905","","8202101311","Paid using: hdfc_ccavenue; Payment Fee: 15.00; Merchant Txn Id: 113400579043","","0","0","0","308399292373","","31061288","31061288","Aug 1, 2024 2:45 PM","","","ASPIRE TOURISM INDIA PVT LTD","ASPIRE TOURISM INDIA PVT LTD"
"Aug 1, 2024 2:45 PM","308399292373","WALLET_TOPUP","Credit Line","Topup","","0.86","","","67244.6","182755.4","Success","Utilisation Adjustment","125905","","6275787153","Paid using: hdfc_ccavenue; Payment Fee: 15.00; Merchant Txn Id: 113400579043","","0","0","0","308399292373","","31061288","31061288","Aug 1, 2024 2:45 PM","","","ASPIRE TOURISM INDIA PVT LTD","ASPIRE TOURISM INDIA PVT LTD"
"Aug 1, 2024 3:31 PM","TJ113399296971","AIR","Credit Line","Paid For Order","50999.76","","","","16244.84","233755.16","Success","","50999.76","","0730411930","","","0","4000","0","TJ113399296971","","31061288","31061288","Aug 1, 2024 3:31 PM","","","ASPIRE TOURISM INDIA PVT LTD","ASPIRE TOURISM INDIA PVT LTD"
"Aug 1, 2024 3:42 PM","TJ110999298849","AIR","Credit Line","Paid For Order","29800","","","","0","","Failure","","29800","","1956218712","Insufficient Balance. ","","0","4000","0","TJ110999298849","","31061288","31061288","","","","ASPIRE TOURISM INDIA PVT LTD","ASPIRE TOURISM INDIA PVT LTD"
"Aug 1, 2024 3:42 PM","TJ110999298849","AIR","Credit Line","Commission","402.24","","-381.08","","0","","Failure","Utilisation Adjustment","​-","","0953561167","Insufficient Balance. ","","0","0","21.16","TJ110999298849","","31061288","31061288","","","","ASPIRE TOURISM INDIA PVT LTD","ASPIRE TOURISM INDIA PVT LTD"
"Aug 1, 2024 3:53 PM","007196389426","NA","Credit Line","Credit Issued","","236700","","","252944.84","233755.16","Success","","​-","","3739477065","","","0","0","0","007196389426","","703723","31061288","Aug 1, 2024 3:53 PM","","","Rekha Pillay","ASPIRE TOURISM INDIA PVT LTD"
"Aug 1, 2024 4:13 PM","TJ113499302880","AIR","Credit Line","Paid For Order","33160","","","","219784.84","266915.16","Success","","33160","","2334336405","","","0","2400","0","TJ113499302880","","31061288","31061288","Aug 1, 2024 4:13 PM","","","ASPIRE TOURISM INDIA PVT LTD","ASPIRE TOURISM INDIA PVT LTD"
"Aug 1, 2024 4:13 PM","TJ113499302880","AIR","Credit Line","Commission","","461.8","486.12","","220246.64","266453.36","Success","Utilisation Adjustment","​-","","1992439707","","","0","0","24.32","TJ113499302880","","31061288","31061288","Aug 1, 2024 4:13 PM","","","ASPIRE TOURISM INDIA PVT LTD","ASPIRE TOURISM INDIA PVT LTD"
"Aug 1, 2024 5:24 PM","007010312813","NA","Credit Line","Temporary Limit Change","","200000","","","420246.64","266453.36","Success","","​-","","9245978652","CLR245567-Balu G,S Karthikeyan(51051718),Siva (27126)-Sufiyan surathiya-Limit","","0","0","0","007010312813","","853719","31061288","Aug 1, 2024 5:24 PM","","","Lahu Tikode","ASPIRE TOURISM INDIA PVT LTD"
"Aug 3, 2024 1:18 PM","TJ108999465687","AIR","Credit Line","Paid For Order","7565","","","","412681.64","274018.36","Success","","7565","","7874219927","","","0","2500","0","TJ108999465687","","31061288","31061288","Aug 3, 2024 1:18 PM","","","ASPIRE TOURISM INDIA PVT LTD","ASPIRE TOURISM INDIA PVT LTD"
"Aug 3, 2024 1:18 PM","TJ108999465687","AIR","Credit Line","Commission","","57.06","60.06","","412738.7","273961.3","Success","Utilisation Adjustment","​-","","6124993270","","","0","0","3","TJ108999465687","","31061288","31061288","Aug 3, 2024 1:18 PM","","","ASPIRE TOURISM INDIA PVT LTD","ASPIRE TOURISM INDIA PVT LTD"
"Aug 5, 2024 6:07 PM","TJ111299640252","AIR","Credit Line","Paid For Order","92745","","","","319993.7","366706.3","Success","","92745","","9094497126","","","0","6000","0","TJ111299640252","","31061288","31061288","Aug 5, 2024 6:07 PM","","","ASPIRE TOURISM INDIA PVT LTD","ASPIRE TOURISM INDIA PVT LTD"
"Aug 5, 2024 6:07 PM","TJ111299640252","AIR","Credit Line","Commission","","855","900","","320848.7","365851.3","Success","Utilisation Adjustment","​-","","3019918510","","","0","0","45","TJ111299640252","","31061288","31061288","Aug 5, 2024 6:07 PM","","","ASPIRE TOURISM INDIA PVT LTD","ASPIRE TOURISM INDIA PVT LTD"
"Aug 7, 2024 12:08 PM","002168707384","NA","Credit Line","Temporary Limit Change","300000","","","","20848.7","365851.3","Success","","​-","","8929545251","","","0","0","0","002168707384","","","31061288","Aug 7, 2024 12:08 PM","","","","ASPIRE TOURISM INDIA PVT LTD"
"Aug 8, 2024 3:33 PM","TJ107799909691","AIR","Netbanking","Paid For Order","6455","","","","0","","Success","","6455","","3872872431","Paid using: Payphi; Payment Fee: 0.00; Merchant Txn Id: 4400200908328","","0","500","0","TJ107799909691","","31061288","31061288","","","","ASPIRE TOURISM INDIA PVT LTD","ASPIRE TOURISM INDIA PVT LTD"
"Aug 8, 2024 3:33 PM","TJ107799909691","AIR","Credit Line","Commission","","64.27","67.64999999999999","","20912.97","365787.03","Success","Utilisation Adjustment","64.27","","5931167474","","","0","0","3.38","TJ107799909691","","31061288","31061288","Aug 8, 2024 3:33 PM","","","ASPIRE TOURISM INDIA PVT LTD","ASPIRE TOURISM INDIA PVT LTD"
"Aug 8, 2024 4:22 PM","TJ108996867503","AIR","Credit Line","Refund","","5683","","124833179615","26595.97","360104.03","Success","Bill Settle","5683","","9001056405","","","0","0","0","TJ108996867503","TJA5399915494","31061288","31061288","Aug 8, 2024 4:22 PM","","","ASPIRE TOURISM INDIA PVT LTD","ASPIRE TOURISM INDIA PVT LTD"
"Aug 8, 2024 4:22 PM","TJ108996867503","AIR","Credit Line","Commission","215.6","","-215.6","","26380.37","360319.63","Success","","​-","","1725318441","","","0","0","0","TJ108996867503","TJA5399915494","31061288","31061288","Aug 8, 2024 4:22 PM","","","ASPIRE TOURISM INDIA PVT LTD","ASPIRE TOURISM INDIA PVT LTD"
"Aug 8, 2024 4:25 PM","TJ105296863894","AIR","Credit Line","Refund","","6461","","124833179615","32841.37","353858.63","Success","Bill Settle","6461","","7872882102","","","0","0","0","TJ105296863894","TJA5899915880","31061288","31061288","Aug 8, 2024 4:25 PM","","","ASPIRE TOURISM INDIA PVT LTD","ASPIRE TOURISM INDIA PVT LTD"
"Aug 8, 2024 4:25 PM","TJ105296863894","AIR","Credit Line","Commission","75.46","","-75.46","","32765.91","353934.09","Success","","​-","","9946441108","","","0","0","0","TJ105296863894","TJA5899915880","31061288","31061288","Aug 8, 2024 4:25 PM","","","ASPIRE TOURISM INDIA PVT LTD","ASPIRE TOURISM INDIA PVT LTD"
"Aug 8, 2024 5:10 PM","TJ105699919663","AIR","Netbanking","Paid For Order","18318","","","","0","","Success","","18318","","1356052416","Paid using: Payphi; Payment Fee: 0.00; Merchant Txn Id: 4400200947348","","0","0","0","TJ105699919663","","31061288","31061288","","","","ASPIRE TOURISM INDIA PVT LTD","ASPIRE TOURISM INDIA PVT LTD"
"Aug 8, 2024 5:10 PM","TJ105699919663","AIR","Credit Line","Commission","","177.07","186.39","","32942.98","353757.02","Success","Utilisation Adjustment","177.07","","0842036986","","","0","0","9.32","TJ105699919663","","31061288","31061288","Aug 8, 2024 5:10 PM","","","ASPIRE TOURISM INDIA PVT LTD","ASPIRE TOURISM INDIA PVT LTD"
"Aug 9, 2024 7:58 PM","3035100035932","WALLET_TOPUP","Credit Line","Topup","","95900","","124833179615","128842.98","257857.02","Success","Bill Settle","95900","","3177548179","Paid using: hdfc_ccavenue; Payment Fee: 15.00; Merchant Txn Id: 113411715628","","0","0","0","3035100035932","","31061288","31061288","Aug 9, 2024 7:58 PM","","","ASPIRE TOURISM INDIA PVT LTD","ASPIRE TOURISM INDIA PVT LTD"
"Aug 10, 2024 7:27 PM","3086100127217","WALLET_TOPUP","Credit Line","Topup","","65917.3","","124833179615","194760.28","191939.72","Success","Bill Settle","65917.3","","0087580480","Paid using: hdfc_ccavenue; Payment Fee: 15.00; Merchant Txn Id: 113412990112","","0","0","0","3086100127217","","31061288","31061288","Aug 10, 2024 7:27 PM","","","ASPIRE TOURISM INDIA PVT LTD","ASPIRE TOURISM INDIA PVT LTD"
"Aug 12, 2024 12:50 PM","3050100251938","WALLET_TOPUP","Netbanking","Topup","72135","","","","0","","Failure","","​-","","6307839635","Payment Tracking failed! . Paid using: hdfc_ccavenue; Payment Fee: 15.00; Merchant Txn Id: 113414793457","","15","0","0","3050100251938","","31061288","31061288","","","","ASPIRE TOURISM INDIA PVT LTD","ASPIRE TOURISM INDIA PVT LTD"
"Aug 12, 2024 12:51 PM","3084100252175","WALLET_TOPUP","Netbanking","Topup","72135","","","","0","","Failure","","72120","","0701527048","Payment Failed. Paid using: hdfc_ccavenue; Payment Fee: 15.00; Failure reason: ","","15","0","0","3084100252175","","31061288","31061288","","","","ASPIRE TOURISM INDIA PVT LTD","ASPIRE TOURISM INDIA PVT LTD"
"Aug 12, 2024 12:55 PM","3050100251938","WALLET_TOPUP","Credit Line","Topup","","72120","","124833179615","266880.28","119819.72","Success","Bill Settle","72120","","5133583453","Paid using: hdfc_ccavenue; Payment Fee: 15.00; Merchant Txn Id: 113414793457","Updated By Automated Job","0","0","0","3050100251938","","31061288","31061288","Aug 12, 2024 12:55 PM","","","ASPIRE TOURISM INDIA PVT LTD","ASPIRE TOURISM INDIA PVT LTD"
"Aug 12, 2024 12:55 PM","3005100252388","WALLET_TOPUP","Credit Line","Topup","","27880","","124833179615","294760.28","91939.72","Success","Bill Settle","27880","","8017338535","Paid using: Payphi; Payment Fee: 0.00; Merchant Txn Id: 4400202155951","","0","0","0","3005100252388","","31061288","31061288","Aug 12, 2024 12:55 PM","","","ASPIRE TOURISM INDIA PVT LTD","ASPIRE TOURISM INDIA PVT LTD"
"Aug 12, 2024 3:23 PM","TJ1099100265831","AIR","Credit Line","Paid For Order","35456","","","","0","","Failure","","35456","","4213539578","CreditLine used is locked!. ","","0","3200","0","TJ1099100265831","","31061288","31061288","","","","ASPIRE TOURISM INDIA PVT LTD","ASPIRE TOURISM INDIA PVT LTD"
"Aug 12, 2024 3:23 PM","TJ1099100265831","AIR","Credit Line","Commission","376.6","","-356.8","","0","","Failure","Utilisation Adjustment","​-","","8270132838","CreditLine used is locked!. ","","0","0","19.8","TJ1099100265831","","31061288","31061288","","","","ASPIRE TOURISM INDIA PVT LTD","ASPIRE TOURISM INDIA PVT LTD"
"Aug 12, 2024 6:35 PM","3054100288279","WALLET_TOPUP","Credit Line","Topup","","45000","","504314465673","339760.28","46939.72","Success","Bill Settle","45000","","2445732413","Paid using: hdfc_ccavenue; Payment Fee: 15.00; Merchant Txn Id: 113415423581","","0","0","0","3054100288279","","31061288","31061288","Aug 12, 2024 6:35 PM","","","ASPIRE TOURISM INDIA PVT LTD","ASPIRE TOURISM INDIA PVT LTD"
"Aug 12, 2024 7:21 PM","3082100293728","WALLET_TOPUP","Credit Line","Topup","","46939.72","","504314465673","386700","0","Success","Bill Settle","46940","","4042370659","Paid using: hdfc_ccavenue; Payment Fee: 15.00; Merchant Txn Id: 113415516573","","0","0","0","3082100293728","","31061288","31061288","Aug 12, 2024 7:21 PM","","","ASPIRE TOURISM INDIA PVT LTD","ASPIRE TOURISM INDIA PVT LTD"
"Aug 12, 2024 7:21 PM","3082100293728","WALLET_TOPUP","Deposit","Topup","","0.28","","","0.28","","Success","","46940","","4818365955","Paid using: hdfc_ccavenue; Payment Fee: 15.00; Merchant Txn Id: 113415516573","","0","0","0","3082100293728","","31061288","31061288","","","","ASPIRE TOURISM INDIA PVT LTD","ASPIRE TOURISM INDIA PVT LTD"
"Aug 12, 2024 9:42 PM","TJ1072100308241","AIR","Credit Line","Paid For Order","35455.72","","","","351244.28","35455.72","Success","","35456","","9392550308","","","0","0","0","TJ1072100308241","","31061288","31061288","Aug 12, 2024 9:42 PM","","","ASPIRE TOURISM INDIA PVT LTD","ASPIRE TOURISM INDIA PVT LTD"
"Aug 12, 2024 9:42 PM","TJ1072100308241","AIR","Deposit","Paid For Order","0.28","","","","0","","Success","","35456","","4381898626","","","0","0","0","TJ1072100308241","","31061288","31061288","","","","ASPIRE TOURISM INDIA PVT LTD","ASPIRE TOURISM INDIA PVT LTD"
"Aug 12, 2024 9:42 PM","TJ1072100308241","AIR","Credit Line","Commission","","376.6","396.40000000000003","","351620.88","35079.12","Success","Utilisation Adjustment","​-","","9113322846","","","0","0","19.8","TJ1072100308241","","31061288","31061288","Aug 12, 2024 9:42 PM","","","ASPIRE TOURISM INDIA PVT LTD","ASPIRE TOURISM INDIA PVT LTD"
"Aug 12, 2024 9:54 PM","TJ1096100309708","AIR","Credit Line","Paid For Order","36764","","","","314856.88","71843.12","Success","","36764","","0904627545","","","0","0","0","TJ1096100309708","","31061288","31061288","Aug 12, 2024 9:54 PM","","","ASPIRE TOURISM INDIA PVT LTD","ASPIRE TOURISM INDIA PVT LTD"
"Aug 12, 2024 9:54 PM","TJ1096100309708","AIR","Credit Line","Commission","","370.2","389.68","","315227.08","71472.92","Success","Utilisation Adjustment","​-","","8744687161","","","0","0","19.48","TJ1096100309708","","31061288","31061288","Aug 12, 2024 9:54 PM","","","ASPIRE TOURISM INDIA PVT LTD","ASPIRE TOURISM INDIA PVT LTD"
"Aug 13, 2024 7:48 PM","TJ1014100417261","AIR","Credit Line","Paid For Order","5146","","","","310081.08","76618.92","Success","","5146","","0478388674","","","0","0","0","TJ1014100417261","","31061288","31061288","Aug 13, 2024 7:48 PM","","","ASPIRE TOURISM INDIA PVT LTD","ASPIRE TOURISM INDIA PVT LTD"
"Aug 13, 2024 8:02 PM","TJ1015100418922","AIR","Credit Line","Paid For Order","12305","","","","297776.08","88923.92","Success","","12305","","6199147384","","","0","0","0","TJ1015100418922","","31061288","31061288","Aug 13, 2024 8:02 PM","","","ASPIRE TOURISM INDIA PVT LTD","ASPIRE TOURISM INDIA PVT LTD"
"Aug 13, 2024 8:02 PM","TJ1015100418922","AIR","Credit Line","Commission","","124.77","131.34","","297900.85","88799.15","Success","Utilisation Adjustment","​-","","3530906884","","","0","0","6.57","TJ1015100418922","","31061288","31061288","Aug 13, 2024 8:02 PM","","","ASPIRE TOURISM INDIA PVT LTD","ASPIRE TOURISM INDIA PVT LTD"
"Aug 14, 2024 5:21 PM","TJ1066100512614","AIR","Credit Line","Paid For Order","18188","","","","279712.85","106987.15","Success","","18188","","9997213892","","","0","0","0","TJ1066100512614","","31061288","31061288","Aug 14, 2024 5:21 PM","","","ASPIRE TOURISM INDIA PVT LTD","ASPIRE TOURISM INDIA PVT LTD"
"Aug 14, 2024 5:21 PM","TJ1066100512614","AIR","Credit Line","Commission","","192.05","202.16000000000003","","279904.9","106795.1","Success","Utilisation Adjustment","​-","","1491063988","","","0","0","10.11","TJ1066100512614","","31061288","31061288","Aug 14, 2024 5:21 PM","","","ASPIRE TOURISM INDIA PVT LTD","ASPIRE TOURISM INDIA PVT LTD"
"Aug 14, 2024 5:25 PM","TJ1015100513562","AIR","Credit Line","Paid For Order","18188","","","","261716.9","124983.1","Success","","18188","","3627245589","","","0","0","0","TJ1015100513562","","31061288","31061288","Aug 14, 2024 5:25 PM","","","ASPIRE TOURISM INDIA PVT LTD","ASPIRE TOURISM INDIA PVT LTD"
"Aug 14, 2024 5:25 PM","TJ1015100513562","AIR","Credit Line","Commission","","192.05","202.16000000000003","","261908.95","124791.05","Success","Utilisation Adjustment","​-","","5221980569","","","0","0","10.11","TJ1015100513562","","31061288","31061288","Aug 14, 2024 5:25 PM","","","ASPIRE TOURISM INDIA PVT LTD","ASPIRE TOURISM INDIA PVT LTD"
"Aug 14, 2024 7:49 PM","TJ105396273641","AIR","Credit Line","Paid For Amendment","1200","","","","260708.95","125991.05","Success","","​-","","1747446871","","","0","0","0","TJ105396273641","TJA96100529737","31061288","31061288","Aug 14, 2024 7:49 PM","","","ASPIRE TOURISM INDIA PVT LTD","ASPIRE TOURISM INDIA PVT LTD"
"Aug 14, 2024 7:52 PM","TJ102897092751","AIR","Credit Line","Paid For Amendment","400","","","","260308.95","126391.05","Success","","​-","","8708794728","","","0","0","0","TJ102897092751","TJA85100530074","31061288","31061288","Aug 14, 2024 7:52 PM","","","ASPIRE TOURISM INDIA PVT LTD","ASPIRE TOURISM INDIA PVT LTD"
"Aug 14, 2024 7:54 PM","TJ1015100418922","AIR","Credit Line","Paid For Amendment","300","","","","260008.95","126691.05","Success","","​-","","8773159390","","","0","0","0","TJ1015100418922","TJA13100530372","31061288","31061288","Aug 14, 2024 7:54 PM","","","ASPIRE TOURISM INDIA PVT LTD","ASPIRE TOURISM INDIA PVT LTD"
"Aug 15, 2024 8:56 AM","TJ101596784804","AIR","Credit Line","Refund","","11366","","","271374.95","115325.05","Success","Utilisation Adjustment","11366","","7961905764","","","0","0","0","TJ101596784804","TJA80100565827","31061288","31061288","Aug 15, 2024 8:56 AM","","","ASPIRE TOURISM INDIA PVT LTD","ASPIRE TOURISM INDIA PVT LTD"
"Aug 15, 2024 8:56 AM","TJ101596784804","AIR","Credit Line","Commission","431.2","","-431.2","","270943.75","115756.25","Success","","​-","","9162114621","","","0","0","0","TJ101596784804","TJA80100565827","31061288","31061288","Aug 15, 2024 8:56 AM","","","ASPIRE TOURISM INDIA PVT LTD","ASPIRE TOURISM INDIA PVT LTD"
"Aug 15, 2024 9:14 AM","TJ108996867503","AIR","Credit Line","Refund","","22732","","","293675.75","93024.25","Success","Utilisation Adjustment","22732","","2936975142","","","0","0","0","TJ108996867503","TJA08100566647","31061288","31061288","Aug 15, 2024 9:14 AM","","","ASPIRE TOURISM INDIA PVT LTD","ASPIRE TOURISM INDIA PVT LTD"
"Aug 15, 2024 9:14 AM","TJ108996867503","AIR","Credit Line","Commission","862.4","","-862.4","","292813.35","93886.65","Success","","​-","","5228638633","","","0","0","0","TJ108996867503","TJA08100566647","31061288","31061288","Aug 15, 2024 9:14 AM","","","ASPIRE TOURISM INDIA PVT LTD","ASPIRE TOURISM INDIA PVT LTD"
"Aug 15, 2024 9:15 AM","TJ101396872927","AIR","Credit Line","Refund","","17049","","","309862.35","76837.65","Success","Utilisation Adjustment","17049","","6257024559","","","0","0","0","TJ101396872927","TJA76100566712","31061288","31061288","Aug 15, 2024 9:15 AM","","","ASPIRE TOURISM INDIA PVT LTD","ASPIRE TOURISM INDIA PVT LTD"
"Aug 15, 2024 9:15 AM","TJ101396872927","AIR","Credit Line","Commission","646.8","","-646.8","","309215.55","77484.45","Success","","​-","","5324848647","","","0","0","0","TJ101396872927","TJA76100566712","31061288","31061288","Aug 15, 2024 9:15 AM","","","ASPIRE TOURISM INDIA PVT LTD","ASPIRE TOURISM INDIA PVT LTD"
"Aug 15, 2024 9:16 AM","TJ105797094584","AIR","Credit Line","Refund","","46456","","","355671.55","31028.45","Success","Utilisation Adjustment","46456","","8813781649","","","0","0","0","TJ105797094584","TJA18100566777","31061288","31061288","Aug 15, 2024 9:16 AM","","","ASPIRE TOURISM INDIA PVT LTD","ASPIRE TOURISM INDIA PVT LTD"
"Aug 15, 2024 9:16 AM","TJ105797094584","AIR","Credit Line","Commission","1766.8","","-1766.8","","353904.75","32795.25","Success","","​-","","7450579567","","","0","0","0","TJ105797094584","TJA18100566777","31061288","31061288","Aug 15, 2024 9:16 AM","","","ASPIRE TOURISM INDIA PVT LTD","ASPIRE TOURISM INDIA PVT LTD"
"Aug 15, 2024 9:18 AM","TJ109797322136","AIR","Credit Line","Refund","","32795.25","","","386700","0","Success","Utilisation Adjustment","50488","","3518149934","","","0","0","0","TJ109797322136","TJA41100566844","31061288","31061288","Aug 15, 2024 9:18 AM","","","ASPIRE TOURISM INDIA PVT LTD","ASPIRE TOURISM INDIA PVT LTD"
"Aug 15, 2024 9:18 AM","TJ109797322136","AIR","Deposit","Refund","","17692.75","","","17692.75","","Success","Topup","50488","","3195697122","","","0","0","0","TJ109797322136","TJA41100566844","31061288","31061288","","","","ASPIRE TOURISM INDIA PVT LTD","ASPIRE TOURISM INDIA PVT LTD"
"Aug 15, 2024 9:18 AM","TJ109797322136","AIR","Credit Line","Commission","1936.8","","-1936.8","","384763.2","1936.8","Success","","​-","","2379833679","","","0","0","0","TJ109797322136","TJA41100566844","31061288","31061288","Aug 15, 2024 9:18 AM","","","ASPIRE TOURISM INDIA PVT LTD","ASPIRE TOURISM INDIA PVT LTD"
"Aug 15, 2024 9:20 AM","TJ105797345651","AIR","Credit Line","Refund","","1936.8","","","386700","0","Success","Utilisation Adjustment","25244","","5397509785","","","0","0","0","TJ105797345651","TJA40100566986","31061288","31061288","Aug 15, 2024 9:20 AM","","","ASPIRE TOURISM INDIA PVT LTD","ASPIRE TOURISM INDIA PVT LTD"
"Aug 15, 2024 9:20 AM","TJ105797345651","AIR","Deposit","Refund","","23307.2","","","40999.95","","Success","Topup","25244","","7115856176","","","0","0","0","TJ105797345651","TJA40100566986","31061288","31061288","","","","ASPIRE TOURISM INDIA PVT LTD","ASPIRE TOURISM INDIA PVT LTD"
"Aug 15, 2024 9:20 AM","TJ105797345651","AIR","Deposit","Commission","968.4","","-968.4","","40031.55","","Success","","​-","","1475110966","","","0","0","0","TJ105797345651","TJA40100566986","31061288","31061288","","","","ASPIRE TOURISM INDIA PVT LTD","ASPIRE TOURISM INDIA PVT LTD"
"Aug 15, 2024 9:22 AM","TJ105699919663","AIR","Netbanking","Refund","","1038","","","0","","Success","","​-","","5830581418","Original Merchant Txn Id: 4400200947348; Merchant Txn Id: 9900203058860","","0","0","0","TJ105699919663","TJA34100567054","31061288","31061288","","","","ASPIRE TOURISM INDIA PVT LTD","ASPIRE TOURISM INDIA PVT LTD"
"Aug 15, 2024 9:22 AM","TJ105699919663","AIR","Deposit","Commission","42.28","","-44.51","","39989.27","","Success","","​-","","2777745516","","","0","0","-2.23","TJ105699919663","TJA34100567054","31061288","31061288","","","","ASPIRE TOURISM INDIA PVT LTD","ASPIRE TOURISM INDIA PVT LTD"
"Aug 16, 2024 8:09 PM","TJ1002100722863","AIR","Deposit","Paid For Order","6038","","","","33951.27","","Success","","6038","","9964610150","","","0","800","0","TJ1002100722863","","31061288","31061288","","","","ASPIRE TOURISM INDIA PVT LTD","ASPIRE TOURISM INDIA PVT LTD"
"Aug 16, 2024 8:09 PM","TJ1002100722863","AIR","Deposit","Commission","","61.39","64.62","","34012.66","","Success","Topup","61.39","","1366558732","","","0","0","3.23","TJ1002100722863","","31061288","31061288","","","","ASPIRE TOURISM INDIA PVT LTD","ASPIRE TOURISM INDIA PVT LTD"
"Aug 17, 2024 1:52 PM","TJ1123100781128","AIR","Deposit","Paid For Order","22735","","","","11277.66","","Success","","22735","","7320373798","","","0","1000","0","TJ1123100781128","","31061288","31061288","","","","ASPIRE TOURISM INDIA PVT LTD","ASPIRE TOURISM INDIA PVT LTD"
"Aug 17, 2024 1:52 PM","TJ1123100781128","AIR","Deposit","Commission","","327.39","344.62","","11605.05","","Success","Topup","327.39","","7688249300","","","0","0","17.23","TJ1123100781128","","31061288","31061288","","","","ASPIRE TOURISM INDIA PVT LTD","ASPIRE TOURISM INDIA PVT LTD"
"Aug 17, 2024 5:15 PM","TJ1141100800118","AIR","Credit Line","Paid For Order","20480.95","","","","366219.05","20480.95","Success","","32086","","1832115710","","","0","2000","0","TJ1141100800118","","31061288","31061288","Aug 17, 2024 5:15 PM","","","ASPIRE TOURISM INDIA PVT LTD","ASPIRE TOURISM INDIA PVT LTD"
"Aug 17, 2024 5:15 PM","TJ1141100800118","AIR","Deposit","Paid For Order","11605.05","","","","0","","Success","","32086","","8523000752","","","0","0","0","TJ1141100800118","","31061288","31061288","","","","ASPIRE TOURISM INDIA PVT LTD","ASPIRE TOURISM INDIA PVT LTD"
"Aug 17, 2024 5:15 PM","TJ1141100800118","AIR","Credit Line","Commission","","1271.1","1338","","367490.15","19209.85","Success","Utilisation Adjustment","​-","","7211006208","","","0","0","66.9","TJ1141100800118","","31061288","31061288","Aug 17, 2024 5:15 PM","","","ASPIRE TOURISM INDIA PVT LTD","ASPIRE TOURISM INDIA PVT LTD"
"Aug 17, 2024 5:23 PM","TJ1163100801347","AIR","Credit Line","Paid For Order","12462","","","","355028.15","31671.85","Success","","12462","","7857204577","","","0","2000","0","TJ1163100801347","","31061288","31061288","Aug 17, 2024 5:23 PM","","","ASPIRE TOURISM INDIA PVT LTD","ASPIRE TOURISM INDIA PVT LTD"
"Aug 17, 2024 5:23 PM","TJ1163100801347","AIR","Credit Line","Commission","","285","300","","355313.15","31386.85","Success","Utilisation Adjustment","​-","","6411515115","","","0","0","15","TJ1163100801347","","31061288","31061288","Aug 17, 2024 5:23 PM","","","ASPIRE TOURISM INDIA PVT LTD","ASPIRE TOURISM INDIA PVT LTD"
"Aug 17, 2024 5:29 PM","TJ1152100801908","AIR","Credit Line","Paid For Order","36798","","","","318515.15","68184.85","Success","","36798","","0390861425","","","0","2000","0","TJ1152100801908","","31061288","31061288","Aug 17, 2024 5:29 PM","","","ASPIRE TOURISM INDIA PVT LTD","ASPIRE TOURISM INDIA PVT LTD"
"Aug 17, 2024 5:29 PM","TJ1152100801908","AIR","Credit Line","Commission","","1505.58","1584.82","","320020.73","66679.27","Success","Utilisation Adjustment","​-","","7733793072","","","0","0","79.24","TJ1152100801908","","31061288","31061288","Aug 17, 2024 5:29 PM","","","ASPIRE TOURISM INDIA PVT LTD","ASPIRE TOURISM INDIA PVT LTD"
"Aug 19, 2024 9:42 PM","TJ1089100969448","AIR","Credit Line","Paid For Order","4769","","","","315251.73","71448.27","Success","","4769","","3321937218","","","0","0","0","TJ1089100969448","","31061288","31061288","Aug 19, 2024 9:42 PM","","","ASPIRE TOURISM INDIA PVT LTD","ASPIRE TOURISM INDIA PVT LTD"
"Aug 19, 2024 9:42 PM","TJ1089100969448","AIR","Credit Line","Commission","","47.37","49.86","","315299.1","71400.9","Success","Utilisation Adjustment","​-","","2085682498","","","0","0","2.49","TJ1089100969448","","31061288","31061288","Aug 19, 2024 9:42 PM","","","ASPIRE TOURISM INDIA PVT LTD","ASPIRE TOURISM INDIA PVT LTD"
"Aug 20, 2024 3:07 PM","TJ108999465687","AIR","Credit Line","Refund","","2277","","660904413221","317576.1","69123.9","Success","Bill Settle","2277","","9620620569","","","0","0","0","TJ108999465687","TJA99101019782","31061288","31061288","Aug 20, 2024 3:07 PM","","","ASPIRE TOURISM INDIA PVT LTD","ASPIRE TOURISM INDIA PVT LTD"
"Aug 20, 2024 3:07 PM","TJ108999465687","AIR","Credit Line","Commission","29.49","","-31.04","","317546.61","69153.39","Success","","​-","","3855112663","","","0","0","-1.55","TJ108999465687","TJA99101019782","31061288","31061288","Aug 20, 2024 3:07 PM","","","ASPIRE TOURISM INDIA PVT LTD","ASPIRE TOURISM INDIA PVT LTD"
"Aug 20, 2024 3:37 PM","TJ1144101022202","AIR","Credit Line","Paid For Order","11621.09","","","","305925.52","80774.48","Success","","11621.09","","1887352843","","","0","0","0","TJ1144101022202","","31061288","31061288","Aug 20, 2024 3:37 PM","","","ASPIRE TOURISM INDIA PVT LTD","ASPIRE TOURISM INDIA PVT LTD"
"Aug 20, 2024 3:53 PM","TJ2086101024164","HOTEL","Credit Line","Paid For Order","5293.03","","","","300632.49","86067.51","Success","","5293.03","","6331210251","","","0","0","0","TJ2086101024164","","31061288","31061288","Aug 20, 2024 3:53 PM","","","ASPIRE TOURISM INDIA PVT LTD","ASPIRE TOURISM INDIA PVT LTD"
"Aug 20, 2024 8:10 PM","TJ1002100722863","AIR","Credit Line","Paid For Amendment","750","","","","299882.49","86817.51","Success","","​-","","0059779120","","","0","0","0","TJ1002100722863","TJA20101051193","31061288","31061288","Aug 20, 2024 8:10 PM","","","ASPIRE TOURISM INDIA PVT LTD","ASPIRE TOURISM INDIA PVT LTD"
"Aug 21, 2024 3:01 PM","3097101109914","WALLET_TOPUP","Credit Line","Topup","","64402.27","","660904413221","364284.76","22415.24","Success","Bill Settle","64403","","8780213947","Paid using: hdfc_ccavenue; Payment Fee: 15.00; Merchant Txn Id: 113427002548","","0","0","0","3097101109914","","31061288","31061288","Aug 21, 2024 3:01 PM","","","ASPIRE TOURISM INDIA PVT LTD","ASPIRE TOURISM INDIA PVT LTD"
"Aug 21, 2024 3:01 PM","3097101109914","WALLET_TOPUP","Credit Line","Topup","","0.73","","","364285.49","22414.51","Success","Utilisation Adjustment","64403","","6859803403","Paid using: hdfc_ccavenue; Payment Fee: 15.00; Merchant Txn Id: 113427002548","","0","0","0","3097101109914","","31061288","31061288","Aug 21, 2024 3:01 PM","","","ASPIRE TOURISM INDIA PVT LTD","ASPIRE TOURISM INDIA PVT LTD"
"Aug 21, 2024 3:15 PM","TJ2041101109216","HOTEL","Credit Line","Paid For Order","26229.45","","","","338056.04","48643.96","Success","","26229.42","","9261117100","","","0","0","0","TJ2041101109216","","31061288","31061288","Aug 21, 2024 3:15 PM","","","ASPIRE TOURISM INDIA PVT LTD","ASPIRE TOURISM INDIA PVT LTD"
"Aug 21, 2024 5:45 PM","TJ2067101124884","HOTEL","Credit Line","Paid For Order","29232.24","","","","308823.8","77876.2","Success","","29232.24","","2909694243","","","0","0","0","TJ2067101124884","","31061288","31061288","Aug 21, 2024 5:45 PM","","","ASPIRE TOURISM INDIA PVT LTD","ASPIRE TOURISM INDIA PVT LTD"
"Aug 23, 2024 8:43 AM","TJ1161101245840","AIR","Credit Line","Paid For Order","50258","","","","258565.8","128134.2","Success","","50258","","4378962241","","","0","9200","0","TJ1161101245840","","31061288","31061288","Aug 23, 2024 8:43 AM","","","ASPIRE TOURISM INDIA PVT LTD","ASPIRE TOURISM INDIA PVT LTD"
"Aug 23, 2024 8:43 AM","TJ1161101245840","AIR","Credit Line","Commission","","760","800","","259325.8","127374.2","Success","Utilisation Adjustment","​-","","4359403179","","","0","0","40","TJ1161101245840","","31061288","31061288","Aug 23, 2024 8:43 AM","","","ASPIRE TOURISM INDIA PVT LTD","ASPIRE TOURISM INDIA PVT LTD"
"Aug 23, 2024 3:19 PM","TJ1066101281089","AIR","Credit Line","Paid For Order","44763","","","","214562.8","172137.2","Success","","44763","","4303031750","","","0","6000","0","TJ1066101281089","","31061288","31061288","Aug 23, 2024 3:19 PM","","","ASPIRE TOURISM INDIA PVT LTD","ASPIRE TOURISM INDIA PVT LTD"
"Aug 23, 2024 3:19 PM","TJ1066101281089","AIR","Credit Line","Commission","","1646.04","1732.68","","216208.84","170491.16","Success","Utilisation Adjustment","​-","","4088548574","","","0","0","86.64","TJ1066101281089","","31061288","31061288","Aug 23, 2024 3:19 PM","","","ASPIRE TOURISM INDIA PVT LTD","ASPIRE TOURISM INDIA PVT LTD"
"Aug 23, 2024 7:35 PM","3019101306080","WALLET_TOPUP","Credit Line","Topup","","44763","","","260971.84","125728.16","Success","Utilisation Adjustment","44763","","4343766108","Paid using: hdfc_ccavenue; Payment Fee: 15.00; Merchant Txn Id: 113430261836","","0","0","0","3019101306080","","31061288","31061288","Aug 23, 2024 7:35 PM","","","ASPIRE TOURISM INDIA PVT LTD","ASPIRE TOURISM INDIA PVT LTD"
"Aug 24, 2024 8:46 AM","TJ1164101326584","AIR","Credit Line","Paid For Order","25030.88","","","","235940.96","150759.04","Success","","25030.88","","1946058928","","","0","4500","0","TJ1164101326584","","31061288","31061288","Aug 24, 2024 8:46 AM","","","ASPIRE TOURISM INDIA PVT LTD","ASPIRE TOURISM INDIA PVT LTD"
"Aug 26, 2024 4:53 PM","TJ1117101496816","AIR","Credit Line","Paid For Order","25091.06","","","","210849.9","175850.1","Success","","25091.06","","1661426190","","","0","5500","0","TJ1117101496816","","31061288","31061288","Aug 26, 2024 4:53 PM","","","ASPIRE TOURISM INDIA PVT LTD","ASPIRE TOURISM INDIA PVT LTD"
"Aug 27, 2024 2:01 PM","TJ1078101561042","AIR","Credit Line","Paid For Order","4087","","","","206762.9","179937.1","Success","","4087","","7212104477","","","0","500","0","TJ1078101561042","","31061288","31061288","Aug 27, 2024 2:01 PM","","","ASPIRE TOURISM INDIA PVT LTD","ASPIRE TOURISM INDIA PVT LTD"
"Aug 27, 2024 2:01 PM","TJ1078101561042","AIR","Credit Line","Commission","","39.1","41.160000000000004","","206802","179898","Success","Utilisation Adjustment","​-","","5509919014","","","0","0","2.06","TJ1078101561042","","31061288","31061288","Aug 27, 2024 2:01 PM","","","ASPIRE TOURISM INDIA PVT LTD","ASPIRE TOURISM INDIA PVT LTD"
"Aug 29, 2024 1:01 PM","3028101739690","WALLET_TOPUP","Credit Line","Topup","","126834","","936010444033","333636","53064","Success","Bill Settle","126834","","4647155660","Paid using: hdfc_ccavenue; Payment Fee: 15.00; Merchant Txn Id: 113437579990","","0","0","0","3028101739690","","31061288","31061288","Aug 29, 2024 1:01 PM","","","ASPIRE TOURISM INDIA PVT LTD","ASPIRE TOURISM INDIA PVT LTD"
"Aug 29, 2024 2:14 PM","3054101748574","WALLET_TOPUP","Credit Line","Topup","","23925.04","","936010444033","357561.04","29138.96","Success","Bill Settle","24000","","4341041587","Paid using: Payphi; Payment Fee: 0.00; Merchant Txn Id: 4400207358021","","0","0","0","3054101748574","","31061288","31061288","Aug 29, 2024 2:14 PM","","","ASPIRE TOURISM INDIA PVT LTD","ASPIRE TOURISM INDIA PVT LTD"
"Aug 29, 2024 2:14 PM","3054101748574","WALLET_TOPUP","Credit Line","Topup","","74.96","","","357636","29064","Success","Utilisation Adjustment","24000","","5427878597","Paid using: Payphi; Payment Fee: 0.00; Merchant Txn Id: 4400207358021","","0","0","0","3054101748574","","31061288","31061288","Aug 29, 2024 2:14 PM","","","ASPIRE TOURISM INDIA PVT LTD","ASPIRE TOURISM INDIA PVT LTD"
"Aug 29, 2024 2:56 PM","TJ1135101749213","AIR","Credit Line","Paid For Order","129905","","","","227731","158969","Success","","129905","","2283062201","","","0","10000","0","TJ1135101749213","","31061288","31061288","Aug 29, 2024 2:56 PM","","","ASPIRE TOURISM INDIA PVT LTD","ASPIRE TOURISM INDIA PVT LTD"
"Aug 29, 2024 2:56 PM","TJ1135101749213","AIR","Credit Line","Commission","","3092.25","3255","","230823.25","155876.75","Success","Utilisation Adjustment","​-","","3445428143","","","0","0","162.75","TJ1135101749213","","31061288","31061288","Aug 29, 2024 2:56 PM","","","ASPIRE TOURISM INDIA PVT LTD","ASPIRE TOURISM INDIA PVT LTD"
"Sep 3, 2024 12:26 PM","TJ1006102152067","AIR","Credit Line","Paid For Order","48708","","","","182115.25","204584.75","Success","","48708","","4932874802","","","0","0","0","TJ1006102152067","","31061288","31061288","Sep 3, 2024 12:26 PM","","","ASPIRE TOURISM INDIA PVT LTD","ASPIRE TOURISM INDIA PVT LTD"
"Sep 3, 2024 12:26 PM","TJ1006102152067","AIR","Credit Line","Commission","","454.05","477.90000000000003","","182569.3","204130.7","Success","Utilisation Adjustment","​-","","7329088280","","","0","0","23.85","TJ1006102152067","","31061288","31061288","Sep 3, 2024 12:26 PM","","","ASPIRE TOURISM INDIA PVT LTD","ASPIRE TOURISM INDIA PVT LTD"
"Sep 5, 2024 12:22 PM","3039102358649","WALLET_TOPUP","Credit Line","Topup","","65877","","202752108077","248446.3","138253.7","Success","Bill Settle","65877","","7409247580","Paid using: hdfc_ccavenue; Payment Fee: 15.00; Merchant Txn Id: 113448082818","","0","0","0","3039102358649","","31061288","31061288","Sep 5, 2024 12:22 PM","","","ASPIRE TOURISM INDIA PVT LTD","ASPIRE TOURISM INDIA PVT LTD"
"Sep 5, 2024 12:31 PM","3034102358899","WALLET_TOPUP","Credit Line","Topup","","89999.75","","202752108077","338446.05","48253.95","Success","Bill Settle","90000","","0489750644","Paid using: Payphi; Payment Fee: 0.00; Merchant Txn Id: 2200209513180","Updated By Automated Job","0","0","0","3034102358899","","31061288","31061288","Sep 5, 2024 12:31 PM","","","ASPIRE TOURISM INDIA PVT LTD","ASPIRE TOURISM INDIA PVT LTD"
"Sep 5, 2024 12:31 PM","3034102358899","WALLET_TOPUP","Credit Line","Topup","","0.25","","","338446.3","48253.7","Success","Utilisation Adjustment","90000","","0948136788","Paid using: Payphi; Payment Fee: 0.00; Merchant Txn Id: 2200209513180","Updated By Automated Job","0","0","0","3034102358899","","31061288","31061288","Sep 5, 2024 12:31 PM","","","ASPIRE TOURISM INDIA PVT LTD","ASPIRE TOURISM INDIA PVT LTD"
"Sep 5, 2024 1:28 PM","TJ1101102364874","AIR","Credit Line","Paid For Order","217665","","","","120781.3","265918.7","Success","","217665","","3197561410","","","0","0","0","TJ1101102364874","","31061288","31061288","Sep 5, 2024 1:28 PM","","","ASPIRE TOURISM INDIA PVT LTD","ASPIRE TOURISM INDIA PVT LTD"
"Sep 5, 2024 2:58 PM","002595549766","NA","Credit Line","Temporary Limit Change","","200000","","","320781.3","265918.7","Success","","​-","","0314356354","CLR259694-Balu G,S Karthikeyan(51051718)-Aamir Patni-Limit","","0","0","0","002595549766","","853719","31061288","Sep 5, 2024 2:58 PM","","","Lahu Tikode","ASPIRE TOURISM INDIA PVT LTD"
"Sep 5, 2024 3:20 PM","TJ1190102377384","AIR","Credit Line","Paid For Order","24185","","","","296596.3","290103.7","Success","","24185","","2245594986","","","0","1000","0","TJ1190102377384","","31061288","31061288","Sep 5, 2024 3:20 PM","","","ASPIRE TOURISM INDIA PVT LTD","ASPIRE TOURISM INDIA PVT LTD"
"Sep 6, 2024 4:32 PM","TJ1104102485102","AIR","Credit Line","Paid For Order","69570","","","","227026.3","359673.7","Success","","69570","","8196427077","","","0","600","0","TJ1104102485102","","31061288","31061288","Sep 6, 2024 4:32 PM","","","ASPIRE TOURISM INDIA PVT LTD","ASPIRE TOURISM INDIA PVT LTD"
"Sep 6, 2024 4:32 PM","TJ1104102485102","AIR","Credit Line","Commission","","1635.51","1721.59","","228661.81","358038.19","Success","Utilisation Adjustment","​-","","0194738664","","","0","0","86.08","TJ1104102485102","","31061288","31061288","Sep 6, 2024 4:32 PM","","","ASPIRE TOURISM INDIA PVT LTD","ASPIRE TOURISM INDIA PVT LTD"
"Sep 6, 2024 6:26 PM","TJ1067102498189","AIR","Credit Line","Paid For Order","9677","","","","218984.81","367715.19","Success","","9677","","8551418207","","","0","600","0","TJ1067102498189","","31061288","31061288","Sep 6, 2024 6:26 PM","","","ASPIRE TOURISM INDIA PVT LTD","ASPIRE TOURISM INDIA PVT LTD"
"Sep 6, 2024 6:26 PM","TJ1067102498189","AIR","Credit Line","Commission","","102.94","108.36","","219087.75","367612.25","Success","Utilisation Adjustment","​-","","1545182532","","","0","0","5.42","TJ1067102498189","","31061288","31061288","Sep 6, 2024 6:26 PM","","","ASPIRE TOURISM INDIA PVT LTD","ASPIRE TOURISM INDIA PVT LTD"
"Sep 6, 2024 10:05 PM","TJ1088102517349","AIR","Credit Line","Paid For Order","75044","","","","144043.75","442656.25","Success","","75044","","6248478360","","","0","0","0","TJ1088102517349","","31061288","31061288","Sep 6, 2024 10:05 PM","","","ASPIRE TOURISM INDIA PVT LTD","ASPIRE TOURISM INDIA PVT LTD"
"Sep 6, 2024 10:05 PM","TJ1088102517349","AIR","Credit Line","Commission","","504.8","531.36","","144548.55","442151.45","Success","Utilisation Adjustment","​-","","1626536434","","","0","0","26.56","TJ1088102517349","","31061288","31061288","Sep 6, 2024 10:05 PM","","","ASPIRE TOURISM INDIA PVT LTD","ASPIRE TOURISM INDIA PVT LTD"
"Sep 9, 2024 11:57 AM","TJ1032102693570","AIR","Credit Line","Paid For Order","8834","","","","135714.55","450985.45","Success","","8834","","6351792555","","","0","0","0","TJ1032102693570","","31061288","31061288","Sep 9, 2024 11:57 AM","","","ASPIRE TOURISM INDIA PVT LTD","ASPIRE TOURISM INDIA PVT LTD"
"Sep 9, 2024 11:57 AM","TJ1032102693570","AIR","Credit Line","Commission","","92.2","97.05","","135806.75","450893.25","Success","Utilisation Adjustment","​-","","5199421551","","","0","0","4.85","TJ1032102693570","","31061288","31061288","Sep 9, 2024 11:57 AM","","","ASPIRE TOURISM INDIA PVT LTD","ASPIRE TOURISM INDIA PVT LTD"
"Sep 9, 2024 1:13 PM","TJ1198102702985","AIR","Credit Line","Paid For Order","36267","","","","99539.75","487160.25","Success","","36267","","8887127050","","","0","13000","0","TJ1198102702985","","31061288","31061288","Sep 9, 2024 1:13 PM","","","ASPIRE TOURISM INDIA PVT LTD","ASPIRE TOURISM INDIA PVT LTD"
"Sep 9, 2024 3:27 PM","TJ1106102719971","AIR","Credit Line","Paid For Order","19860","","","","79679.75","507020.25","Success","","19860","","2370327213","","","0","0","0","TJ1106102719971","","31061288","31061288","Sep 9, 2024 3:27 PM","","","ASPIRE TOURISM INDIA PVT LTD","ASPIRE TOURISM INDIA PVT LTD"
"Sep 9, 2024 3:27 PM","TJ1106102719971","AIR","Credit Line","Commission","","146.77","154.49","","79826.52","506873.48","Success","Utilisation Adjustment","​-","","1376921482","","","0","0","7.72","TJ1106102719971","","31061288","31061288","Sep 9, 2024 3:27 PM","","","ASPIRE TOURISM INDIA PVT LTD","ASPIRE TOURISM INDIA PVT LTD"
"Sep 10, 2024 2:56 PM","TJ1066101281089","AIR","Credit Line","Paid For Amendment","500","","","","79326.52","507373.48","Success","","​-","","8114496475","","","0","0","0","TJ1066101281089","TJA02102825816","31061288","31061288","Sep 10, 2024 2:56 PM","","","ASPIRE TOURISM INDIA PVT LTD","ASPIRE TOURISM INDIA PVT LTD"
"Sep 10, 2024 2:56 PM","TJ1066101281089","AIR","Credit Line","Paid For Amendment","500","","","","78826.52","507873.48","Success","","​-","","0178242825","","","0","0","0","TJ1066101281089","TJA33102825873","31061288","31061288","Sep 10, 2024 2:56 PM","","","ASPIRE TOURISM INDIA PVT LTD","ASPIRE TOURISM INDIA PVT LTD"
"Sep 10, 2024 3:52 PM","TJ109097809159","AIR","Credit Line","Paid For Amendment","560","","","","78266.52","508433.48","Success","","​-","","1751210307","","","0","0","0","TJ109097809159","TJA23102832289","31061288","31061288","Sep 10, 2024 3:52 PM","","","ASPIRE TOURISM INDIA PVT LTD","ASPIRE TOURISM INDIA PVT LTD"
"Sep 10, 2024 3:52 PM","TJ109097809159","AIR","Credit Line","Reverse","","560","","548910677962","78826.52","507873.48","Success","Bill Settle","560","","0025941596","","","0","0","0","TJ109097809159","TJA23102832289","31061288","31061288","Sep 10, 2024 3:52 PM","","","ASPIRE TOURISM INDIA PVT LTD","ASPIRE TOURISM INDIA PVT LTD"
"Sep 10, 2024 3:52 PM","TJ109097809159","AIR","Credit Line","Paid For Amendment","175","","","","78651.52","508048.48","Success","","​-","","1751888439","","","0","0","0","TJ109097809159","TJA49102832292","31061288","31061288","Sep 10, 2024 3:52 PM","","","ASPIRE TOURISM INDIA PVT LTD","ASPIRE TOURISM INDIA PVT LTD"
"Sep 10, 2024 5:15 PM","TJ109097809159","AIR","Credit Line","Paid For Amendment","560","","","","78091.52","508608.48","Success","","​-","","5646768210","","","0","0","0","TJ109097809159","TJA86102841624","31061288","31061288","Sep 10, 2024 5:15 PM","","","ASPIRE TOURISM INDIA PVT LTD","ASPIRE TOURISM INDIA PVT LTD"
"Sep 10, 2024 5:15 PM","TJ109097809159","AIR","Credit Line","Reverse","","560","","548910677962","78651.52","508048.48","Success","Bill Settle","560","","8851921443","","","0","0","0","TJ109097809159","TJA86102841624","31061288","31061288","Sep 10, 2024 5:15 PM","","","ASPIRE TOURISM INDIA PVT LTD","ASPIRE TOURISM INDIA PVT LTD"
"Sep 10, 2024 5:39 PM","TJ109097809159","AIR","Credit Line","Paid For Amendment","560","","","","78091.52","508608.48","Success","","​-","","2928567412","","","0","0","0","TJ109097809159","TJA70102844170","31061288","31061288","Sep 10, 2024 5:39 PM","","","ASPIRE TOURISM INDIA PVT LTD","ASPIRE TOURISM INDIA PVT LTD"
"Sep 10, 2024 5:39 PM","TJ109097809159","AIR","Credit Line","Reverse","","560","","548910677962","78651.52","508048.48","Success","Bill Settle","560","","1512827173","","","0","0","0","TJ109097809159","TJA70102844170","31061288","31061288","Sep 10, 2024 5:39 PM","","","ASPIRE TOURISM INDIA PVT LTD","ASPIRE TOURISM INDIA PVT LTD"
"Sep 11, 2024 12:08 PM","005928782638","NA","Credit Line","Temporary Limit Change","200000","","","","-121348.48","508048.48","Success","","​-","","8452040099","","","0","0","0","005928782638","","","31061288","Sep 11, 2024 12:08 PM","","","","ASPIRE TOURISM INDIA PVT LTD"
"Sep 11, 2024 1:51 PM","TJ1057102920897","AIR","Netbanking","Paid For Order","6830","","","","0","","Success","","6830","","3795351326","Paid using: Payphi; Payment Fee: 0.00; Merchant Txn Id: 4400211458468","","0","0","0","TJ1057102920897","","31061288","31061288","","","","ASPIRE TOURISM INDIA PVT LTD","ASPIRE TOURISM INDIA PVT LTD"
"Sep 11, 2024 1:51 PM","TJ1057102920897","AIR","Credit Line","Commission","","70.91","74.64","","-121277.57","507977.57","Success","Utilisation Adjustment","70.91","","6054511770","","","0","0","3.73","TJ1057102920897","","31061288","31061288","Sep 11, 2024 1:51 PM","","","ASPIRE TOURISM INDIA PVT LTD","ASPIRE TOURISM INDIA PVT LTD"
"Sep 11, 2024 5:38 PM","3030102948880","WALLET_TOPUP","Credit Line","Topup","","110000","","548910677962","-11277.57","397977.57","Success","Bill Settle","110000","","0083279511","Paid using: hdfc_ccavenue; Payment Fee: 15.00; Merchant Txn Id: 113457366723","","0","0","0","3030102948880","","31061288","31061288","Sep 11, 2024 5:38 PM","","","ASPIRE TOURISM INDIA PVT LTD","ASPIRE TOURISM INDIA PVT LTD"
"Sep 12, 2024 11:37 AM","TJ1022103001798","AIR","Netbanking","Paid For Order","16258","","","","0","","Success","","16258","","7152084548","Paid using: Payphi; Payment Fee: 0.00; Merchant Txn Id: 4400211707013","","0","0","0","TJ1022103001798","","31061288","31061288","","","","ASPIRE TOURISM INDIA PVT LTD","ASPIRE TOURISM INDIA PVT LTD"
"Sep 12, 2024 11:37 AM","TJ1022103001798","AIR","Credit Line","Commission","","171.5","180.52","","-11106.07","397806.07","Success","Utilisation Adjustment","171.5","","9670565118","","","0","0","9.02","TJ1022103001798","","31061288","31061288","Sep 12, 2024 11:37 AM","","","ASPIRE TOURISM INDIA PVT LTD","ASPIRE TOURISM INDIA PVT LTD"
"Sep 13, 2024 2:49 PM","3005103121993","WALLET_TOPUP","Credit Line","Topup","","70500","","548910677962","59393.93","327306.07","Success","Bill Settle","70500","","8433007699","Paid using: hdfc_ccavenue; Payment Fee: 15.00; Merchant Txn Id: 113460290581","","0","0","0","3005103121993","","31061288","31061288","Sep 13, 2024 2:49 PM","","","ASPIRE TOURISM INDIA PVT LTD","ASPIRE TOURISM INDIA PVT LTD"
"Sep 14, 2024 9:36 AM","TJ1045103185771","AIR","Netbanking","Paid For Order","29928","","","","0","","Success","","29928","","6865243860","Paid using: Payphi; Payment Fee: 0.00; Merchant Txn Id: 4400212296614","","0","0","0","TJ1045103185771","","31061288","31061288","","","","ASPIRE TOURISM INDIA PVT LTD","ASPIRE TOURISM INDIA PVT LTD"
"Sep 14, 2024 9:36 AM","TJ1045103185771","AIR","Credit Line","Commission","","321.35","338.26000000000005","","59715.28","326984.72","Success","Utilisation Adjustment","321.35","","4603907078","","","0","0","16.91","TJ1045103185771","","31061288","31061288","Sep 14, 2024 9:36 AM","","","ASPIRE TOURISM INDIA PVT LTD","ASPIRE TOURISM INDIA PVT LTD"
"Sep 14, 2024 7:36 PM","3023103248093","WALLET_TOPUP","Netbanking","Topup","90215","","","","0","","Failure","","90200","","2287277177","Payment Failed. Paid using: hdfc_ccavenue; Payment Fee: 15.00; Failure reason: ","","15","0","0","3023103248093","","31061288","31061288","","","","ASPIRE TOURISM INDIA PVT LTD","ASPIRE TOURISM INDIA PVT LTD"
"Sep 14, 2024 7:37 PM","3034103248290","WALLET_TOPUP","Netbanking","Topup","90215","","","","0","","Failure","","90200","","0016506405","Payment Failed. Paid using: hdfc_ccavenue; Payment Fee: 15.00; Failure reason: ","","15","0","0","3034103248290","","31061288","31061288","","","","ASPIRE TOURISM INDIA PVT LTD","ASPIRE TOURISM INDIA PVT LTD"
"Sep 14, 2024 7:40 PM","3058103248416","WALLET_TOPUP","Netbanking","Topup","90215","","","","0","","Failure","","90200","","3578266683","Payment Failed. Paid using: hdfc_ccavenue; Payment Fee: 15.00; Failure reason: ","","15","0","0","3058103248416","","31061288","31061288","","","","ASPIRE TOURISM INDIA PVT LTD","ASPIRE TOURISM INDIA PVT LTD"
"Sep 14, 2024 7:43 PM","3026103248734","WALLET_TOPUP","Credit Line","Topup","","50000","","548910677962","109715.28","276984.72","Success","Bill Settle","50000","","1823684426","Paid using: hdfc_ccavenue; Payment Fee: 15.00; Merchant Txn Id: 113462168087","","0","0","0","3026103248734","","31061288","31061288","Sep 14, 2024 7:43 PM","","","ASPIRE TOURISM INDIA PVT LTD","ASPIRE TOURISM INDIA PVT LTD"
"Sep 14, 2024 7:46 PM","3000103248952","WALLET_TOPUP","Netbanking","Topup","40215","","","","0","","Failure","","40200","","1388204606","Payment Failed. Paid using: hdfc_ccavenue; Payment Fee: 15.00; Failure reason: ","","15","0","0","3000103248952","","31061288","31061288","","","","ASPIRE TOURISM INDIA PVT LTD","ASPIRE TOURISM INDIA PVT LTD"
"Sep 14, 2024 7:47 PM","3027103249126","WALLET_TOPUP","Netbanking","Topup","40215","","","","0","","Failure","","40200","","4580589408","Payment Failed. Paid using: hdfc_ccavenue; Payment Fee: 15.00; Failure reason: ","","15","0","0","3027103249126","","31061288","31061288","","","","ASPIRE TOURISM INDIA PVT LTD","ASPIRE TOURISM INDIA PVT LTD"
"Sep 14, 2024 7:49 PM","3025103249268","WALLET_TOPUP","Credit Line","Topup","","50000","","548910677962","159715.28","226984.72","Success","Bill Settle","50000","","8650367846","Paid using: hdfc_ccavenue; Payment Fee: 15.00; Merchant Txn Id: 113462176010","","0","0","0","3025103249268","","31061288","31061288","Sep 14, 2024 7:49 PM","","","ASPIRE TOURISM INDIA PVT LTD","ASPIRE TOURISM INDIA PVT LTD"
"Sep 14, 2024 7:52 PM","3031103249449","WALLET_TOPUP","Credit Line","Topup","","22000","","548910677962","181715.28","204984.72","Success","Bill Settle","22000","","7436695280","Paid using: hdfc_ccavenue; Payment Fee: 15.00; Merchant Txn Id: 113462179216","","0","0","0","3031103249449","","31061288","31061288","Sep 14, 2024 7:52 PM","","","ASPIRE TOURISM INDIA PVT LTD","ASPIRE TOURISM INDIA PVT LTD"
"Sep 16, 2024 4:00 PM","TJ1177103373656","AIR","Netbanking","Paid For Order","10218","","","","0","","Success","","10218","","9984740894","Paid using: Payphi; Payment Fee: 0.00; Merchant Txn Id: 4400213125818","","0","0","0","TJ1177103373656","","31061288","31061288","","","","ASPIRE TOURISM INDIA PVT LTD","ASPIRE TOURISM INDIA PVT LTD"
"Sep 16, 2024 5:13 PM","3003103380555","WALLET_TOPUP","Credit Line","Topup","","39564","","548910677962","221279.28","165420.72","Success","Bill Settle","39564","","1570452426","Paid using: hdfc_ccavenue; Payment Fee: 15.00; Merchant Txn Id: 113464297683","","0","0","0","3003103380555","","31061288","31061288","Sep 16, 2024 5:13 PM","","","ASPIRE TOURISM INDIA PVT LTD","ASPIRE TOURISM INDIA PVT LTD"
"Sep 16, 2024 5:16 PM","3001103380881","WALLET_TOPUP","Credit Line","Topup","","98407.45","","548910677962","319686.73","67013.27","Success","Bill Settle","165420.72","","9955760017","Paid using: hdfc_ccavenue; Payment Fee: 15.00; Merchant Txn Id: 113464302700","","0","0","0","3001103380881","","31061288","31061288","Sep 16, 2024 5:16 PM","","","ASPIRE TOURISM INDIA PVT LTD","ASPIRE TOURISM INDIA PVT LTD"
"Sep 16, 2024 5:16 PM","3001103380881","WALLET_TOPUP","Credit Line","Topup","","67013.27","","542111592537","386700","0","Success","Bill Settle","165420.72","","2746866393","Paid using: hdfc_ccavenue; Payment Fee: 15.00; Merchant Txn Id: 113464302700","","0","0","0","3001103380881","","31061288","31061288","Sep 16, 2024 5:16 PM","","","ASPIRE TOURISM INDIA PVT LTD","ASPIRE TOURISM INDIA PVT LTD"
"Sep 16, 2024 7:01 PM","TJ1059103390361","AIR","Credit Line","Paid For Order","23450","","","","363250","23450","Success","","23450","","9299059740","","","0","0","0","TJ1059103390361","","31061288","31061288","Sep 16, 2024 7:01 PM","","","ASPIRE TOURISM INDIA PVT LTD","ASPIRE TOURISM INDIA PVT LTD"
"Sep 16, 2024 7:01 PM","TJ1059103390361","AIR","Credit Line","Commission","","243.36","256.16","","363493.36","23206.64","Success","Utilisation Adjustment","​-","","5901857151","","","0","0","12.8","TJ1059103390361","","31061288","31061288","Sep 16, 2024 7:01 PM","","","ASPIRE TOURISM INDIA PVT LTD","ASPIRE TOURISM INDIA PVT LTD"
"Sep 16, 2024 7:46 PM","TJ1115103394176","AIR","Credit Line","Paid For Order","81302","","","","282191.36","104508.64","Success","","81302","","3133803608","","","0","0","0","TJ1115103394176","","31061288","31061288","Sep 16, 2024 7:46 PM","","","ASPIRE TOURISM INDIA PVT LTD","ASPIRE TOURISM INDIA PVT LTD"
"Sep 16, 2024 7:46 PM","TJ1115103394176","AIR","Credit Line","Commission","","2091.94","2202.05","","284283.3","102416.7","Success","Utilisation Adjustment","​-","","6662651589","","","0","0","110.11","TJ1115103394176","","31061288","31061288","Sep 16, 2024 7:46 PM","","","ASPIRE TOURISM INDIA PVT LTD","ASPIRE TOURISM INDIA PVT LTD"
"Sep 17, 2024 1:00 PM","TJ1105103445267","AIR","Credit Line","Paid For Order","25135","","","","259148.3","127551.7","Success","","25135","","5719387892","","","0","1650","0","TJ1105103445267","","31061288","31061288","Sep 17, 2024 1:00 PM","","","ASPIRE TOURISM INDIA PVT LTD","ASPIRE TOURISM INDIA PVT LTD"
"Sep 18, 2024 10:53 AM","TJ1050103520933","AIR","Credit Line","Paid For Order","72410","","","","186738.3","199961.7","Success","","72410","","4608156977","","","0","0","0","TJ1050103520933","","31061288","31061288","Sep 18, 2024 10:53 AM","","","ASPIRE TOURISM INDIA PVT LTD","ASPIRE TOURISM INDIA PVT LTD"
"Sep 19, 2024 1:31 PM","TJ1016103642488","AIR","Credit Line","Paid For Order","29154","","","","157584.3","229115.7","Success","","29154","","1316617547","","","0","0","0","TJ1016103642488","","31061288","31061288","Sep 19, 2024 1:31 PM","","","ASPIRE TOURISM INDIA PVT LTD","ASPIRE TOURISM INDIA PVT LTD"
"Sep 19, 2024 1:31 PM","TJ1016103642488","AIR","Credit Line","Commission","","274.64","289.09999999999997","","157858.94","228841.06","Success","Utilisation Adjustment","​-","","9989518807","","","0","0","14.46","TJ1016103642488","","31061288","31061288","Sep 19, 2024 1:31 PM","","","ASPIRE TOURISM INDIA PVT LTD","ASPIRE TOURISM INDIA PVT LTD"
"Sep 23, 2024 10:17 AM","TJ1076103975760","AIR","Credit Line","Paid For Order","56625","","","","101233.94","285466.06","Success","","56625","","0939351810","","","0","0","0","TJ1076103975760","","31061288","31061288","Sep 23, 2024 10:17 AM","","","ASPIRE TOURISM INDIA PVT LTD","ASPIRE TOURISM INDIA PVT LTD"
"Sep 23, 2024 10:17 AM","TJ1076103975760","AIR","Credit Line","Commission","","598.08","629.5500000000001","","101832.02","284867.98","Success","Utilisation Adjustment","​-","","0030915315","","","0","0","31.47","TJ1076103975760","","31061288","31061288","Sep 23, 2024 10:17 AM","","","ASPIRE TOURISM INDIA PVT LTD","ASPIRE TOURISM INDIA PVT LTD"
"Sep 23, 2024 2:02 PM","3080104003209","WALLET_TOPUP","Credit Line","Topup","","29154","","750203673545","130986.02","255713.98","Success","Bill Settle","29154","","7542507700","Paid using: Payphi; Payment Fee: 0.00; Merchant Txn Id: 4400215395740","","0","0","0","3080104003209","","","31061288","Sep 23, 2024 2:02 PM","","","","ASPIRE TOURISM INDIA PVT LTD"
"Sep 23, 2024 7:21 PM","TJ1193104040978","AIR","Credit Line","Paid For Order","45303.36","","","","85682.66","301017.34","Success","","45303.36","","8526058025","","","0","2400","0","TJ1193104040978","","31061288","31061288","Sep 23, 2024 7:21 PM","","","ASPIRE TOURISM INDIA PVT LTD","ASPIRE TOURISM INDIA PVT LTD"
"Sep 24, 2024 5:58 PM","TJ1185104135412","AIR","Credit Line","Paid For Order","78569.62","","","","7113.04","379586.96","Success","","78569.62","","5984570585","","","0","0","0","TJ1185104135412","","31061288","31061288","Sep 24, 2024 5:58 PM","","","ASPIRE TOURISM INDIA PVT LTD","ASPIRE TOURISM INDIA PVT LTD"
"Sep 25, 2024 11:30 AM","TJ1143104197778","AIR","Netbanking","Paid For Order","29700","","","","0","","Success","","29700","","1119315568","Paid using: Payphi; Payment Fee: 0.00; Merchant Txn Id: 2200216014701","","0","2800","0","TJ1143104197778","","31061288","31061288","","","","ASPIRE TOURISM INDIA PVT LTD","ASPIRE TOURISM INDIA PVT LTD"
"Sep 25, 2024 1:48 PM","TJ107898818110","AIR","Credit Line","Refund","","1509","","750203673545","8622.04","378077.96","Success","Bill Settle","1509","","0640486292","","","0","0","0","TJ107898818110","TJA89104215435","31061288","31061288","Sep 25, 2024 1:48 PM","","","ASPIRE TOURISM INDIA PVT LTD","ASPIRE TOURISM INDIA PVT LTD"
"Sep 25, 2024 1:48 PM","TJ107898818110","AIR","Credit Line","Commission","59.65","","-59.65","","8562.39","378137.61","Success","","​-","","2702539571","","","0","0","0","TJ107898818110","TJA89104215435","31061288","31061288","Sep 25, 2024 1:48 PM","","","ASPIRE TOURISM INDIA PVT LTD","ASPIRE TOURISM INDIA PVT LTD"
"Sep 25, 2024 2:08 PM","3070104217129","WALLET_TOPUP","Credit Line","Topup","","113932","","750203673545","122494.39","264205.61","Success","Bill Settle","113932","","3120310022","Paid using: hdfc_ccavenue; Payment Fee: 15.00; Merchant Txn Id: 113477412984","","0","0","0","3070104217129","","31061288","31061288","Sep 25, 2024 2:08 PM","","","ASPIRE TOURISM INDIA PVT LTD","ASPIRE TOURISM INDIA PVT LTD"
"Sep 25, 2024 2:30 PM","3071104220017","WALLET_TOPUP","Credit Line","Topup","","84246.06","","750203673545","206740.45","179959.55","Success","Bill Settle","86812","","0098649387","Paid using: hdfc_ccavenue; Payment Fee: 15.00; Merchant Txn Id: 113477450328","","0","0","0","3071104220017","","31061288","31061288","Sep 25, 2024 2:30 PM","","","ASPIRE TOURISM INDIA PVT LTD","ASPIRE TOURISM INDIA PVT LTD"
"Sep 25, 2024 2:30 PM","3071104220017","WALLET_TOPUP","Credit Line","Topup","","2565.94","","","209306.39","177393.61","Success","Utilisation Adjustment","86812","","4179431840","Paid using: hdfc_ccavenue; Payment Fee: 15.00; Merchant Txn Id: 113477450328","","0","0","0","3071104220017","","31061288","31061288","Sep 25, 2024 2:30 PM","","","ASPIRE TOURISM INDIA PVT LTD","ASPIRE TOURISM INDIA PVT LTD"
"Sep 26, 2024 1:34 PM","3015104313964","WALLET_TOPUP","Credit Line","Topup","","61743","","","271049.39","115650.61","Success","Utilisation Adjustment","61743","","4574460377","Paid using: hdfc_ccavenue; Payment Fee: 15.00; Merchant Txn Id: 113479064300","","0","0","0","3015104313964","","31061288","31061288","Sep 26, 2024 1:34 PM","","","ASPIRE TOURISM INDIA PVT LTD","ASPIRE TOURISM INDIA PVT LTD"
"Sep 26, 2024 6:55 PM","TJ118898563398","AIR","Credit Line","Refund","","5448","","","276497.39","110202.61","Success","Utilisation Adjustment","5448","","5646645035","","","0","0","0","TJ118898563398","TJA59104353359","31061288","31061288","Sep 26, 2024 6:55 PM","","","ASPIRE TOURISM INDIA PVT LTD","ASPIRE TOURISM INDIA PVT LTD"
"Sep 26, 2024 6:55 PM","TJ118898563398","AIR","Credit Line","Commission","138","","-138","","276359.39","110340.61","Success","","​-","","8394009666","","","0","0","0","TJ118898563398","TJA59104353359","31061288","31061288","Sep 26, 2024 6:55 PM","","","ASPIRE TOURISM INDIA PVT LTD","ASPIRE TOURISM INDIA PVT LTD"
"Sep 28, 2024 11:38 AM","TJ1189104493148","AIR","Credit Line","Paid For Order","115329","","","","161030.39","225669.61","Success","","115329","","0111105093","","","0","4000","0","TJ1189104493148","","31061288","31061288","Sep 28, 2024 11:38 AM","","","ASPIRE TOURISM INDIA PVT LTD","ASPIRE TOURISM INDIA PVT LTD"
"Sep 28, 2024 11:38 AM","TJ1189104493148","AIR","Credit Line","Commission","","1749.22","1841.28","","162779.61","223920.39","Success","Utilisation Adjustment","​-","","3434596879","","","0","0","92.06","TJ1189104493148","","31061288","31061288","Sep 28, 2024 11:38 AM","","","ASPIRE TOURISM INDIA PVT LTD","ASPIRE TOURISM INDIA PVT LTD"
"Sep 28, 2024 6:31 PM","TJ1072104537922","AIR","Credit Line","Paid For Order","71968","","","","90811.61","295888.39","Success","","71968","","7128255406","","","0","0","0","TJ1072104537922","","31061288","31061288","Sep 28, 2024 6:31 PM","","","ASPIRE TOURISM INDIA PVT LTD","ASPIRE TOURISM INDIA PVT LTD"
"Sep 29, 2024 10:50 AM","TJ1089104572384","AIR","Netbanking","Paid For Order","89300","","","","0","","Success","","89300","","5634045510","Paid using: Payphi; Payment Fee: 0.00; Merchant Txn Id: 4400217399927","","0","5200","0","TJ1089104572384","","31061288","31061288","","","","ASPIRE TOURISM INDIA PVT LTD","ASPIRE TOURISM INDIA PVT LTD"
"Sep 29, 2024 10:50 AM","TJ1089104572384","AIR","Credit Line","Commission","","935.56","984.76","","91747.17","294952.83","Success","Utilisation Adjustment","935.56","","1845526936","","","0","0","49.2","TJ1089104572384","","31061288","31061288","Sep 29, 2024 10:50 AM","","","ASPIRE TOURISM INDIA PVT LTD","ASPIRE TOURISM INDIA PVT LTD"
"Sep 30, 2024 12:19 PM","TJ1197104647152","AIR","Credit Line","Paid For Order","25304","","","","66443.17","320256.83","Success","","25304","","8746015614","","","0","0","0","TJ1197104647152","","31061288","31061288","Sep 30, 2024 12:19 PM","","","ASPIRE TOURISM INDIA PVT LTD","ASPIRE TOURISM INDIA PVT LTD"
"Sep 30, 2024 12:26 PM","TJ1163104648715","AIR","Credit Line","Paid For Order","5021.76","","","","61421.41","325278.59","Success","","5021.76","","8780729304","","","0","0","0","TJ1163104648715","","31061288","31061288","Sep 30, 2024 12:26 PM","","","ASPIRE TOURISM INDIA PVT LTD","ASPIRE TOURISM INDIA PVT LTD"
"Sep 30, 2024 12:31 PM","TJ1163104649417","AIR","Credit Line","Paid For Order","17147.94","","","","44273.47","342426.53","Success","","17147.94","","5771386674","","","0","0","0","TJ1163104649417","","31061288","31061288","Sep 30, 2024 12:31 PM","","","ASPIRE TOURISM INDIA PVT LTD","ASPIRE TOURISM INDIA PVT LTD"
"Oct 1, 2024 8:23 AM","TJ1027104732877","AIR","Credit Line","Paid For Order","11735","","","","32538.47","354161.53","Success","","11735","","2662319244","","","0","0","0","TJ1027104732877","","31061288","31061288","Oct 1, 2024 8:23 AM","","","ASPIRE TOURISM INDIA PVT LTD","ASPIRE TOURISM INDIA PVT LTD"
"Oct 1, 2024 8:23 AM","TJ1027104732877","AIR","Credit Line","Commission","","354.94","362.18","","32893.41","353806.59","Success","Utilisation Adjustment","​-","","5722630847","","","0","0","7.24","TJ1027104732877","","31061288","31061288","Oct 1, 2024 8:23 AM","","","ASPIRE TOURISM INDIA PVT LTD","ASPIRE TOURISM INDIA PVT LTD"
"Oct 1, 2024 10:18 AM","007301330646","NA","Credit Line","Temporary Limit Change","","100000","","","132893.41","353806.59","Success","","​-","","9114497364","CLR269978-Balu G,S Karthikeyan(51051718)-Pradnya Khaire-Limit","","0","0","0","007301330646","","524586","31061288","Oct 1, 2024 10:18 AM","","","Pradnya Khaire","ASPIRE TOURISM INDIA PVT LTD"
"Oct 1, 2024 1:35 PM","TJ1102104763788","AIR","Credit Line","Paid For Order","26085","","","","106808.41","379891.59","Success","","26085","","8823498527","","","0","0","0","TJ1102104763788","","31061288","31061288","Oct 1, 2024 1:35 PM","","","ASPIRE TOURISM INDIA PVT LTD","ASPIRE TOURISM INDIA PVT LTD"
"Oct 1, 2024 4:39 PM","TJ1199104788059","AIR","Credit Line","Paid For Order","20397.66","","","","86410.75","400289.25","Success","","20397.66","","8223535335","","","0","2002","0","TJ1199104788059","","31061288","31061288","Oct 1, 2024 4:39 PM","","","ASPIRE TOURISM INDIA PVT LTD","ASPIRE TOURISM INDIA PVT LTD"
"Oct 1, 2024 4:47 PM","TJ1111104789979","AIR","Credit Line","Paid For Order","5851.68","","","","80559.07","406140.93","Success","","5851.68","","5668416544","","","0","998","0","TJ1111104789979","","31061288","31061288","Oct 1, 2024 4:47 PM","","","ASPIRE TOURISM INDIA PVT LTD","ASPIRE TOURISM INDIA PVT LTD"
"Oct 1, 2024 4:52 PM","TJ1106104790684","AIR","Credit Line","Paid For Order","16431.2","","","","64127.87","422572.13","Success","","16431.2","","0667656627","","","0","2008","0","TJ1106104790684","","31061288","31061288","Oct 1, 2024 4:52 PM","","","ASPIRE TOURISM INDIA PVT LTD","ASPIRE TOURISM INDIA PVT LTD"
"Oct 2, 2024 10:10 AM","TJ1089104572384","AIR","Credit Line","Paid For Amendment","1220","","","","62907.87","423792.13","Success","","​-","","5811050137","","","0","0","0","TJ1089104572384","TJA92104853402","31061288","31061288","Oct 2, 2024 10:10 AM","","","ASPIRE TOURISM INDIA PVT LTD","ASPIRE TOURISM INDIA PVT LTD"
"Oct 2, 2024 10:10 AM","TJ1089104572384","AIR","Credit Line","Paid For Amendment","1220","","","","61687.87","425012.13","Success","","​-","","6395511803","","","0","0","0","TJ1089104572384","TJA03104853409","31061288","31061288","Oct 2, 2024 10:10 AM","","","ASPIRE TOURISM INDIA PVT LTD","ASPIRE TOURISM INDIA PVT LTD"
"Oct 2, 2024 8:18 PM","3077104916322","WALLET_TOPUP","Netbanking","Topup","197015","","","","0","","Failure","","197000","","4942880859","Payment Failed. Paid using: hdfc_ccavenue; Payment Fee: 15.00; Failure reason: ","","15","0","0","3077104916322","","31061288","31061288","","","","ASPIRE TOURISM INDIA PVT LTD","ASPIRE TOURISM INDIA PVT LTD"
"Oct 2, 2024 8:24 PM","3097104916751","WALLET_TOPUP","Credit Line","Topup","","90000","","687354739968","151687.87","335012.13","Success","Bill Settle","90000","","2853008505","Paid using: Payphi; Payment Fee: 0.00; Merchant Txn Id: 2200218956516","","0","0","0","3097104916751","","31061288","31061288","Oct 2, 2024 8:24 PM","","","ASPIRE TOURISM INDIA PVT LTD","ASPIRE TOURISM INDIA PVT LTD"
"Oct 2, 2024 8:33 PM","3048104917755","WALLET_TOPUP","Credit Line","Topup","","107000","","687354739968","258687.87","228012.13","Success","Bill Settle","107000","","0785798688","Paid using: hdfc_ccavenue; Payment Fee: 15.00; Merchant Txn Id: 113488420238","","0","0","0","3048104917755","","31061288","31061288","Oct 2, 2024 8:33 PM","","","ASPIRE TOURISM INDIA PVT LTD","ASPIRE TOURISM INDIA PVT LTD"
"Oct 3, 2024 7:01 PM","3089105017571","WALLET_TOPUP","Credit Line","Topup","","97952.83","","687354739968","356640.7","130059.3","Success","Bill Settle","103800","","1965199947","Paid using: hdfc_ccavenue; Payment Fee: 15.00; Merchant Txn Id: 113489652300","","0","0","0","3089105017571","","31061288","31061288","Oct 3, 2024 7:01 PM","","","ASPIRE TOURISM INDIA PVT LTD","ASPIRE TOURISM INDIA PVT LTD"
"Oct 3, 2024 7:01 PM","3089105017571","WALLET_TOPUP","Credit Line","Topup","","5847.17","","","362487.87","124212.13","Success","Utilisation Adjustment","103800","","0338368944","Paid using: hdfc_ccavenue; Payment Fee: 15.00; Merchant Txn Id: 113489652300","","0","0","0","3089105017571","","31061288","31061288","Oct 3, 2024 7:01 PM","","","ASPIRE TOURISM INDIA PVT LTD","ASPIRE TOURISM INDIA PVT LTD"
"Oct 5, 2024 3:19 PM","3054105211464","WALLET_TOPUP","Credit Line","Topup","","32524","","","395011.87","91688.13","Success","Utilisation Adjustment","32524","","2149879655","Paid using: Payphi; Payment Fee: 0.00; Merchant Txn Id: 2200220247550","","0","0","0","3054105211464","","31061288","31061288","Oct 5, 2024 3:19 PM","","","ASPIRE TOURISM INDIA PVT LTD","ASPIRE TOURISM INDIA PVT LTD"
"Oct 5, 2024 3:20 PM","TJ1042105210865","AIR","Credit Line","Paid For Order","30124","","","","364887.87","121812.13","Success","","30124","","8409014322","","","0","2400","0","TJ1042105210865","","31061288","31061288","Oct 5, 2024 3:20 PM","","","ASPIRE TOURISM INDIA PVT LTD","ASPIRE TOURISM INDIA PVT LTD"
"Oct 5, 2024 3:20 PM","TJ1042105210865","AIR","Credit Line","Commission","","276.16","281.8","","365164.03","121535.97","Success","Utilisation Adjustment","​-","","0094537617","","","0","0","5.64","TJ1042105210865","","31061288","31061288","Oct 5, 2024 3:20 PM","","","ASPIRE TOURISM INDIA PVT LTD","ASPIRE TOURISM INDIA PVT LTD"
"Oct 7, 2024 6:57 PM","TJ1108105420475","AIR","Credit Line","Paid For Order","23310","","","","341854.03","144845.97","Success","","23310","","4421658351","","","0","600","0","TJ1108105420475","","31061288","31061288","Oct 7, 2024 6:57 PM","","","ASPIRE TOURISM INDIA PVT LTD","ASPIRE TOURISM INDIA PVT LTD"
"Oct 7, 2024 6:59 PM","TJ1166105420834","AIR","Credit Line","Paid For Order","15257.04","","","","326596.99","160103.01","Success","","15257.04","","4767327202","","","0","600","0","TJ1166105420834","","31061288","31061288","Oct 7, 2024 6:59 PM","","","ASPIRE TOURISM INDIA PVT LTD","ASPIRE TOURISM INDIA PVT LTD"
"Oct 8, 2024 11:03 AM","TJ2006105469857","HOTEL","Credit Line","Paid For Order","14697.57","","","","311899.42","174800.58","Success","","14697.57","","9893875982","","","0","0","0","TJ2006105469857","","31061288","31061288","Oct 8, 2024 11:03 AM","","","ASPIRE TOURISM INDIA PVT LTD","ASPIRE TOURISM INDIA PVT LTD"
"Oct 9, 2024 12:14 PM","001092633582","NA","Credit Line","Temporary Limit Change","100000","","","","211899.42","174800.58","Success","","​-","","9686963384","","","0","0","0","001092633582","","","31061288","Oct 9, 2024 12:14 PM","","","","ASPIRE TOURISM INDIA PVT LTD"
"Oct 9, 2024 1:15 PM","3049105600962","WALLET_TOPUP","Credit Line","Topup","","81440","","897141125640","293339.42","93360.58","Success","Bill Settle","81440","","5565855368","Paid using: hdfc_ccavenue; Payment Fee: 15.00; Merchant Txn Id: 113497066799","","0","0","0","3049105600962","","31061288","31061288","Oct 9, 2024 1:15 PM","","","ASPIRE TOURISM INDIA PVT LTD","ASPIRE TOURISM INDIA PVT LTD"
"Oct 10, 2024 8:28 PM","3020105751685","WALLET_TOPUP","Credit Line","Topup","","40095.97","","897141125640","333435.39","53264.61","Success","Bill Settle","40096","","9107645306","Paid using: hdfc_ccavenue; Payment Fee: 15.00; Merchant Txn Id: 113499002076","","0","0","0","3020105751685","","31061288","31061288","Oct 10, 2024 8:28 PM","","","ASPIRE TOURISM INDIA PVT LTD","ASPIRE TOURISM INDIA PVT LTD"
"Oct 10, 2024 8:28 PM","3020105751685","WALLET_TOPUP","Credit Line","Topup","","0.03","","","333435.42","53264.58","Success","Utilisation Adjustment","40096","","7175379268","Paid using: hdfc_ccavenue; Payment Fee: 15.00; Merchant Txn Id: 113499002076","","0","0","0","3020105751685","","31061288","31061288","Oct 10, 2024 8:28 PM","","","ASPIRE TOURISM INDIA PVT LTD","ASPIRE TOURISM INDIA PVT LTD"
"Oct 14, 2024 3:23 PM","TJ1069106060224","AIR","Credit Line","Paid For Order","22914","","","","310521.42","76178.58","Success","","22914","","4225269688","","","0","0","0","TJ1069106060224","","31061288","31061288","Oct 14, 2024 3:23 PM","","","ASPIRE TOURISM INDIA PVT LTD","ASPIRE TOURISM INDIA PVT LTD"
"Oct 14, 2024 3:23 PM","TJ1069106060224","AIR","Credit Line","Commission","","214.98","219.39","","310736.4","75963.6","Success","Utilisation Adjustment","​-","","1276318095","","","0","0","4.41","TJ1069106060224","","31061288","31061288","Oct 14, 2024 3:23 PM","","","ASPIRE TOURISM INDIA PVT LTD","ASPIRE TOURISM INDIA PVT LTD"
"Oct 15, 2024 2:48 PM","TJ1162106169044","AIR","Credit Line","Paid For Order","33623","","","","277113.4","109586.6","Success","","33623","","6142652894","","","0","3500","0","TJ1162106169044","","31061288","31061288","Oct 15, 2024 2:48 PM","","","ASPIRE TOURISM INDIA PVT LTD","ASPIRE TOURISM INDIA PVT LTD"
"Oct 15, 2024 2:48 PM","TJ1162106169044","AIR","Credit Line","Commission","","1823.24","1860.45","","278936.64","107763.36","Success","Utilisation Adjustment","​-","","4645876290","","","0","0","37.21","TJ1162106169044","","31061288","31061288","Oct 15, 2024 2:48 PM","","","ASPIRE TOURISM INDIA PVT LTD","ASPIRE TOURISM INDIA PVT LTD"
"Oct 16, 2024 11:12 AM","TJ1196106250464","AIR","Credit Line","Paid For Order","52266","","","","226670.64","160029.36","Success","","52266","","6903839063","","","0","0","0","TJ1196106250464","","31061288","31061288","Oct 16, 2024 11:12 AM","","","ASPIRE TOURISM INDIA PVT LTD","ASPIRE TOURISM INDIA PVT LTD"
"Oct 16, 2024 2:14 PM","TJ1091106273807","AIR","Netbanking","Paid For Order","12900","","","","0","","Success","","12900","","0196378657","Paid using: Payphi; Payment Fee: 0.00; Merchant Txn Id: 4400224804560","","0","1400","0","TJ1091106273807","","31061288","31061288","","","","ASPIRE TOURISM INDIA PVT LTD","ASPIRE TOURISM INDIA PVT LTD"
"Oct 16, 2024 2:14 PM","TJ1091106273807","AIR","Credit Line","Commission","","129.48","132.11999999999998","","226800.12","159899.88","Success","Utilisation Adjustment","129.48","","4908054599","","","0","0","2.64","TJ1091106273807","","31061288","31061288","Oct 16, 2024 2:14 PM","","","ASPIRE TOURISM INDIA PVT LTD","ASPIRE TOURISM INDIA PVT LTD"
"Oct 16, 2024 2:31 PM","TJ1011106276462","AIR","Netbanking","Paid For Order","20704","","","","0","","Success","","20704","","2016015714","Paid using: Payphi; Payment Fee: 0.00; Merchant Txn Id: 4400224814721","","0","1400","0","TJ1011106276462","","31061288","31061288","","","","ASPIRE TOURISM INDIA PVT LTD","ASPIRE TOURISM INDIA PVT LTD"
"Oct 16, 2024 2:31 PM","TJ1011106276462","AIR","Credit Line","Commission","","220.4","224.9","","227020.52","159679.48","Success","Utilisation Adjustment","220.4","","4037675062","","","0","0","4.5","TJ1011106276462","","31061288","31061288","Oct 16, 2024 2:31 PM","","","ASPIRE TOURISM INDIA PVT LTD","ASPIRE TOURISM INDIA PVT LTD"
"Oct 16, 2024 8:50 PM","3086106315616","WALLET_TOPUP","Credit Line","Topup","","50000","","004929206347","277020.52","109679.48","Success","Bill Settle","50000","","3792854993","Paid using: Payphi; Payment Fee: 0.00; Merchant Txn Id: 4400224955807","","0","0","0","3086106315616","","","31061288","Oct 16, 2024 8:50 PM","","","","ASPIRE TOURISM INDIA PVT LTD"
"Oct 17, 2024 9:49 AM","3070106355285","WALLET_TOPUP","Credit Line","Topup","","3264.58","","004929206347","280285.1","106414.9","Success","Bill Settle","3265","","1537860396","Paid using: Payphi; Payment Fee: 0.00; Merchant Txn Id: 2200225028066","","0","0","0","3070106355285","","31061288","31061288","Oct 17, 2024 9:49 AM","","","ASPIRE TOURISM INDIA PVT LTD","ASPIRE TOURISM INDIA PVT LTD"
"Oct 17, 2024 9:49 AM","3070106355285","WALLET_TOPUP","Credit Line","Topup","","0.42","","","280285.52","106414.48","Success","Utilisation Adjustment","3265","","2995331371","Paid using: Payphi; Payment Fee: 0.00; Merchant Txn Id: 2200225028066","","0","0","0","3070106355285","","31061288","31061288","Oct 17, 2024 9:49 AM","","","ASPIRE TOURISM INDIA PVT LTD","ASPIRE TOURISM INDIA PVT LTD"
"Oct 17, 2024 9:55 AM","TJ1129106355618","AIR","Credit Line","Paid For Order","33618","","","","246667.52","140032.48","Success","","33618","","9556048670","","","0","3500","0","TJ1129106355618","","31061288","31061288","Oct 17, 2024 9:55 AM","","","ASPIRE TOURISM INDIA PVT LTD","ASPIRE TOURISM INDIA PVT LTD"
"Oct 17, 2024 9:55 AM","TJ1129106355618","AIR","Credit Line","Commission","","1823.05","1860.25","","248490.57","138209.43","Success","Utilisation Adjustment","​-","","4803937279","","","0","0","37.2","TJ1129106355618","","31061288","31061288","Oct 17, 2024 9:55 AM","","","ASPIRE TOURISM INDIA PVT LTD","ASPIRE TOURISM INDIA PVT LTD"
"Oct 17, 2024 1:56 PM","009629524357","NA","Credit Line","Temporary Limit Change","","200000","","","448490.57","138209.43","Success","","​-","","6749129118","CLR277034-Balu G,S Karthikeyan(51051718)-Pradnya Khaire-Limit","","0","0","0","009629524357","","524586","31061288","Oct 17, 2024 1:56 PM","","","Pradnya Khaire","ASPIRE TOURISM INDIA PVT LTD"
"Oct 19, 2024 6:05 PM","TJ1190106603772","AIR","Credit Line","Paid For Order","105236.91","","","","343253.66","243446.34","Success","","105236.91","","7859100996","","","0","0","0","TJ1190106603772","","31061288","31061288","Oct 19, 2024 6:05 PM","","","ASPIRE TOURISM INDIA PVT LTD","ASPIRE TOURISM INDIA PVT LTD"
"Oct 21, 2024 12:27 PM","3003106743707","WALLET_TOPUP","Netbanking","Topup","107878.27","","","","0","","Failure","","106075","","6051107302","Payment Failed. Paid using: hdfc_ccavenue; Payment Fee: 1803.27; Failure reason: ","","1803.27","0","0","3003106743707","","31061288","31061288","","","","ASPIRE TOURISM INDIA PVT LTD","ASPIRE TOURISM INDIA PVT LTD"
"Oct 21, 2024 12:32 PM","3038106744590","WALLET_TOPUP","Credit Line","Topup","","106075","","441646599334","449328.66","137371.34","Success","Bill Settle","106075","","9800986139","Paid using: hdfc_ccavenue; Payment Fee: 1803.27; Merchant Txn Id: 113512165371","","0","0","0","3038106744590","","31061288","31061288","Oct 21, 2024 12:32 PM","","","ASPIRE TOURISM INDIA PVT LTD","ASPIRE TOURISM INDIA PVT LTD"
"Oct 21, 2024 1:08 PM","TJ1117106748296","AIR","Credit Line","Paid For Order","108832.88","","","","340495.78","246204.22","Success","","108832.88","","1516365558","","","0","1600","0","TJ1117106748296","","31061288","31061288","Oct 21, 2024 1:08 PM","","","ASPIRE TOURISM INDIA PVT LTD","ASPIRE TOURISM INDIA PVT LTD"
"Oct 21, 2024 7:16 PM","TJ1047106789930","AIR","Credit Line","Paid For Order","7754","","","","332741.78","253958.22","Success","","7754","","0839990014","","","0","0","0","TJ1047106789930","","31061288","31061288","Oct 21, 2024 7:16 PM","","","ASPIRE TOURISM INDIA PVT LTD","ASPIRE TOURISM INDIA PVT LTD"
"Oct 21, 2024 7:16 PM","TJ1047106789930","AIR","Credit Line","Commission","","56.84","58","","332798.62","253901.38","Success","Utilisation Adjustment","​-","","3824529024","","","0","0","1.16","TJ1047106789930","","31061288","31061288","Oct 21, 2024 7:16 PM","","","ASPIRE TOURISM INDIA PVT LTD","ASPIRE TOURISM INDIA PVT LTD"
"Oct 21, 2024 9:16 PM","TJ1099106800783","AIR","Credit Line","Paid For Order","6922","","","","325876.62","260823.38","Success","","6922","","9043702666","","","0","0","0","TJ1099106800783","","31061288","31061288","Oct 21, 2024 9:16 PM","","","ASPIRE TOURISM INDIA PVT LTD","ASPIRE TOURISM INDIA PVT LTD"
"Oct 21, 2024 9:16 PM","TJ1099106800783","AIR","Credit Line","Commission","","56.84","58","","325933.46","260766.54","Success","Utilisation Adjustment","​-","","5898082419","","","0","0","1.16","TJ1099106800783","","31061288","31061288","Oct 21, 2024 9:16 PM","","","ASPIRE TOURISM INDIA PVT LTD","ASPIRE TOURISM INDIA PVT LTD"
"Oct 22, 2024 1:10 PM","TJ1010106850698","AIR","Credit Line","Paid For Order","18516","","","","307417.46","279282.54","Success","","18516","","7299169815","","","0","0","0","TJ1010106850698","","31061288","31061288","Oct 22, 2024 1:10 PM","","","ASPIRE TOURISM INDIA PVT LTD","ASPIRE TOURISM INDIA PVT LTD"
"Oct 22, 2024 1:10 PM","TJ1010106850698","AIR","Credit Line","Commission","","117.6","120","","307535.06","279164.94","Success","Utilisation Adjustment","​-","","7704220490","","","0","0","2.4","TJ1010106850698","","31061288","31061288","Oct 22, 2024 1:10 PM","","","ASPIRE TOURISM INDIA PVT LTD","ASPIRE TOURISM INDIA PVT LTD"
"Oct 22, 2024 5:21 PM","TJ1023106879928","AIR","Credit Line","Paid For Order","6932","","","","300603.06","286096.94","Success","","6932","","3896634796","","","0","0","0","TJ1023106879928","","31061288","31061288","Oct 22, 2024 5:21 PM","","","ASPIRE TOURISM INDIA PVT LTD","ASPIRE TOURISM INDIA PVT LTD"
"Oct 22, 2024 5:21 PM","TJ1023106879928","AIR","Credit Line","Commission","","52.53","53.6","","300655.59","286044.41","Success","Utilisation Adjustment","​-","","9562082158","","","0","0","1.07","TJ1023106879928","","31061288","31061288","Oct 22, 2024 5:21 PM","","","ASPIRE TOURISM INDIA PVT LTD","ASPIRE TOURISM INDIA PVT LTD"
"Oct 22, 2024 8:31 PM","TJ1135106899744","AIR","Credit Line","Paid For Order","17804.48","","","","282851.11","303848.89","Success","","17804.48","","1878146420","","","0","0","0","TJ1135106899744","","31061288","31061288","Oct 22, 2024 8:31 PM","","","ASPIRE TOURISM INDIA PVT LTD","ASPIRE TOURISM INDIA PVT LTD"
"Oct 23, 2024 9:53 AM","3080106933846","WALLET_TOPUP","Credit Line","Topup","","71376.18","","441646599334","354227.29","232472.71","Success","Bill Settle","71376.18","","6433383753","Paid using: hdfc_ccavenue; Payment Fee: 1213.40; Merchant Txn Id: 113514657035","","0","0","0","3080106933846","","31061288","31061288","Oct 23, 2024 9:53 AM","","","ASPIRE TOURISM INDIA PVT LTD","ASPIRE TOURISM INDIA PVT LTD"
"Oct 23, 2024 10:05 AM","TJ1172106934362","AIR","Credit Line","Paid For Order","60431.18","","","","293796.11","292903.89","Success","","60431.18","","2334154539","","","0","0","0","TJ1172106934362","","31061288","31061288","Oct 23, 2024 10:05 AM","","","ASPIRE TOURISM INDIA PVT LTD","ASPIRE TOURISM INDIA PVT LTD"
"Oct 23, 2024 12:09 PM","000303526350","NA","Credit Line","Temporary Limit Change","200000","","","","93796.11","292903.89","Success","","​-","","5822120256","","","0","0","0","000303526350","","","31061288","Oct 23, 2024 12:09 PM","","","","ASPIRE TOURISM INDIA PVT LTD"
"Oct 23, 2024 5:54 PM","3045106991052","WALLET_TOPUP","Credit Line","Topup","","18053","","441646599334","111849.11","274850.89","Success","Bill Settle","18053","","8622467343","Paid using: Payphi; Payment Fee: 0.00; Merchant Txn Id: 4400227675729","","0","0","0","3045106991052","","31061288","31061288","Oct 23, 2024 5:54 PM","","","ASPIRE TOURISM INDIA PVT LTD","ASPIRE TOURISM INDIA PVT LTD"
"Oct 23, 2024 6:36 PM","3002106995378","WALLET_TOPUP","Netbanking","Topup","25694","","","","0","","Failure","","25694","","4026372779","Payment Pending, Paid using: Payphi; Payment Fee: 0.00; Failure reason: Transaction Not available in system","Payment failed due to a delayed response from the gateway","0","0","0","3002106995378","","","31061288","","","","","ASPIRE TOURISM INDIA PVT LTD"
"Oct 24, 2024 9:56 AM","3033107041979","WALLET_TOPUP","Credit Line","Topup","","25694","","441646599334","137543.11","249156.89","Success","Bill Settle","25694","","1632764832","Paid using: Payphi; Payment Fee: 0.00; Merchant Txn Id: 4400227792913","","0","0","0","3033107041979","","31061288","31061288","Oct 24, 2024 9:56 AM","","","ASPIRE TOURISM INDIA PVT LTD","ASPIRE TOURISM INDIA PVT LTD"
"Oct 24, 2024 1:56 PM","TJ1070107071219","AIR","Credit Line","Paid For Order","4300","","","","133243.11","253456.89","Success","","4300","","7784155106","","","0","0","0","TJ1070107071219","","31061288","31061288","Oct 24, 2024 1:56 PM","","","ASPIRE TOURISM INDIA PVT LTD","ASPIRE TOURISM INDIA PVT LTD"
"Oct 24, 2024 4:45 PM","3086107090526","WALLET_TOPUP","Credit Line","Topup","","22248.16","","441646599334","155491.27","231208.73","Success","Bill Settle","22249","","4522493805","Paid using: Payphi; Payment Fee: 0.00; Merchant Txn Id: 4400228039058","","0","0","0","3086107090526","","31061288","31061288","Oct 24, 2024 4:45 PM","","","ASPIRE TOURISM INDIA PVT LTD","ASPIRE TOURISM INDIA PVT LTD"
"Oct 24, 2024 4:45 PM","3086107090526","WALLET_TOPUP","Credit Line","Topup","","0.84","","","155492.11","231207.89","Success","Utilisation Adjustment","22249","","6910357480","Paid using: Payphi; Payment Fee: 0.00; Merchant Txn Id: 4400228039058","","0","0","0","3086107090526","","31061288","31061288","Oct 24, 2024 4:45 PM","","","ASPIRE TOURISM INDIA PVT LTD","ASPIRE TOURISM INDIA PVT LTD"
"Oct 25, 2024 11:19 AM","TJ1199107155006","AIR","Credit Line","Paid For Order","63714.95","","","","91777.16","294922.84","Success","","63714.95","","4427288194","","","0","0","0","TJ1199107155006","","31061288","31061288","Oct 25, 2024 11:19 AM","","","ASPIRE TOURISM INDIA PVT LTD","ASPIRE TOURISM INDIA PVT LTD"
"Oct 25, 2024 1:37 PM","TJ1105107170375","AIR","Credit Line","Paid For Order","45443","","","","46334.16","340365.84","Success","","45443","","3927884091","","","0","0","0","TJ1105107170375","","31061288","31061288","Oct 25, 2024 1:37 PM","","","ASPIRE TOURISM INDIA PVT LTD","ASPIRE TOURISM INDIA PVT LTD"
"Oct 25, 2024 1:37 PM","TJ1105107170375","AIR","Credit Line","Commission","","668.52","682.16","","47002.68","339697.32","Success","Utilisation Adjustment","​-","","4487849226","","","0","0","13.64","TJ1105107170375","","31061288","31061288","Oct 25, 2024 1:37 PM","","","ASPIRE TOURISM INDIA PVT LTD","ASPIRE TOURISM INDIA PVT LTD"
"Oct 25, 2024 7:00 PM","TJ1155107206059","AIR","Credit Line","Paid For Order","11013.25","","","","35989.43","350710.57","Success","","11013.25","","1620637476","","","0","0","0","TJ1155107206059","","31061288","31061288","Oct 25, 2024 7:00 PM","","","ASPIRE TOURISM INDIA PVT LTD","ASPIRE TOURISM INDIA PVT LTD"
"Oct 28, 2024 10:57 AM","3014107431677","WALLET_TOPUP","Credit Line","Topup","","106075","","142777051914","142064.43","244635.57","Success","Bill Settle","106075","","3549487399","Paid using: hdfc_ccavenue; Payment Fee: 1803.27; Merchant Txn Id: 113520575866","","0","0","0","3014107431677","","31061288","31061288","Oct 28, 2024 10:57 AM","","","ASPIRE TOURISM INDIA PVT LTD","ASPIRE TOURISM INDIA PVT LTD"
"Oct 29, 2024 10:43 AM","TJ1154107556353","AIR","Credit Line","Paid For Order","26707.66","","","","115356.77","271343.23","Success","","26707.66","","1993005102","","","0","0","0","TJ1154107556353","","31061288","31061288","Oct 29, 2024 10:43 AM","","","ASPIRE TOURISM INDIA PVT LTD","ASPIRE TOURISM INDIA PVT LTD"
"Oct 29, 2024 4:37 PM","3094107597837","WALLET_TOPUP","Credit Line","Topup","","50000","","142777051914","165356.77","221343.23","Success","Bill Settle","50000","","6990941944","Paid using: Payphi; Payment Fee: 0.00; Merchant Txn Id: 4400229892380","","0","0","0","3094107597837","","31061288","31061288","Oct 29, 2024 4:37 PM","","","ASPIRE TOURISM INDIA PVT LTD","ASPIRE TOURISM INDIA PVT LTD"
"Oct 29, 2024 4:38 PM","3047107597587","WALLET_TOPUP","Netbanking","Topup","100000","","","","0","","Failure","","100000","","9590322642","Payment Pending, Paid using: Payphi; Payment Fee: 0.00; Failure reason: Awaiting user action","Payment failed due to a delayed response from the gateway","0","0","0","3047107597587","","","31061288","","","","","ASPIRE TOURISM INDIA PVT LTD"
"Oct 29, 2024 4:39 PM","3090107597744","WALLET_TOPUP","Netbanking","Topup","90000","","","","0","","Failure","","90000","","7935598695","Payment Pending, Paid using: Payphi; Payment Fee: 0.00; Failure reason: Awaiting user action","Payment failed due to a delayed response from the gateway","0","0","0","3090107597744","","","31061288","","","","","ASPIRE TOURISM INDIA PVT LTD"
"Oct 29, 2024 4:40 PM","3020107598176","WALLET_TOPUP","Credit Line","Topup","","50000","","142777051914","215356.77","171343.23","Success","Bill Settle","50000","","1004539254","Paid using: Payphi; Payment Fee: 0.00; Merchant Txn Id: 4400229893133","","0","0","0","3020107598176","","31061288","31061288","Oct 29, 2024 4:40 PM","","","ASPIRE TOURISM INDIA PVT LTD","ASPIRE TOURISM INDIA PVT LTD"
"Oct 29, 2024 4:41 PM","3047107597972","WALLET_TOPUP","Netbanking","Topup","30000","","","","0","","Failure","","30000","","8972945039","Payment Pending, Paid using: Payphi; Payment Fee: 0.00; Failure reason: Awaiting user action","Payment failed due to a delayed response from the gateway","0","0","0","3047107597972","","","31061288","","","","","ASPIRE TOURISM INDIA PVT LTD"
"Oct 29, 2024 4:49 PM","3084107599399","WALLET_TOPUP","Credit Line","Topup","","50000","","142777051914","265356.77","121343.23","Success","Bill Settle","50000","","1214875520","Paid using: Payphi; Payment Fee: 0.00; Merchant Txn Id: 2200229897468","","0","0","0","3084107599399","","31061288","31061288","Oct 29, 2024 4:49 PM","","","ASPIRE TOURISM INDIA PVT LTD","ASPIRE TOURISM INDIA PVT LTD"
"Oct 29, 2024 4:51 PM","3024107599567","WALLET_TOPUP","Credit Line","Topup","","47000","","142777051914","312356.77","74343.23","Success","Bill Settle","47000","","1746156868","Paid using: Payphi; Payment Fee: 0.00; Merchant Txn Id: 4400229897902","","0","0","0","3024107599567","","31061288","31061288","Oct 29, 2024 4:51 PM","","","ASPIRE TOURISM INDIA PVT LTD","ASPIRE TOURISM INDIA PVT LTD"
"Oct 29, 2024 4:54 PM","3007107600077","WALLET_TOPUP","Credit Line","Topup","","10000","","142777051914","322356.77","64343.23","Success","Bill Settle","10000","","4112712845","Paid using: Payphi; Payment Fee: 0.00; Merchant Txn Id: 2200229899509","","0","0","0","3007107600077","","31061288","31061288","Oct 29, 2024 4:54 PM","","","ASPIRE TOURISM INDIA PVT LTD","ASPIRE TOURISM INDIA PVT LTD"
"Oct 29, 2024 4:56 PM","3037107600203","WALLET_TOPUP","Credit Line","Topup","","10000","","142777051914","332356.77","54343.23","Success","Bill Settle","10000","","4208346445","Paid using: Payphi; Payment Fee: 0.00; Merchant Txn Id: 4400229899994","","0","0","0","3037107600203","","31061288","31061288","Oct 29, 2024 4:56 PM","","","ASPIRE TOURISM INDIA PVT LTD","ASPIRE TOURISM INDIA PVT LTD"
"Oct 29, 2024 4:57 PM","3058107600423","WALLET_TOPUP","Credit Line","Topup","","10000","","142777051914","342356.77","44343.23","Success","Bill Settle","10000","","5269057571","Paid using: Payphi; Payment Fee: 0.00; Merchant Txn Id: 4400229900739","","0","0","0","3058107600423","","31061288","31061288","Oct 29, 2024 4:57 PM","","","ASPIRE TOURISM INDIA PVT LTD","ASPIRE TOURISM INDIA PVT LTD"
"Oct 29, 2024 4:58 PM","3023107600552","WALLET_TOPUP","Credit Line","Topup","","10000","","142777051914","352356.77","34343.23","Success","Bill Settle","10000","","4035745714","Paid using: Payphi; Payment Fee: 0.00; Merchant Txn Id: 2200229901401","","0","0","0","3023107600552","","31061288","31061288","Oct 29, 2024 4:58 PM","","","ASPIRE TOURISM INDIA PVT LTD","ASPIRE TOURISM INDIA PVT LTD"
"Oct 29, 2024 5:02 PM","3034107600843","WALLET_TOPUP","Netbanking","Topup","8000","","","","0","","Failure","","8000","","0184818141","Payment Pending, Paid using: Payphi; Payment Fee: 0.00; Failure reason: Awaiting user action","Payment failed due to a delayed response from the gateway","0","0","0","3034107600843","","31061288","31061288","","","","ASPIRE TOURISM INDIA PVT LTD","ASPIRE TOURISM INDIA PVT LTD"
"Oct 29, 2024 5:07 PM","3018107601554","WALLET_TOPUP","Credit Line","Topup","","7635.57","","142777051914","359992.34","26707.66","Success","Bill Settle","8000","","1374608171","Paid using: Payphi; Payment Fee: 0.00; Merchant Txn Id: 2200229904574","","0","0","0","3018107601554","","31061288","31061288","Oct 29, 2024 5:07 PM","","","ASPIRE TOURISM INDIA PVT LTD","ASPIRE TOURISM INDIA PVT LTD"
"Oct 29, 2024 5:07 PM","3018107601554","WALLET_TOPUP","Credit Line","Topup","","364.43","","","360356.77","26343.23","Success","Utilisation Adjustment","8000","","8218425605","Paid using: Payphi; Payment Fee: 0.00; Merchant Txn Id: 2200229904574","","0","0","0","3018107601554","","31061288","31061288","Oct 29, 2024 5:07 PM","","","ASPIRE TOURISM INDIA PVT LTD","ASPIRE TOURISM INDIA PVT LTD"
"Oct 30, 2024 12:03 PM","TJ1129106355618","AIR","Credit Line","Refund","","23324","","","383680.77","3019.23","Success","Utilisation Adjustment","23324","","3914240012","","","0","0","0","TJ1129106355618","TJA98107670476","51123086","31061288","Oct 30, 2024 12:03 PM","","","Dhananjay Deshmukh","ASPIRE TOURISM INDIA PVT LTD"
"Oct 30, 2024 12:03 PM","TJ1129106355618","AIR","Credit Line","Commission","1823.05","","-1860.25","","381857.72","4842.28","Success","","​-","","2048571376","","","0","0","-37.2","TJ1129106355618","TJA98107670476","51123086","31061288","Oct 30, 2024 12:03 PM","","","Dhananjay Deshmukh","ASPIRE TOURISM INDIA PVT LTD"
"Oct 30, 2024 8:30 PM","TJ1166107731558","AIR","Credit Line","Paid For Order","71940","","","","309917.72","76782.28","Success","","71940","","7899404847","","","0","1000","0","TJ1166107731558","","31061288","31061288","Oct 30, 2024 8:30 PM","","","ASPIRE TOURISM INDIA PVT LTD","ASPIRE TOURISM INDIA PVT LTD"
"Oct 30, 2024 8:30 PM","TJ1166107731558","AIR","Credit Line","Commission","","917.95","936.7","","310835.67","75864.33","Success","Utilisation Adjustment","​-","","9254419417","","","0","0","18.75","TJ1166107731558","","31061288","31061288","Oct 30, 2024 8:30 PM","","","ASPIRE TOURISM INDIA PVT LTD","ASPIRE TOURISM INDIA PVT LTD"
"Oct 30, 2024 8:38 PM","TJ1178107732598","AIR","Credit Line","Paid For Order","83780","","","","227055.67","159644.33","Success","","83780","","7266589408","","","0","1000","0","TJ1178107732598","","31061288","31061288","Oct 30, 2024 8:38 PM","","","ASPIRE TOURISM INDIA PVT LTD","ASPIRE TOURISM INDIA PVT LTD"
"Oct 30, 2024 8:38 PM","TJ1178107732598","AIR","Credit Line","Commission","","1960","2000","","229015.67","157684.33","Success","Utilisation Adjustment","​-","","3105302904","","","0","0","40","TJ1178107732598","","31061288","31061288","Oct 30, 2024 8:38 PM","","","ASPIRE TOURISM INDIA PVT LTD","ASPIRE TOURISM INDIA PVT LTD"
"Nov 2, 2024 10:52 AM","TJ1183107960728","AIR","Credit Line","Paid For Order","67240","","","","161775.67","224924.33","Success","","67240","","9195439432","","","0","6000","0","TJ1183107960728","","31061288","31061288","Nov 2, 2024 10:52 AM","","","ASPIRE TOURISM INDIA PVT LTD","ASPIRE TOURISM INDIA PVT LTD"
"Nov 2, 2024 10:52 AM","TJ1183107960728","AIR","Credit Line","Commission","","3857.08","3935.7999999999997","","165632.75","221067.25","Success","Utilisation Adjustment","​-","","0454423417","","","0","0","78.72","TJ1183107960728","","31061288","31061288","Nov 2, 2024 10:52 AM","","","ASPIRE TOURISM INDIA PVT LTD","ASPIRE TOURISM INDIA PVT LTD"
"Nov 2, 2024 11:39 AM","TJ1133107968407","AIR","Credit Line","Paid For Order","35901.55","","","","129731.2","256968.8","Success","","35901.55","","3229058073","","","0","7500","0","TJ1133107968407","","31061288","31061288","Nov 2, 2024 11:39 AM","","","ASPIRE TOURISM INDIA PVT LTD","ASPIRE TOURISM INDIA PVT LTD"
"Nov 3, 2024 6:49 PM","TJ1159108123370","AIR","Credit Line","Paid For Order","9030","","","","120701.2","265998.8","Success","","9030","","3379639293","","","0","0","0","TJ1159108123370","TJA57108119834","371457","31061288","Nov 3, 2024 6:49 PM","","","Yusuf Fahim Khan","ASPIRE TOURISM INDIA PVT LTD"
"Nov 4, 2024 12:13 PM","000015606024","NA","Credit Line","Temporary Limit Change","","400000","","","520701.2","265998.8","Success","","​-","","3369432665","CLR283139-Balu G,S Karthikeyan(51051718),Siva(27126)-Pradnya Khaire-Limit","","0","0","0","000015606024","","524586","31061288","Nov 4, 2024 12:13 PM","","","Pradnya Khaire","ASPIRE TOURISM INDIA PVT LTD"
"Nov 4, 2024 6:04 PM","TJ1011108240264","AIR","Credit Line","Paid For Order","22954","","","","497747.2","288952.8","Success","","22954","","2183205142","","","0","0","0","TJ1011108240264","","31061288","31061288","Nov 4, 2024 6:04 PM","","","ASPIRE TOURISM INDIA PVT LTD","ASPIRE TOURISM INDIA PVT LTD"
"Nov 4, 2024 6:04 PM","TJ1011108240264","AIR","Credit Line","Commission","","167.66","171.07999999999998","","497914.86","288785.14","Success","Utilisation Adjustment","​-","","0022558316","","","0","0","3.42","TJ1011108240264","","31061288","31061288","Nov 4, 2024 6:04 PM","","","ASPIRE TOURISM INDIA PVT LTD","ASPIRE TOURISM INDIA PVT LTD"
"Nov 5, 2024 4:07 PM","TJ1140108356019","AIR","Credit Line","Paid For Order","7428.22","","","","490486.64","296213.36","Success","","7428.22","","9363769346","","","0","0","0","TJ1140108356019","","31061288","31061288","Nov 5, 2024 4:07 PM","","","ASPIRE TOURISM INDIA PVT LTD","ASPIRE TOURISM INDIA PVT LTD"
"Nov 5, 2024 4:58 PM","TJ1101108363651","AIR","Credit Line","Paid For Order","13080","","","","477406.64","309293.36","Success","","13080","","8744359100","","","0","0","0","TJ1101108363651","","31061288","31061288","Nov 5, 2024 4:58 PM","","","ASPIRE TOURISM INDIA PVT LTD","ASPIRE TOURISM INDIA PVT LTD"
"Nov 5, 2024 4:58 PM","TJ1101108363651","AIR","Credit Line","Commission","","129.98","132.63","","477536.62","309163.38","Success","Utilisation Adjustment","​-","","2061541326","","","0","0","2.65","TJ1101108363651","","31061288","31061288","Nov 5, 2024 4:58 PM","","","ASPIRE TOURISM INDIA PVT LTD","ASPIRE TOURISM INDIA PVT LTD"
"Nov 6, 2024 10:18 AM","TJ1140108446137","AIR","Credit Line","Paid For Order","37722","","","","439814.62","346885.38","Success","","37722","","9605634109","","","0","0","0","TJ1140108446137","","31061288","31061288","Nov 6, 2024 10:18 AM","","","ASPIRE TOURISM INDIA PVT LTD","ASPIRE TOURISM INDIA PVT LTD"
"Nov 6, 2024 11:31 AM","3007108455870","WALLET_TOPUP","Credit Line","Topup","","40000","","872993320052","479814.62","306885.38","Success","Bill Settle","40000","","8513865020","Paid using: Payphi; Payment Fee: 0.00; Merchant Txn Id: 2200232151966","","0","0","0","3007108455870","","31061288","31061288","Nov 6, 2024 11:31 AM","","","ASPIRE TOURISM INDIA PVT LTD","ASPIRE TOURISM INDIA PVT LTD"
"Nov 6, 2024 11:36 AM","3081108456351","WALLET_TOPUP","Netbanking","Topup","60000","","","","0","","Failure","","60000","","9998045098","Payment Pending, Paid using: Payphi; Payment Fee: 0.00; Failure reason: Awaiting user action","Payment failed due to a delayed response from the gateway","0","0","0","3081108456351","","","31061288","","","","","ASPIRE TOURISM INDIA PVT LTD"
"Nov 6, 2024 11:36 AM","3013108456590","WALLET_TOPUP","Credit Line","Topup","","40000","","872993320052","519814.62","266885.38","Success","Bill Settle","40000","","3419557255","Paid using: Payphi; Payment Fee: 0.00; Merchant Txn Id: 4400232153985","","0","0","0","3013108456590","","31061288","31061288","Nov 6, 2024 11:36 AM","","","ASPIRE TOURISM INDIA PVT LTD","ASPIRE TOURISM INDIA PVT LTD"
"Nov 6, 2024 11:41 AM","3070108457040","WALLET_TOPUP","Netbanking","Topup","49000","","","","0","","Failure","","49000","","2353279686","Payment Pending, Paid using: Payphi; Payment Fee: 0.00; Failure reason: Awaiting user action","Payment failed due to a delayed response from the gateway","0","0","0","3070108457040","","","31061288","","","","","ASPIRE TOURISM INDIA PVT LTD"
"Nov 6, 2024 11:43 AM","3022108458002","WALLET_TOPUP","Credit Line","Topup","","35000","","872993320052","554814.62","231885.38","Success","Bill Settle","35000","","5179043133","Paid using: Payphi; Payment Fee: 0.00; Merchant Txn Id: 2200232158622","","0","0","0","3022108458002","","31061288","31061288","Nov 6, 2024 11:43 AM","","","ASPIRE TOURISM INDIA PVT LTD","ASPIRE TOURISM INDIA PVT LTD"
"Nov 6, 2024 11:44 AM","3037108457703","WALLET_TOPUP","Netbanking","Topup","17000","","","","0","","Failure","","17000","","5094859371","Payment Pending, Paid using: Payphi; Payment Fee: 0.00; Failure reason: Awaiting user action","Payment failed due to a delayed response from the gateway","0","0","0","3037108457703","","","31061288","","","","","ASPIRE TOURISM INDIA PVT LTD"
"Nov 6, 2024 11:45 AM","3028108457848","WALLET_TOPUP","Netbanking","Topup","15000","","","","0","","Failure","","15000","","1028267268","Payment Pending, Paid using: Payphi; Payment Fee: 0.00; Failure reason: Awaiting user action","Payment failed due to a delayed response from the gateway","0","0","0","3028108457848","","","31061288","","","","","ASPIRE TOURISM INDIA PVT LTD"
"Nov 6, 2024 11:56 AM","3003108458558","WALLET_TOPUP","Credit Line","Topup","","40000","","872993320052","594814.62","191885.38","Success","Bill Settle","40000","","7591511397","Paid using: Payphi; Payment Fee: 0.00; Merchant Txn Id: 4400232164596","","0","0","0","3003108458558","","31061288","31061288","Nov 6, 2024 11:56 AM","","","ASPIRE TOURISM INDIA PVT LTD","ASPIRE TOURISM INDIA PVT LTD"
"Nov 6, 2024 11:59 AM","3057108460562","WALLET_TOPUP","Credit Line","Topup","","20000","","872993320052","614814.62","171885.38","Success","Bill Settle","20000","","1785687263","Paid using: Payphi; Payment Fee: 0.00; Merchant Txn Id: 2200232166035","","0","0","0","3057108460562","","31061288","31061288","Nov 6, 2024 11:59 AM","","","ASPIRE TOURISM INDIA PVT LTD","ASPIRE TOURISM INDIA PVT LTD"
"Nov 6, 2024 12:02 PM","3071108460958","WALLET_TOPUP","Credit Line","Topup","","60000","","872993320052","674814.62","111885.38","Success","Bill Settle","60000","","3510444381","Paid using: Payphi; Payment Fee: 0.00; Merchant Txn Id: 2200232167316","","0","0","0","3071108460958","","31061288","31061288","Nov 6, 2024 12:02 PM","","","ASPIRE TOURISM INDIA PVT LTD","ASPIRE TOURISM INDIA PVT LTD"
"Nov 6, 2024 12:04 PM","3064108461341","WALLET_TOPUP","Credit Line","Topup","","10000","","872993320052","684814.62","101885.38","Success","Bill Settle","10000","","2663062584","Paid using: Payphi; Payment Fee: 0.00; Merchant Txn Id: 4400232168071","","0","0","0","3064108461341","","31061288","31061288","Nov 6, 2024 12:04 PM","","","ASPIRE TOURISM INDIA PVT LTD","ASPIRE TOURISM INDIA PVT LTD"
"Nov 6, 2024 12:09 PM","3029108461787","WALLET_TOPUP","Netbanking","Topup","10000","","","","0","","Failure","","10000","","2671920053","Payment Pending, Paid using: Payphi; Payment Fee: 0.00; Failure reason: Awaiting user action","Payment failed due to a delayed response from the gateway","0","0","0","3029108461787","","","31061288","","","","","ASPIRE TOURISM INDIA PVT LTD"
"Nov 6, 2024 12:13 PM","TJ1091106273807","AIR","Credit Line","Paid For Amendment","750","","","","684064.62","102635.38","Success","","​-","","7578687708","","","0","0","0","TJ1091106273807","TJA40108462984","31061288","31061288","Nov 6, 2024 12:13 PM","","","ASPIRE TOURISM INDIA PVT LTD","ASPIRE TOURISM INDIA PVT LTD"
"Nov 6, 2024 12:25 PM","3098108462644","WALLET_TOPUP","Netbanking","Topup","21000","","","","0","","Failure","","21000","","7640666767","Payment Pending, Paid using: Payphi; Payment Fee: 0.00; Failure reason: Awaiting user action","Payment failed due to a delayed response from the gateway","0","0","0","3098108462644","","31061288","31061288","","","","ASPIRE TOURISM INDIA PVT LTD","ASPIRE TOURISM INDIA PVT LTD"
"Nov 6, 2024 12:29 PM","TJ1011106276462","AIR","Netbanking","Paid For Amendment","400","","","","0","","Success","","​-","","5075561387","Paid using: Payphi; Payment Fee: 0.00; Merchant Txn Id: 4400232182335","","0","0","0","TJ1011106276462","TJA64108465398","31061288","31061288","","","","ASPIRE TOURISM INDIA PVT LTD","ASPIRE TOURISM INDIA PVT LTD"
"Nov 6, 2024 12:43 PM","3064108467183","WALLET_TOPUP","Credit Line","Topup","","20998.8","","872993320052","705063.42","81636.58","Success","Bill Settle","21000","","1035335571","Paid using: Payphi; Payment Fee: 0.00; Merchant Txn Id: 4400232188236","","0","0","0","3064108467183","","31061288","31061288","Nov 6, 2024 12:43 PM","","","ASPIRE TOURISM INDIA PVT LTD","ASPIRE TOURISM INDIA PVT LTD"
"Nov 6, 2024 12:43 PM","3064108467183","WALLET_TOPUP","Credit Line","Topup","","1.2","","","705064.62","81635.38","Success","Utilisation Adjustment","21000","","7348180648","Paid using: Payphi; Payment Fee: 0.00; Merchant Txn Id: 4400232188236","","0","0","0","3064108467183","","31061288","31061288","Nov 6, 2024 12:43 PM","","","ASPIRE TOURISM INDIA PVT LTD","ASPIRE TOURISM INDIA PVT LTD"
"Nov 6, 2024 2:19 PM","TJ1060108480296","AIR","Credit Line","Paid For Order","28728","","","","676336.62","110363.38","Success","","28728","","1730183657","","","0","4200","0","TJ1060108480296","","31061288","31061288","Nov 6, 2024 2:19 PM","","","ASPIRE TOURISM INDIA PVT LTD","ASPIRE TOURISM INDIA PVT LTD"
"Nov 6, 2024 2:19 PM","TJ1060108480296","AIR","Credit Line","Commission","","236.34","241.14000000000001","","676572.96","110127.04","Success","Utilisation Adjustment","​-","","9507982780","","","0","0","4.8","TJ1060108480296","","31061288","31061288","Nov 6, 2024 2:19 PM","","","ASPIRE TOURISM INDIA PVT LTD","ASPIRE TOURISM INDIA PVT LTD"
"Nov 7, 2024 9:37 PM","TJ1026108675223","AIR","Credit Line","Paid For Order","17483","","","","659089.96","127610.04","Success","","17483","","4995252938","","","0","0","0","TJ1026108675223","","31061288","31061288","Nov 7, 2024 9:37 PM","","","ASPIRE TOURISM INDIA PVT LTD","ASPIRE TOURISM INDIA PVT LTD"
"Nov 7, 2024 9:37 PM","TJ1026108675223","AIR","Credit Line","Commission","","112.44","114.72","","659202.4","127497.6","Success","Utilisation Adjustment","​-","","0242471062","","","0","0","2.28","TJ1026108675223","","31061288","31061288","Nov 7, 2024 9:37 PM","","","ASPIRE TOURISM INDIA PVT LTD","ASPIRE TOURISM INDIA PVT LTD"
"Nov 7, 2024 9:48 PM","TJ1090108676798","AIR","Credit Line","Paid For Order","7535","","","","651667.4","135032.6","Success","","7535","","4622186320","","","0","0","0","TJ1090108676798","","31061288","31061288","Nov 7, 2024 9:48 PM","","","ASPIRE TOURISM INDIA PVT LTD","ASPIRE TOURISM INDIA PVT LTD"
"Nov 7, 2024 9:48 PM","TJ1090108676798","AIR","Credit Line","Commission","","39.81","40.620000000000005","","651707.21","134992.79","Success","Utilisation Adjustment","​-","","1027568996","","","0","0","0.81","TJ1090108676798","","31061288","31061288","Nov 7, 2024 9:48 PM","","","ASPIRE TOURISM INDIA PVT LTD","ASPIRE TOURISM INDIA PVT LTD"
"Nov 9, 2024 1:16 PM","TJ1113108871473","AIR","Credit Line","Paid For Order","42378.32","","","","609328.89","177371.11","Success","","42378.32","","8892110333","","","0","8000","0","TJ1113108871473","","31061288","31061288","Nov 9, 2024 1:16 PM","","","ASPIRE TOURISM INDIA PVT LTD","ASPIRE TOURISM INDIA PVT LTD"
"Nov 9, 2024 1:36 PM","3049108875077","WALLET_TOPUP","Credit Line","Topup","","71769","","","681097.89","105602.11","Success","Utilisation Adjustment","71769","","8061157142","Paid using: Payphi; Payment Fee: 0.00; Merchant Txn Id: 4400233037205","","0","0","0","3049108875077","","31061288","31061288","Nov 9, 2024 1:36 PM","","","ASPIRE TOURISM INDIA PVT LTD","ASPIRE TOURISM INDIA PVT LTD"
"Nov 10, 2024 12:54 PM","TJ2084108986703","HOTEL","Credit Line","Paid For Order","34445.2","","","","646652.69","140047.31","Success","","34445.2","","2248942882","","","0","0","0","TJ2084108986703","","31061288","31061288","Nov 10, 2024 12:54 PM","","","ASPIRE TOURISM INDIA PVT LTD","ASPIRE TOURISM INDIA PVT LTD"
"Nov 10, 2024 2:15 PM","TJ1163108995249","AIR","Credit Line","Paid For Order","53012","","","","593640.69","193059.31","Success","","53012","","5481866220","","","0","0","0","TJ1163108995249","","31061288","31061288","Nov 10, 2024 2:15 PM","","","ASPIRE TOURISM INDIA PVT LTD","ASPIRE TOURISM INDIA PVT LTD"
"Nov 10, 2024 2:15 PM","TJ1163108995249","AIR","Credit Line","Commission","","791.68","807.8399999999999","","594432.37","192267.63","Success","Utilisation Adjustment","​-","","0874836691","","","0","0","16.16","TJ1163108995249","","31061288","31061288","Nov 10, 2024 2:15 PM","","","ASPIRE TOURISM INDIA PVT LTD","ASPIRE TOURISM INDIA PVT LTD"
"Nov 10, 2024 2:51 PM","TJ1098108999552","AIR","Credit Line","Paid For Order","24532","","","","569900.37","216799.63","Success","","24532","","2839819157","","","0","0","0","TJ1098108999552","","31061288","31061288","Nov 10, 2024 2:51 PM","","","ASPIRE TOURISM INDIA PVT LTD","ASPIRE TOURISM INDIA PVT LTD"
"Nov 10, 2024 2:51 PM","TJ1098108999552","AIR","Credit Line","Commission","","209.04","213.29999999999998","","570109.41","216590.59","Success","Utilisation Adjustment","​-","","6677120311","","","0","0","4.26","TJ1098108999552","","31061288","31061288","Nov 10, 2024 2:51 PM","","","ASPIRE TOURISM INDIA PVT LTD","ASPIRE TOURISM INDIA PVT LTD"
"Nov 10, 2024 3:08 PM","TJ2080109001366","HOTEL","Credit Line","Paid For Order","9028.45","","","","561080.96","225619.04","Success","","9028.45","","8684461250","","","0","0","0","TJ2080109001366","","31061288","31061288","Nov 10, 2024 3:08 PM","","","ASPIRE TOURISM INDIA PVT LTD","ASPIRE TOURISM INDIA PVT LTD"
"Nov 10, 2024 3:23 PM","TJ2056109003053","HOTEL","Credit Line","Paid For Order","9691.31","","","","551389.65","235310.35","Success","","9691.31","","6604316610","","","0","0","0","TJ2056109003053","","31061288","31061288","Nov 10, 2024 3:23 PM","","","ASPIRE TOURISM INDIA PVT LTD","ASPIRE TOURISM INDIA PVT LTD"
"Nov 10, 2024 3:29 PM","TJ2067109003450","HOTEL","Credit Line","Paid For Order","5097.4","","","","546292.25","240407.75","Success","","5097.4","","1565321286","","","0","0","0","TJ2067109003450","","31061288","31061288","Nov 10, 2024 3:29 PM","","","ASPIRE TOURISM INDIA PVT LTD","ASPIRE TOURISM INDIA PVT LTD"
"Nov 11, 2024 2:46 PM","TJ1193109108421","AIR","Credit Line","Paid For Order","52879.86","","","","493412.39","293287.61","Success","","52879.86","","0249071513","","","0","9900","0","TJ1193109108421","","31061288","31061288","Nov 11, 2024 2:46 PM","","","ASPIRE TOURISM INDIA PVT LTD","ASPIRE TOURISM INDIA PVT LTD"
"Nov 11, 2024 3:23 PM","TJ1150109114545","AIR","Credit Line","Paid For Order","23903.14","","","","469509.25","317190.75","Success","","23903.14","","7459598011","","","0","0","0","TJ1150109114545","","31061288","31061288","Nov 11, 2024 3:23 PM","","","ASPIRE TOURISM INDIA PVT LTD","ASPIRE TOURISM INDIA PVT LTD"
"Nov 11, 2024 3:41 PM","TJ1112109117730","AIR","Credit Line","Paid For Order","23903.14","","","","445606.11","341093.89","Success","","23903.14","","6533826688","","","0","0","0","TJ1112109117730","","31061288","31061288","Nov 11, 2024 3:41 PM","","","ASPIRE TOURISM INDIA PVT LTD","ASPIRE TOURISM INDIA PVT LTD"
"Nov 11, 2024 4:15 PM","TJ1171109123110","AIR","Credit Line","Paid For Order","65785.4","","","","379820.71","406879.29","Success","","65785.4","","8964734820","","","0","0","0","TJ1171109123110","","31061288","31061288","Nov 11, 2024 4:15 PM","","","ASPIRE TOURISM INDIA PVT LTD","ASPIRE TOURISM INDIA PVT LTD"
"Nov 11, 2024 4:23 PM","TJ1114109124102","AIR","Credit Line","Paid For Order","47272","","","","332548.71","454151.29","Success","","47272","","1909498636","","","0","0","0","TJ1114109124102","","31061288","31061288","Nov 11, 2024 4:23 PM","","","ASPIRE TOURISM INDIA PVT LTD","ASPIRE TOURISM INDIA PVT LTD"
"Nov 11, 2024 4:35 PM","TJ1169109125492","AIR","Credit Line","Paid For Order","29402","","","","303146.71","483553.29","Success","","29402","","9324805978","","","0","0","0","TJ1169109125492","","31061288","31061288","Nov 11, 2024 4:35 PM","","","ASPIRE TOURISM INDIA PVT LTD","ASPIRE TOURISM INDIA PVT LTD"
"Nov 11, 2024 4:43 PM","TJ1113109127389","AIR","Credit Line","Paid For Order","86190.5","","","","216956.21","569743.79","Success","","86190.5","","3294470714","","","0","0","0","TJ1113109127389","","31061288","31061288","Nov 11, 2024 4:43 PM","","","ASPIRE TOURISM INDIA PVT LTD","ASPIRE TOURISM INDIA PVT LTD"
"Nov 11, 2024 4:53 PM","TJ1113109127389","AIR","Credit Line","Reverse","","86190.5","","144295374426","303146.71","483553.29","Success","Bill Settle","86190.5","","8222115375","","","0","0","0","TJ1113109127389","","61133567","31061288","Nov 11, 2024 4:53 PM","","","Dhananja","ASPIRE TOURISM INDIA PVT LTD"
"Nov 11, 2024 4:59 PM","TJ1112109130099","AIR","Credit Line","Paid For Order","86201.95","","","","216944.76","569755.24","Success","","86201.95","","0652586873","","","0","0","0","TJ1112109130099","","31061288","31061288","Nov 11, 2024 4:59 PM","","","ASPIRE TOURISM INDIA PVT LTD","ASPIRE TOURISM INDIA PVT LTD"
"Nov 11, 2024 5:22 PM","TJ1112109130099","AIR","Credit Line","Reverse","","86201.95","","","303146.71","483553.29","Success","Utilisation Adjustment","86201.95","","0425685251","","","0","0","0","TJ1112109130099","","31132777","31061288","Nov 11, 2024 5:22 PM","","","Kunal Gosavi","ASPIRE TOURISM INDIA PVT LTD"
"Nov 11, 2024 5:28 PM","TJ2035109134823","HOTEL","Credit Line","Paid For Order","88585.68","","","","214561.03","572138.97","Success","","88585.68","","2436952581","","","0","0","0","TJ2035109134823","","31061288","31061288","Nov 11, 2024 5:28 PM","","","ASPIRE TOURISM INDIA PVT LTD","ASPIRE TOURISM INDIA PVT LTD"
"Nov 11, 2024 5:33 PM","TJ2012109135874","HOTEL","Credit Line","Paid For Order","103890.5","","","","110670.53","676029.47","Success","","103890.5","","6859550176","","","0","0","0","TJ2012109135874","","31061288","31061288","Nov 11, 2024 5:33 PM","","","ASPIRE TOURISM INDIA PVT LTD","ASPIRE TOURISM INDIA PVT LTD"
"Nov 11, 2024 5:40 PM","TJ1195109136730","AIR","Credit Line","Paid For Order","86201.95","","","","24468.58","762231.42","Success","","86201.95","","3343501267","","","0","0","0","TJ1195109136730","","31061288","31061288","Nov 11, 2024 5:40 PM","","","ASPIRE TOURISM INDIA PVT LTD","ASPIRE TOURISM INDIA PVT LTD"
"Nov 11, 2024 6:12 PM","TJ1195109136730","AIR","Credit Line","Reverse","","86201.95","","","110670.53","676029.47","Success","Utilisation Adjustment","86201.95","","3341905253","","","0","0","0","TJ1195109136730","","31132777","31061288","Nov 11, 2024 6:12 PM","","","Kunal Gosavi","ASPIRE TOURISM INDIA PVT LTD"
"Nov 11, 2024 6:34 PM","TJ1168109145636","AIR","Credit Line","Paid For Order","86163.3","","","","24507.23","762192.77","Success","","86163.3","","6716297569","","","0","0","0","TJ1168109145636","","31061288","31061288","Nov 11, 2024 6:34 PM","","","ASPIRE TOURISM INDIA PVT LTD","ASPIRE TOURISM INDIA PVT LTD"
"Nov 11, 2024 6:39 PM","005093939544","NA","Credit Line","Temporary Limit Change","","300000","","","324507.23","762192.77","Success","","​-","","7755679152","CLR286073-Balu G,S Karthikeyan(51051718),Bharat(12345)-MAYURI PALSAMBKAR-Limit","","0","0","0","005093939544","","111483","31061288","Nov 11, 2024 6:39 PM","","","Mayuri Palsambkar","ASPIRE TOURISM INDIA PVT LTD"
"Nov 11, 2024 6:41 PM","TJ1168109145636","AIR","Credit Line","Reverse","","86163.3","","","410670.53","676029.47","Success","Utilisation Adjustment","86163.3","","1495790627","","","0","0","0","TJ1168109145636","","31132777","31061288","Nov 11, 2024 6:41 PM","","","Kunal Gosavi","ASPIRE TOURISM INDIA PVT LTD"
"Nov 12, 2024 10:31 AM","TJ1149109218495","AIR","Credit Line","Paid For Order","78496.6","","","","332173.93","754526.07","Success","","78496.6","","0830374407","","","0","0","0","TJ1149109218495","","31061288","31061288","Nov 12, 2024 10:31 AM","","","ASPIRE TOURISM INDIA PVT LTD","ASPIRE TOURISM INDIA PVT LTD"
"Nov 12, 2024 10:44 AM","TJ1149109218495","AIR","Credit Line","Reverse","","78496.6","","","410670.53","676029.47","Success","Utilisation Adjustment","78496.6","","0831607487","","","0","0","0","TJ1149109218495","","21133569","31061288","Nov 12, 2024 10:44 AM","","","Meeta Ganpat Hingad","ASPIRE TOURISM INDIA PVT LTD"
"Nov 12, 2024 11:05 AM","TJ1198109222387","AIR","Credit Line","Paid For Order","108015.7","","","","302654.83","784045.17","Success","","108015.7","","0191386910","","","0","0","0","TJ1198109222387","","31061288","31061288","Nov 12, 2024 11:05 AM","","","ASPIRE TOURISM INDIA PVT LTD","ASPIRE TOURISM INDIA PVT LTD"
"Nov 13, 2024 7:06 PM","TJ1021109434388","AIR","Netbanking","Paid For Order","7626","","","","0","","Failure","","7440","","0634375959","Payment Failed. Paid using: Payphi; Payment Fee: 186.00; Failure reason: Request processed successfully","","186","500","0","TJ1021109434388","","31061288","31061288","","","","ASPIRE TOURISM INDIA PVT LTD","ASPIRE TOURISM INDIA PVT LTD"
"Nov 13, 2024 7:06 PM","TJ1021109434388","AIR","Credit Line","Commission","59.48","","-58.269999999999996","","0","","Failure","Utilisation Adjustment","59.48","","1067393990","Payment Failed. ","","0","0","1.21","TJ1021109434388","","31061288","31061288","","","","ASPIRE TOURISM INDIA PVT LTD","ASPIRE TOURISM INDIA PVT LTD"
"Nov 13, 2024 7:39 PM","TJ1156109438561","AIR","Netbanking","Paid For Order","37548","","","","0","","Success","","37548","","5888614188","Paid using: Payphi; Payment Fee: 0.00; Merchant Txn Id: 2200234256914","","0","2000","0","TJ1156109438561","","31061288","31061288","","","","ASPIRE TOURISM INDIA PVT LTD","ASPIRE TOURISM INDIA PVT LTD"
"Nov 13, 2024 7:39 PM","TJ1040109438733","AIR","Netbanking","Paid For Order","7626","","","","0","","Failure","","7440","","2675077287","Payment Failed. Paid using: Payphi; Payment Fee: 186.00; Failure reason: Request processed successfully","","186","500","0","TJ1040109438733","","31061288","31061288","","","","ASPIRE TOURISM INDIA PVT LTD","ASPIRE TOURISM INDIA PVT LTD"
"Nov 13, 2024 7:39 PM","TJ1040109438733","AIR","Credit Line","Commission","59.48","","-58.269999999999996","","0","","Failure","Utilisation Adjustment","59.48","","2034765082","Payment Failed. ","","0","0","1.21","TJ1040109438733","","31061288","31061288","","","","ASPIRE TOURISM INDIA PVT LTD","ASPIRE TOURISM INDIA PVT LTD"
"Nov 13, 2024 7:49 PM","TJ1092109440030","AIR","Netbanking","Paid For Order","7626","","","","0","","Success","","7440","","1911328960","Paid using: Payphi; Payment Fee: 186.00; Merchant Txn Id: 4400234258390","","186","500","0","TJ1092109440030","","31061288","31061288","","","","ASPIRE TOURISM INDIA PVT LTD","ASPIRE TOURISM INDIA PVT LTD"
"Nov 13, 2024 7:49 PM","TJ1092109440030","AIR","Credit Line","Commission","","59.48","60.69","","302714.31","783985.69","Success","Utilisation Adjustment","59.48","","7338018153","","","0","0","1.21","TJ1092109440030","","31061288","31061288","Nov 13, 2024 7:49 PM","","","ASPIRE TOURISM INDIA PVT LTD","ASPIRE TOURISM INDIA PVT LTD"
"Nov 14, 2024 4:56 AM","004706694847","NA","Credit Line","Temporary Limit Change","400000","","","","-97285.69","783985.69","Success","","​-","","5172541583","","","0","0","0","004706694847","","","31061288","Nov 14, 2024 4:56 AM","","","","ASPIRE TOURISM INDIA PVT LTD"
"Nov 14, 2024 10:33 AM","3043109489817","WALLET_TOPUP","Credit Line","Topup","","50000","","144295374426","-47285.69","733985.69","Success","Bill Settle","50000","","9173862717","Paid using: Payphi; Payment Fee: 1250.00; Merchant Txn Id: 2200234339411","","0","0","0","3043109489817","","31061288","31061288","Nov 14, 2024 10:33 AM","","","ASPIRE TOURISM INDIA PVT LTD","ASPIRE TOURISM INDIA PVT LTD"
"Nov 14, 2024 10:36 AM","3057109490182","WALLET_TOPUP","Credit Line","Topup","","46500","","144295374426","-785.69","687485.69","Success","Bill Settle","46500","","1617391298","Paid using: Payphi; Payment Fee: 1162.50; Merchant Txn Id: 4400234340834","","0","0","0","3057109490182","","31061288","31061288","Nov 14, 2024 10:36 AM","","","ASPIRE TOURISM INDIA PVT LTD","ASPIRE TOURISM INDIA PVT LTD"
"Nov 14, 2024 10:59 AM","3014109492935","WALLET_TOPUP","Credit Line","Topup","","57717.25","","144295374426","56931.56","629768.44","Success","Bill Settle","57718","","3767979456","Paid using: hdfc_ccavenue; Payment Fee: 15.00; Merchant Txn Id: 113539493958","","0","0","0","3014109492935","","31061288","31061288","Nov 14, 2024 10:59 AM","","","ASPIRE TOURISM INDIA PVT LTD","ASPIRE TOURISM INDIA PVT LTD"
"Nov 14, 2024 10:59 AM","3014109492935","WALLET_TOPUP","Credit Line","Topup","","0.75","","","56932.31","629767.69","Success","Utilisation Adjustment","57718","","4480672895","Paid using: hdfc_ccavenue; Payment Fee: 15.00; Merchant Txn Id: 113539493958","","0","0","0","3014109492935","","31061288","31061288","Nov 14, 2024 10:59 AM","","","ASPIRE TOURISM INDIA PVT LTD","ASPIRE TOURISM INDIA PVT LTD"
"Nov 14, 2024 12:37 PM","TJ1135109506613","AIR","Netbanking","Paid For Order","47810","","","","0","","Success","","47810","","6469192803","Paid using: Payphi; Payment Fee: 0.00; Merchant Txn Id: 4400234404974","","0","0","0","TJ1135109506613","","31061288","31061288","","","","ASPIRE TOURISM INDIA PVT LTD","ASPIRE TOURISM INDIA PVT LTD"
"Nov 14, 2024 12:37 PM","TJ1135109506613","AIR","Credit Line","Commission","","681.68","695.5999999999999","","57613.99","629086.01","Success","Utilisation Adjustment","681.68","","3447293982","","","0","0","13.92","TJ1135109506613","","31061288","31061288","Nov 14, 2024 12:37 PM","","","ASPIRE TOURISM INDIA PVT LTD","ASPIRE TOURISM INDIA PVT LTD"
"Nov 14, 2024 1:05 PM","001117935915","NA","Credit Line","Temporary Limit Change","","200000","","","257613.99","629086.01","Success","","​-","","4029650470","CLR287265-Balu G,S Karthikeyan(51051718),Siva(27126)-Pradnya Khaire-Limit","","0","0","0","001117935915","","524586","31061288","Nov 14, 2024 1:05 PM","","","Pradnya Khaire","ASPIRE TOURISM INDIA PVT LTD"
"Nov 14, 2024 1:20 PM","TJ1186109513199","AIR","Credit Line","Paid For Order","65179","","","","192434.99","694265.01","Success","","65179","","5996519382","","","0","8000","0","TJ1186109513199","","31061288","31061288","Nov 14, 2024 1:20 PM","","","ASPIRE TOURISM INDIA PVT LTD","ASPIRE TOURISM INDIA PVT LTD"
"Nov 14, 2024 1:20 PM","TJ1186109513199","AIR","Credit Line","Commission","","784","800","","193218.99","693481.01","Success","Utilisation Adjustment","​-","","1477232497","","","0","0","16","TJ1186109513199","","31061288","31061288","Nov 14, 2024 1:20 PM","","","ASPIRE TOURISM INDIA PVT LTD","ASPIRE TOURISM INDIA PVT LTD"
"Nov 14, 2024 1:36 PM","006759751569","NA","Credit Line","Temporary Limit Change","","400000","","","593218.99","693481.01","Success","","​-","","6226513809","CLR287330-Balu G,S Karthikeyan(51051718),Siva(27126),Bharat(12345)-Pradnya Khaire-Limit","","0","0","0","006759751569","","524586","31061288","Nov 14, 2024 1:36 PM","","","Pradnya Khaire","ASPIRE TOURISM INDIA PVT LTD"
"Nov 14, 2024 2:14 PM","TJ2095109519310","HOTEL","Credit Line","Paid For Order","58176.5","","","","535042.49","751657.51","Success","","58176.5","","6938011668","","","0","4000","0","TJ2095109519310","","31061288","31061288","Nov 14, 2024 2:14 PM","","","ASPIRE TOURISM INDIA PVT LTD","ASPIRE TOURISM INDIA PVT LTD"
"Nov 14, 2024 4:38 PM","TJ1154109537157","AIR","Credit Line","Paid For Order","53060","","","","481982.49","804717.51","Success","","53060","","5173306703","","","0","800","0","TJ1154109537157","","31061288","31061288","Nov 14, 2024 4:38 PM","","","ASPIRE TOURISM INDIA PVT LTD","ASPIRE TOURISM INDIA PVT LTD"
"Nov 14, 2024 4:38 PM","TJ1154109537157","AIR","Credit Line","Commission","","736.4","751.4399999999999","","482718.89","803981.11","Success","Utilisation Adjustment","​-","","5769879067","","","0","0","15.04","TJ1154109537157","","31061288","31061288","Nov 14, 2024 4:38 PM","","","ASPIRE TOURISM INDIA PVT LTD","ASPIRE TOURISM INDIA PVT LTD"
"Nov 14, 2024 4:50 PM","TJ1151109539644","AIR","Credit Line","Paid For Order","61225.56","","","","421493.33","865206.67","Success","","61225.56","","5409578097","","","0","800","0","TJ1151109539644","","31061288","31061288","Nov 14, 2024 4:50 PM","","","ASPIRE TOURISM INDIA PVT LTD","ASPIRE TOURISM INDIA PVT LTD"
"Nov 14, 2024 5:21 PM","3083109543223","WALLET_TOPUP","Credit Line","Topup","","81000","","","502493.33","784206.67","Success","Utilisation Adjustment","81000","","5671576794","Paid using: Payphi; Payment Fee: 2025.00; Merchant Txn Id: 2200234509635","","0","0","0","3083109543223","","31061288","31061288","Nov 14, 2024 5:21 PM","","","ASPIRE TOURISM INDIA PVT LTD","ASPIRE TOURISM INDIA PVT LTD"
"Nov 14, 2024 5:38 PM","TJ1134109544738","AIR","Credit Line","Paid For Order","81662","","","","420831.33","865868.67","Success","","81662","","5908565294","","","0","800","0","TJ1134109544738","","31061288","31061288","Nov 14, 2024 5:38 PM","","","ASPIRE TOURISM INDIA PVT LTD","ASPIRE TOURISM INDIA PVT LTD"
"Nov 14, 2024 5:38 PM","TJ1134109544738","AIR","Credit Line","Commission","","1183.64","1207.8000000000002","","422014.97","864685.03","Success","Utilisation Adjustment","​-","","2449709818","","","0","0","24.16","TJ1134109544738","","31061288","31061288","Nov 14, 2024 5:38 PM","","","ASPIRE TOURISM INDIA PVT LTD","ASPIRE TOURISM INDIA PVT LTD"
"Nov 14, 2024 11:16 PM","TJ1013109582885","AIR","Credit Line","Paid For Order","59606.98","","","","362407.99","924292.01","Success","","59607","","0246875858","","","0","5200.02","0","TJ1013109582885","","31061288","31061288","Nov 14, 2024 11:16 PM","","","ASPIRE TOURISM INDIA PVT LTD","ASPIRE TOURISM INDIA PVT LTD"
"Nov 14, 2024 11:16 PM","TJ1013109582885","AIR","Credit Line","Commission","","483.03","492.86999999999995","","362891.02","923808.98","Success","Utilisation Adjustment","​-","","9228218862","","","0","0","9.84","TJ1013109582885","","31061288","31061288","Nov 14, 2024 11:16 PM","","","ASPIRE TOURISM INDIA PVT LTD","ASPIRE TOURISM INDIA PVT LTD"
"Nov 15, 2024 12:35 PM","3006109627845","WALLET_TOPUP","Netbanking","Topup","643348","","","","0","","Failure","","643333","","3949743276","Payment Failed. Paid using: hdfc_ccavenue; Payment Fee: 15.00; Failure reason: null","","15","0","0","3006109627845","","","31061288","","","","","ASPIRE TOURISM INDIA PVT LTD"
"Nov 15, 2024 12:36 PM","3006109627845","WALLET_TOPUP","Netbanking","Topup","643348","","","","0","","Failure","","643333","","4187409837","Payment Failed. Paid using: hdfc_ccavenue; Payment Fee: 15.00; Failure reason: null","","15","0","0","3006109627845","","","31061288","","","","","ASPIRE TOURISM INDIA PVT LTD"
"Nov 15, 2024 12:36 PM","3006109627845","WALLET_TOPUP","Credit Line","Topup","","643333","","","1006224.02","280475.98","Success","Utilisation Adjustment","643333","","3266692553","Paid using: hdfc_ccavenue; Payment Fee: 15.00; Merchant Txn Id: 113540834140","","0","0","0","3006109627845","","31061288","31061288","Nov 15, 2024 12:36 PM","","","ASPIRE TOURISM INDIA PVT LTD","ASPIRE TOURISM INDIA PVT LTD"
"Nov 15, 2024 12:40 PM","3006109628600","WALLET_TOPUP","Netbanking","Topup","643348","","","","0","","Failure","","643333","","5144647958","Payment Failed. Paid using: hdfc_ccavenue; Payment Fee: 15.00; Failure reason: null","","15","0","0","3006109628600","","","31061288","","","","","ASPIRE TOURISM INDIA PVT LTD"
"Nov 16, 2024 2:55 PM","TJ1115109759589","AIR","Credit Line","Paid For Order","52586","","","","953638.02","333061.98","Success","","52586","","8376571066","","","0","1500","0","TJ1115109759589","","31061288","31061288","Nov 16, 2024 2:55 PM","","","ASPIRE TOURISM INDIA PVT LTD","ASPIRE TOURISM INDIA PVT LTD"
"Nov 16, 2024 6:05 PM","TJ1148109780796","AIR","Netbanking","Paid For Order","49250","","","","0","","Success","","49250","","5158377267","Paid using: Payphi; Payment Fee: 0.00; Merchant Txn Id: 2200235096564","","0","0","0","TJ1148109780796","","31061288","31061288","","","","ASPIRE TOURISM INDIA PVT LTD","ASPIRE TOURISM INDIA PVT LTD"
"Nov 16, 2024 6:05 PM","TJ1148109780796","AIR","Credit Line","Commission","","809.48","826","","954447.5","332252.5","Success","Utilisation Adjustment","809.48","","5594398315","","","0","0","16.52","TJ1148109780796","","31061288","31061288","Nov 16, 2024 6:05 PM","","","ASPIRE TOURISM INDIA PVT LTD","ASPIRE TOURISM INDIA PVT LTD"
"Nov 16, 2024 6:12 PM","TJ1120109781427","AIR","Credit Line","Paid For Order","15332","","","","939115.5","347584.5","Success","","15332","","9665656273","","","0","0","0","TJ1120109781427","","31061288","31061288","Nov 16, 2024 6:12 PM","","","ASPIRE TOURISM INDIA PVT LTD","ASPIRE TOURISM INDIA PVT LTD"
"Nov 16, 2024 6:12 PM","TJ1120109781427","AIR","Credit Line","Commission","","198.94","203","","939314.44","347385.56","Success","Utilisation Adjustment","​-","","4755323995","","","0","0","4.06","TJ1120109781427","","31061288","31061288","Nov 16, 2024 6:12 PM","","","ASPIRE TOURISM INDIA PVT LTD","ASPIRE TOURISM INDIA PVT LTD"
"Nov 16, 2024 6:20 PM","TJ1122109782098","AIR","Credit Line","Paid For Order","26077","","","","913237.44","373462.56","Success","","26077","","0157844499","","","0","0","0","TJ1122109782098","","31061288","31061288","Nov 16, 2024 6:20 PM","","","ASPIRE TOURISM INDIA PVT LTD","ASPIRE TOURISM INDIA PVT LTD"
"Nov 16, 2024 6:20 PM","TJ1122109782098","AIR","Credit Line","Commission","","283.65","289.44","","913521.09","373178.91","Success","Utilisation Adjustment","​-","","4135515736","","","0","0","5.79","TJ1122109782098","","31061288","31061288","Nov 16, 2024 6:20 PM","","","ASPIRE TOURISM INDIA PVT LTD","ASPIRE TOURISM INDIA PVT LTD"
"Nov 16, 2024 7:08 PM","3055109787087","WALLET_TOPUP","Credit Line","Topup","","135292","","","1048813.09","237886.91","Success","Utilisation Adjustment","135292","","5710066160","Paid using: hdfc_ccavenue; Payment Fee: 15.00; Merchant Txn Id: 113542476670","","0","0","0","3055109787087","","31061288","31061288","Nov 16, 2024 7:08 PM","","","ASPIRE TOURISM INDIA PVT LTD","ASPIRE TOURISM INDIA PVT LTD"
"Nov 16, 2024 7:37 PM","TJ1137109789661","AIR","Credit Line","Paid For Order","8206.43","","","","1040606.66","246093.34","Success","","8206.43","","4931495153","","","0","1300","0","TJ1137109789661","","31061288","31061288","Nov 16, 2024 7:37 PM","","","ASPIRE TOURISM INDIA PVT LTD","ASPIRE TOURISM INDIA PVT LTD"
"Nov 16, 2024 9:37 PM","TJ1127109801045","AIR","Credit Line","Paid For Order","2149.23","","","","1038457.43","248242.57","Success","","2149.23","","4973366052","","","0","500","0","TJ1127109801045","","31061288","31061288","Nov 16, 2024 9:37 PM","","","ASPIRE TOURISM INDIA PVT LTD","ASPIRE TOURISM INDIA PVT LTD"
"Nov 17, 2024 11:05 AM","TJ1186109836262","AIR","Credit Line","Paid For Order","332495.96","","","","705961.47","580738.53","Success","","332496","","0095039927","","","0","14000.04","0","TJ1186109836262","","31061288","31061288","Nov 17, 2024 11:05 AM","","","ASPIRE TOURISM INDIA PVT LTD","ASPIRE TOURISM INDIA PVT LTD"
"Nov 17, 2024 11:05 AM","TJ1186109836262","AIR","Credit Line","Commission","","4920.03","5020.469999999999","","710881.5","575818.5","Success","Utilisation Adjustment","​-","","5960162197","","","0","0","100.44","TJ1186109836262","","31061288","31061288","Nov 17, 2024 11:05 AM","","","ASPIRE TOURISM INDIA PVT LTD","ASPIRE TOURISM INDIA PVT LTD"
"Nov 18, 2024 11:46 AM","TJ1136109920532","AIR","Credit Line","Paid For Order","76234","","","","634647.5","652052.5","Success","","76234","","7162312165","","","0","0","0","TJ1136109920532","","31061288","31061288","Nov 18, 2024 11:46 AM","","","ASPIRE TOURISM INDIA PVT LTD","ASPIRE TOURISM INDIA PVT LTD"
"Nov 18, 2024 11:46 AM","TJ1136109920532","AIR","Credit Line","Commission","","1131.9","1155","","635779.4","650920.6","Success","Utilisation Adjustment","​-","","5296539089","","","0","0","23.1","TJ1136109920532","","31061288","31061288","Nov 18, 2024 11:46 AM","","","ASPIRE TOURISM INDIA PVT LTD","ASPIRE TOURISM INDIA PVT LTD"
"Nov 18, 2024 6:14 PM","TJ1100109970915","AIR","Credit Line","Paid For Order","37321","","","","598458.4","688241.6","Success","","37321","","9783038504","","","0","0","0","TJ1100109970915","","31061288","31061288","Nov 18, 2024 6:14 PM","","","ASPIRE TOURISM INDIA PVT LTD","ASPIRE TOURISM INDIA PVT LTD"
"Nov 18, 2024 6:14 PM","TJ1100109970915","AIR","Credit Line","Commission","","552.82","564.11","","599011.22","687688.78","Success","Utilisation Adjustment","​-","","0988577487","","","0","0","11.29","TJ1100109970915","","31061288","31061288","Nov 18, 2024 6:14 PM","","","ASPIRE TOURISM INDIA PVT LTD","ASPIRE TOURISM INDIA PVT LTD"
"Nov 18, 2024 8:04 PM","TJ1110109987789","AIR","Credit Line","Paid For Order","11563.6","","","","587447.62","699252.38","Success","","11563.6","","1743198809","","","0","1000","0","TJ1110109987789","","31061288","31061288","Nov 18, 2024 8:04 PM","","","ASPIRE TOURISM INDIA PVT LTD","ASPIRE TOURISM INDIA PVT LTD"
"Nov 18, 2024 8:27 PM","TJ1148109990899","AIR","Credit Line","Paid For Order","2903.54","","","","584544.08","702155.92","Success","","2903.54","","1059150736","","","0","500","0","TJ1148109990899","","31061288","31061288","Nov 18, 2024 8:27 PM","","","ASPIRE TOURISM INDIA PVT LTD","ASPIRE TOURISM INDIA PVT LTD"
"Nov 18, 2024 8:30 PM","TJ1151109991152","AIR","Credit Line","Paid For Order","9178.19","","","","575365.89","711334.11","Success","","9178.19","","3383579615","","","0","1000","0","TJ1151109991152","","31061288","31061288","Nov 18, 2024 8:30 PM","","","ASPIRE TOURISM INDIA PVT LTD","ASPIRE TOURISM INDIA PVT LTD"
"Nov 19, 2024 8:32 AM","TJ1074110024482","AIR","Credit Line","Paid For Amendment","15900","","","","559465.89","727234.11","Success","","​-","","0878796141","","","0","0","0","TJ1074110024482","TJA79110024514","31061288","31061288","Nov 19, 2024 8:32 AM","","","ASPIRE TOURISM INDIA PVT LTD","ASPIRE TOURISM INDIA PVT LTD"
"Nov 19, 2024 10:48 AM","TJ2039110033500","HOTEL","Credit Line","Paid For Order","67857.84","","","","491608.05","795091.95","Success","","67857.84","","1619465061","","","0","0","0","TJ2039110033500","","31061288","31061288","Nov 19, 2024 10:48 AM","","","ASPIRE TOURISM INDIA PVT LTD","ASPIRE TOURISM INDIA PVT LTD"
"Nov 19, 2024 11:00 AM","TJ2093110036063","HOTEL","Credit Line","Paid For Order","94016.76","","","","397591.29","889108.71","Success","","94016.76","","4915419463","","","0","0","0","TJ2093110036063","","31061288","31061288","Nov 19, 2024 11:00 AM","","","ASPIRE TOURISM INDIA PVT LTD","ASPIRE TOURISM INDIA PVT LTD"
"Nov 19, 2024 3:42 PM","TJ2093110077970","HOTEL","Credit Line","Paid For Order","15384.84","","","","382206.45","904493.55","Success","","15384.84","","7761006566","","","0","0","0","TJ2093110077970","","31061288","31061288","Nov 19, 2024 3:42 PM","","","ASPIRE TOURISM INDIA PVT LTD","ASPIRE TOURISM INDIA PVT LTD"
"Nov 19, 2024 3:55 PM","TJ2062110079986","HOTEL","Credit Line","Paid For Order","11973.74","","","","370232.71","916467.29","Success","","11973.74","","9630130537","","","0","0","0","TJ2062110079986","","31061288","31061288","Nov 19, 2024 3:55 PM","","","ASPIRE TOURISM INDIA PVT LTD","ASPIRE TOURISM INDIA PVT LTD"
"Nov 20, 2024 11:59 AM","TJ1077110160891","AIR","Credit Line","Paid For Order","172708","","","","197524.71","1089175.29","Success","","172708","","4136335806","","","0","4000","0","TJ1077110160891","","31061288","31061288","Nov 20, 2024 11:59 AM","","","ASPIRE TOURISM INDIA PVT LTD","ASPIRE TOURISM INDIA PVT LTD"
"Nov 20, 2024 11:59 AM","TJ1077110160891","AIR","Credit Line","Commission","","2315.44","2362.68","","199840.15","1086859.85","Success","Utilisation Adjustment","​-","","7083063802","","","0","0","47.24","TJ1077110160891","","31061288","31061288","Nov 20, 2024 11:59 AM","","","ASPIRE TOURISM INDIA PVT LTD","ASPIRE TOURISM INDIA PVT LTD"
"Nov 20, 2024 12:08 PM","002724644454","NA","Credit Line","Temporary Limit Change","900000","","","","-700159.85","1086859.85","Success","","​-","","5114249444","","","0","0","0","002724644454","","","31061288","Nov 20, 2024 12:08 PM","","","","ASPIRE TOURISM INDIA PVT LTD"
"Nov 20, 2024 7:18 PM","3056110214584","WALLET_TOPUP","Credit Line","Topup","","438432","","637373420712","-261727.85","648427.85","Success","Bill Settle","438432","","8513490504","Paid using: hdfc_ccavenue; Payment Fee: 15.00; Merchant Txn Id: 113546978583","","0","0","0","3056110214584","","31061288","31061288","Nov 20, 2024 7:18 PM","","","ASPIRE TOURISM INDIA PVT LTD","ASPIRE TOURISM INDIA PVT LTD"
"Nov 20, 2024 7:25 PM","3091110215331","WALLET_TOPUP","Credit Line","Topup","","97503","","637373420712","-164224.85","550924.85","Success","Bill Settle","97503","","7726975201","Paid using: Payphi; Payment Fee: 0.00; Merchant Txn Id: 2200236248989","","0","0","0","3091110215331","","31061288","31061288","Nov 20, 2024 7:25 PM","","","ASPIRE TOURISM INDIA PVT LTD","ASPIRE TOURISM INDIA PVT LTD"
"Nov 20, 2024 7:26 PM","3003110215476","WALLET_TOPUP","Credit Line","Topup","","9050","","637373420712","-155174.85","541874.85","Success","Bill Settle","9050","","3007419242","Paid using: Payphi; Payment Fee: 0.00; Merchant Txn Id: 2200236249188","","0","0","0","3003110215476","","31061288","31061288","Nov 20, 2024 7:26 PM","","","ASPIRE TOURISM INDIA PVT LTD","ASPIRE TOURISM INDIA PVT LTD"
"Nov 20, 2024 7:27 PM","3073110215611","WALLET_TOPUP","Credit Line","Topup","","16334","","637373420712","-138840.85","525540.85","Success","Bill Settle","16334","","2356042518","Paid using: Payphi; Payment Fee: 0.00; Merchant Txn Id: 2200236249583","","0","0","0","3073110215611","","31061288","31061288","Nov 20, 2024 7:27 PM","","","ASPIRE TOURISM INDIA PVT LTD","ASPIRE TOURISM INDIA PVT LTD"
"Nov 20, 2024 7:29 PM","3095110215750","WALLET_TOPUP","Credit Line","Topup","","14499.5","","637373420712","-124341.35","511041.35","Success","Bill Settle","25541","","3912425844","Paid using: Payphi; Payment Fee: 0.00; Merchant Txn Id: 2200236249873","","0","0","0","3095110215750","","31061288","31061288","Nov 20, 2024 7:29 PM","","","ASPIRE TOURISM INDIA PVT LTD","ASPIRE TOURISM INDIA PVT LTD"
"Nov 20, 2024 7:29 PM","3095110215750","WALLET_TOPUP","Credit Line","Topup","","11041.5","","","-113299.85","499999.85","Success","Utilisation Adjustment","25541","","8214199736","Paid using: Payphi; Payment Fee: 0.00; Merchant Txn Id: 2200236249873","","0","0","0","3095110215750","","31061288","31061288","Nov 20, 2024 7:29 PM","","","ASPIRE TOURISM INDIA PVT LTD","ASPIRE TOURISM INDIA PVT LTD"
"Nov 20, 2024 8:36 PM","004298261538","NA","Credit Line","Temporary Limit Change","","500000","","","386700.15","499999.85","Success","","​-","","1294778556","CLR290048-Balu G,S Karthikeyan(51051718),Siva(27126)-Sufiyan surathiya-Limit","","0","0","0","004298261538","","853719","31061288","Nov 20, 2024 8:36 PM","","","Lahu Tikode","ASPIRE TOURISM INDIA PVT LTD"
"Nov 21, 2024 6:47 PM","TJ1109110318154","AIR","Credit Line","Paid For Order","19264","","","","367436.15","519263.85","Success","","19264","","1853102420","","","0","2000","0","TJ1109110318154","","31061288","31061288","Nov 21, 2024 6:47 PM","","","ASPIRE TOURISM INDIA PVT LTD","ASPIRE TOURISM INDIA PVT LTD"
"Nov 22, 2024 1:27 PM","3086110392497","WALLET_TOPUP","Credit Line","Topup","","43000","","","410436.15","476263.85","Success","Utilisation Adjustment","43000","","1686920263","Paid using: Payphi; Payment Fee: 1075.00; Merchant Txn Id: 4400236719166","","0","0","0","3086110392497","","31061288","31061288","Nov 22, 2024 1:27 PM","","","ASPIRE TOURISM INDIA PVT LTD","ASPIRE TOURISM INDIA PVT LTD"
"Nov 25, 2024 10:21 AM","TJ2049110645240","HOTEL","Credit Line","Paid For Order","6122.64","","","","404313.51","482386.49","Success","","6122.64","","5598057272","","","0","0","0","TJ2049110645240","","31061288","31061288","Nov 25, 2024 10:21 AM","","","ASPIRE TOURISM INDIA PVT LTD","ASPIRE TOURISM INDIA PVT LTD"
"Nov 26, 2024 1:26 PM","TJ2079110776329","HOTEL","Credit Line","Paid For Order","65863.88","","","","338449.63","548250.37","Success","","65863.86","","1069155695","","","0","3499.98","0","TJ2079110776329","","31061288","31061288","Nov 26, 2024 1:26 PM","","","ASPIRE TOURISM INDIA PVT LTD","ASPIRE TOURISM INDIA PVT LTD"
"Nov 27, 2024 12:08 PM","002262434124","NA","Credit Line","Temporary Limit Change","500000","","","","-161550.37","548250.37","Success","","​-","","8893168463","","","0","0","0","002262434124","","","31061288","Nov 27, 2024 12:08 PM","","","","ASPIRE TOURISM INDIA PVT LTD"
"Nov 28, 2024 5:14 PM","3050111004294","WALLET_TOPUP","Credit Line","Topup","","57012","","464796803591","-104538.37","491238.37","Success","Bill Settle","57012","","5329851410","Paid using: Payphi; Payment Fee: 0.00; Merchant Txn Id: 4400238372535","","0","0","0","3050111004294","","31061288","31061288","Nov 28, 2024 5:14 PM","","","ASPIRE TOURISM INDIA PVT LTD","ASPIRE TOURISM INDIA PVT LTD"
"Nov 28, 2024 5:16 PM","3030111004494","WALLET_TOPUP","Credit Line","Topup","","77100","","464796803591","-27438.37","414138.37","Success","Bill Settle","77100","","5525873966","Paid using: Payphi; Payment Fee: 0.00; Merchant Txn Id: 2200238372884","","0","0","0","3030111004494","","31061288","31061288","Nov 28, 2024 5:16 PM","","","ASPIRE TOURISM INDIA PVT LTD","ASPIRE TOURISM INDIA PVT LTD"
"Nov 28, 2024 5:18 PM","3073111004749","WALLET_TOPUP","Credit Line","Topup","","33870","","464796803591","6431.63","380268.37","Success","Bill Settle","33870","","5346856328","Paid using: Payphi; Payment Fee: 0.00; Merchant Txn Id: 2200238373602","","0","0","0","3073111004749","","31061288","31061288","Nov 28, 2024 5:18 PM","","","ASPIRE TOURISM INDIA PVT LTD","ASPIRE TOURISM INDIA PVT LTD"
"Nov 28, 2024 5:21 PM","3021111004868","WALLET_TOPUP","Credit Line","Topup","","34800","","464796803591","41231.63","345468.37","Success","Bill Settle","34800","","5920427298","Paid using: Payphi; Payment Fee: 0.00; Merchant Txn Id: 4400238374181","","0","0","0","3021111004868","","31061288","31061288","Nov 28, 2024 5:21 PM","","","ASPIRE TOURISM INDIA PVT LTD","ASPIRE TOURISM INDIA PVT LTD"
"Nov 28, 2024 5:27 PM","3010111005611","WALLET_TOPUP","Credit Line","Topup","","90000","","464796803591","131231.63","255468.37","Success","Bill Settle","90000","","9562245861","Paid using: Payphi; Payment Fee: 0.00; Merchant Txn Id: 2200238376127","","0","0","0","3010111005611","","31061288","31061288","Nov 28, 2024 5:27 PM","","","ASPIRE TOURISM INDIA PVT LTD","ASPIRE TOURISM INDIA PVT LTD"
"Nov 28, 2024 5:32 PM","3059111005959","WALLET_TOPUP","Netbanking","Topup","19225","","","","0","","Failure","","19225","","3848779410","Payment Pending, Paid using: Payphi; Payment Fee: 0.00; Failure reason: Awaiting user action","Payment failed due to a delayed response from the gateway","0","0","0","3059111005959","","","31061288","","","","","ASPIRE TOURISM INDIA PVT LTD"
"Nov 28, 2024 5:32 PM","3073111005727","WALLET_TOPUP","Credit Line","Topup","","20020","","464796803591","151251.63","235448.37","Success","Bill Settle","20020","","0932155103","Paid using: Payphi; Payment Fee: 0.00; Merchant Txn Id: 2200238377333","","0","0","0","3073111005727","","31061288","31061288","Nov 28, 2024 5:32 PM","","","ASPIRE TOURISM INDIA PVT LTD","ASPIRE TOURISM INDIA PVT LTD"
"Nov 28, 2024 5:33 PM","3069111006103","WALLET_TOPUP","Netbanking","Topup","10000","","","","0","","Failure","","10000","","3009983170","Payment Pending, Paid using: Payphi; Payment Fee: 0.00; Failure reason: Awaiting user action","Payment failed due to a delayed response from the gateway","0","0","0","3069111006103","","","31061288","","","","","ASPIRE TOURISM INDIA PVT LTD"
"Nov 28, 2024 6:56 PM","3019111015805","WALLET_TOPUP","Netbanking","Topup","45808","","","","0","","Failure","","45808","","1179076139","Payment Pending, Paid using: Payphi; Payment Fee: 0.00; Failure reason: Awaiting user action","Payment failed due to a delayed response from the gateway","0","0","0","3019111015805","","","31061288","","","","","ASPIRE TOURISM INDIA PVT LTD"
"Nov 29, 2024 10:03 AM","TJ1000111060947","AIR","Netbanking","Paid For Order","3396.85","","","","0","","Failure","","3314","","7996781286","Payment Failed. Paid using: Payphi; Payment Fee: 82.85; Failure reason: Request processed successfully","","82.85","300","0","TJ1000111060947","","31061288","31061288","","","","ASPIRE TOURISM INDIA PVT LTD","ASPIRE TOURISM INDIA PVT LTD"
"Nov 29, 2024 10:03 AM","TJ1000111060947","AIR","Credit Line","Commission","39.2","","-38.400000000000006","","0","","Failure","Utilisation Adjustment","39.2","","4765820040","Payment Failed. ","","0","0","0.8","TJ1000111060947","","31061288","31061288","","","","ASPIRE TOURISM INDIA PVT LTD","ASPIRE TOURISM INDIA PVT LTD"
"Nov 29, 2024 10:07 AM","TJ1000111060947","AIR","Netbanking","Paid For Order","3396.85","","","","0","","Failure","","3314","","6295632008","Payment Failed. Paid using: Payphi; Payment Fee: 82.85; Failure reason: Request processed successfully","Updated After Retry Payment Option","82.85","300","0","TJ1000111060947","","31061288","31061288","","","","ASPIRE TOURISM INDIA PVT LTD","ASPIRE TOURISM INDIA PVT LTD"
"Nov 29, 2024 10:07 AM","TJ1000111060947","AIR","Credit Line","Commission","39.2","","-38.400000000000006","","0","","Failure","Utilisation Adjustment","39.2","","8120084232","Payment Failed. ","","0","0","0.8","TJ1000111060947","","31061288","31061288","","","","ASPIRE TOURISM INDIA PVT LTD","ASPIRE TOURISM INDIA PVT LTD"
"Nov 29, 2024 10:59 AM","TJ1076111066846","AIR","Netbanking","Paid For Order","4107.18","","","","0","","Failure","","4007","","9948237988","Payment Failed. Paid using: Payphi; Payment Fee: 100.18; Failure reason: Request processed successfully","","100.18","0","0","TJ1076111066846","","31061288","31061288","","","","ASPIRE TOURISM INDIA PVT LTD","ASPIRE TOURISM INDIA PVT LTD"
"Nov 29, 2024 10:59 AM","TJ1076111066846","AIR","Credit Line","Commission","62.9","","-61.62","","0","","Failure","Utilisation Adjustment","62.9","","3856441539","Payment Failed. ","","0","0","1.28","TJ1076111066846","","31061288","31061288","","","","ASPIRE TOURISM INDIA PVT LTD","ASPIRE TOURISM INDIA PVT LTD"
"Nov 29, 2024 1:15 PM","3017111083531","WALLET_TOPUP","Credit Line","Topup","","42500","","464796803591","193751.63","192948.37","Success","Bill Settle","42500","","6000705840","Paid using: Payphi; Payment Fee: 0.00; Merchant Txn Id: 2200238555296","","0","0","0","3017111083531","","31061288","31061288","Nov 29, 2024 1:15 PM","","","ASPIRE TOURISM INDIA PVT LTD","ASPIRE TOURISM INDIA PVT LTD"
"Nov 29, 2024 7:06 PM","3049111121814","WALLET_TOPUP","Credit Line","Topup","","42318","","464796803591","236069.63","150630.37","Success","Bill Settle","42318","","5333175011","Paid using: Payphi; Payment Fee: 0.00; Merchant Txn Id: 2200238666044","","0","0","0","3049111121814","","31061288","31061288","Nov 29, 2024 7:06 PM","","","ASPIRE TOURISM INDIA PVT LTD","ASPIRE TOURISM INDIA PVT LTD"
"Nov 30, 2024 3:39 PM","3032111197251","WALLET_TOPUP","Credit Line","Topup","","41000","","464796803591","277069.63","109630.37","Success","Bill Settle","41000","","2440751337","Paid using: Payphi; Payment Fee: 0.00; Merchant Txn Id: 2200238878793","","0","0","0","3032111197251","","","31061288","Nov 30, 2024 3:39 PM","","","","ASPIRE TOURISM INDIA PVT LTD"
"Dec 2, 2024 2:11 PM","3002111362586","WALLET_TOPUP","Credit Line","Topup","","17709","","464796803591","294778.63","91921.37","Success","Bill Settle","17709","","0960054376","Paid using: Payphi; Payment Fee: 0.00; Merchant Txn Id: 4400239373722","","0","0","0","3002111362586","","31061288","31061288","Dec 2, 2024 2:11 PM","","","ASPIRE TOURISM INDIA PVT LTD","ASPIRE TOURISM INDIA PVT LTD"
"Dec 2, 2024 2:14 PM","3077111362550","WALLET_TOPUP","Netbanking","Topup","17209","","","","0","","Failure","","17209","","7020376892","Payment Pending, Paid using: Payphi; Payment Fee: 0.00; Failure reason: Awaiting user action","Payment failed due to a delayed response from the gateway","0","0","0","3077111362550","","","31061288","","","","","ASPIRE TOURISM INDIA PVT LTD"
"Dec 2, 2024 2:59 PM","3075111368066","WALLET_TOPUP","Netbanking","Topup","49000","","","","0","","Failure","","49000","","1303440692","Payment Pending, Paid using: Payphi; Payment Fee: 0.00; Failure reason: Awaiting user action","Payment failed due to a delayed response from the gateway","0","0","0","3075111368066","","","31061288","","","","","ASPIRE TOURISM INDIA PVT LTD"
"Dec 2, 2024 3:03 PM","3082111368617","WALLET_TOPUP","Netbanking","Topup","49000","","","","0","","Failure","","49000","","3614682633","Payment Pending, Paid using: Payphi; Payment Fee: 0.00; Failure reason: Awaiting user action","Payment failed due to a delayed response from the gateway","0","0","0","3082111368617","","","31061288","","","","","ASPIRE TOURISM INDIA PVT LTD"
"Dec 2, 2024 3:13 PM","3012111370000","WALLET_TOPUP","Netbanking","Topup","48985","","","","0","","Failure","","48500","","9917922907","Payment Failed. Paid using: Payphi; Payment Fee: 485.00; Failure reason: Request processed successfully","","485","0","0","3012111370000","","31061288","31061288","","","","ASPIRE TOURISM INDIA PVT LTD","ASPIRE TOURISM INDIA PVT LTD"
"Dec 2, 2024 3:17 PM","3005111370566","WALLET_TOPUP","Netbanking","Topup","48985","","","","0","","Failure","","48500","","1673231553","Payment Failed. Paid using: Payphi; Payment Fee: 485.00; Failure reason: Request processed successfully","","485","0","0","3005111370566","","31061288","31061288","","","","ASPIRE TOURISM INDIA PVT LTD","ASPIRE TOURISM INDIA PVT LTD"
"Dec 2, 2024 3:26 PM","3080111371615","WALLET_TOPUP","Credit Line","Topup","","19934.85","","464796803591","314713.48","71986.52","Success","Bill Settle","49000","","6691554123","Paid using: Payphi; Payment Fee: 0.00; Merchant Txn Id: 4400239405474","","0","0","0","3080111371615","","31061288","31061288","Dec 2, 2024 3:26 PM","","","ASPIRE TOURISM INDIA PVT LTD","ASPIRE TOURISM INDIA PVT LTD"
"Dec 2, 2024 3:26 PM","3080111371615","WALLET_TOPUP","Credit Line","Topup","","29065.15","","043165237847","343778.63","42921.37","Success","Bill Settle","49000","","8395514257","Paid using: Payphi; Payment Fee: 0.00; Merchant Txn Id: 4400239405474","","0","0","0","3080111371615","","31061288","31061288","Dec 2, 2024 3:26 PM","","","ASPIRE TOURISM INDIA PVT LTD","ASPIRE TOURISM INDIA PVT LTD"
"Dec 2, 2024 4:20 PM","TJ2083111377609","HOTEL","Credit Line","Paid For Order","23148.12","","","","320630.51","66069.49","Success","","23148.12","","9675306383","","","0","6355","0","TJ2083111377609","","31061288","31061288","Dec 2, 2024 4:20 PM","","","ASPIRE TOURISM INDIA PVT LTD","ASPIRE TOURISM INDIA PVT LTD"
"Dec 2, 2024 4:33 PM","TJ2007111378849","HOTEL","Credit Line","Paid For Order","39429.06","","","","281201.45","105498.55","Success","","39429.06","","9898408345","","","0","0","0","TJ2007111378849","","31061288","31061288","Dec 2, 2024 4:33 PM","","","ASPIRE TOURISM INDIA PVT LTD","ASPIRE TOURISM INDIA PVT LTD"
"Dec 2, 2024 4:40 PM","TJ2056111380178","HOTEL","Credit Line","Paid For Order","38399.34","","","","242802.11","143897.89","Success","","38399.34","","2264730132","","","0","0","0","TJ2056111380178","","31061288","31061288","Dec 2, 2024 4:40 PM","","","ASPIRE TOURISM INDIA PVT LTD","ASPIRE TOURISM INDIA PVT LTD"
"Dec 2, 2024 5:25 PM","TJ2056111380178","HOTEL","Credit Line","Paid For Amendment","761.46","","","","242040.65","144659.35","Success","","​-","","0127609894","","","0","0","0","TJ2056111380178","TJA65111385613","81131147","31061288","Dec 2, 2024 5:25 PM","","","Dharmendra Parthasarthy Acharya","ASPIRE TOURISM INDIA PVT LTD"
"Dec 3, 2024 9:54 AM","TJ1008111440158","AIR","Credit Line","Paid For Order","4478","","","","237562.65","149137.35","Success","","4478","","4814861282","","","0","300","0","TJ1008111440158","","31061288","31061288","Dec 3, 2024 9:54 AM","","","ASPIRE TOURISM INDIA PVT LTD","ASPIRE TOURISM INDIA PVT LTD"
"Dec 3, 2024 9:54 AM","TJ1008111440158","AIR","Credit Line","Commission","","34.03","34.72","","237596.68","149103.32","Success","Utilisation Adjustment","​-","","9981152099","","","0","0","0.69","TJ1008111440158","","31061288","31061288","Dec 3, 2024 9:54 AM","","","ASPIRE TOURISM INDIA PVT LTD","ASPIRE TOURISM INDIA PVT LTD"
"Dec 3, 2024 11:37 AM","TJ1008111440158","AIR","Credit Line","Refund","","3404","","","241000.68","145699.32","Success","Utilisation Adjustment","3404","","7272803483","","","0","0","0","TJ1008111440158","TJA95111449700","31061288","31061288","Dec 3, 2024 11:37 AM","","","ASPIRE TOURISM INDIA PVT LTD","ASPIRE TOURISM INDIA PVT LTD"
"Dec 3, 2024 11:37 AM","TJ1008111440158","AIR","Credit Line","Commission","34.03","","-34.72","","240966.65","145733.35","Success","","​-","","4025169547","","","0","0","-0.69","TJ1008111440158","TJA95111449700","31061288","31061288","Dec 3, 2024 11:37 AM","","","ASPIRE TOURISM INDIA PVT LTD","ASPIRE TOURISM INDIA PVT LTD"
"Dec 3, 2024 11:40 AM","TJ1011111449963","AIR","Credit Line","Paid For Order","7374","","","","233592.65","153107.35","Success","","7374","","4250544797","","","0","0","0","TJ1011111449963","","31061288","31061288","Dec 3, 2024 11:40 AM","","","ASPIRE TOURISM INDIA PVT LTD","ASPIRE TOURISM INDIA PVT LTD"
"Dec 3, 2024 11:40 AM","TJ1011111449963","AIR","Credit Line","Commission","","61.05","62.3","","233653.7","153046.3","Success","Utilisation Adjustment","​-","","1994792536","","","0","0","1.25","TJ1011111449963","","31061288","31061288","Dec 3, 2024 11:40 AM","","","ASPIRE TOURISM INDIA PVT LTD","ASPIRE TOURISM INDIA PVT LTD"
"Dec 3, 2024 3:06 PM","3080111474825","WALLET_TOPUP","Credit Line","Topup","","4050","","043165237847","237703.7","148996.3","Success","Bill Settle","4050","","1769608444","Paid using: Payphi; Payment Fee: 0.00; Merchant Txn Id: 4400239685065","","0","0","0","3080111474825","","31061288","31061288","Dec 3, 2024 3:06 PM","","","ASPIRE TOURISM INDIA PVT LTD","ASPIRE TOURISM INDIA PVT LTD"
"Dec 4, 2024 1:07 PM","3081111567730","WALLET_TOPUP","Credit Line","Topup","","36600","","043165237847","274303.7","112396.3","Success","Bill Settle","36600","","1483543510","Paid using: Payphi; Payment Fee: 0.00; Merchant Txn Id: 4400239922693","","0","0","0","3081111567730","","31061288","31061288","Dec 4, 2024 1:07 PM","","","ASPIRE TOURISM INDIA PVT LTD","ASPIRE TOURISM INDIA PVT LTD"
"Dec 4, 2024 1:08 PM","3060111567896","WALLET_TOPUP","Credit Line","Topup","","2271.37","","043165237847","276575.07","110124.93","Success","Bill Settle","2272","","1322131588","Paid using: Payphi; Payment Fee: 0.00; Merchant Txn Id: 2200239923567","","0","0","0","3060111567896","","31061288","31061288","Dec 4, 2024 1:08 PM","","","ASPIRE TOURISM INDIA PVT LTD","ASPIRE TOURISM INDIA PVT LTD"
"Dec 4, 2024 1:08 PM","3060111567896","WALLET_TOPUP","Credit Line","Topup","","0.63","","","276575.7","110124.3","Success","Utilisation Adjustment","2272","","4051210689","Paid using: Payphi; Payment Fee: 0.00; Merchant Txn Id: 2200239923567","","0","0","0","3060111567896","","31061288","31061288","Dec 4, 2024 1:08 PM","","","ASPIRE TOURISM INDIA PVT LTD","ASPIRE TOURISM INDIA PVT LTD"
"Dec 4, 2024 1:13 PM","TJ1149111568236","AIR","Credit Line","Paid For Order","28747.9","","","","247827.8","138872.2","Success","","28747.9","","1172707580","","","0","1553","0","TJ1149111568236","","31061288","31061288","Dec 4, 2024 1:13 PM","","","ASPIRE TOURISM INDIA PVT LTD","ASPIRE TOURISM INDIA PVT LTD"
"Dec 5, 2024 10:56 PM","TJ1058111721226","AIR","Credit Line","Paid For Order","87750","","","","160077.8","226622.2","Success","","87750","","8036195163","","","0","6000","0","TJ1058111721226","","31061288","31061288","Dec 5, 2024 10:56 PM","","","ASPIRE TOURISM INDIA PVT LTD","ASPIRE TOURISM INDIA PVT LTD"
"Dec 6, 2024 3:40 PM","TJ1187111771004","AIR","Credit Line","Paid For Order","27370","","","","132707.8","253992.2","Success","","27370","","8175776728","","","0","600","0","TJ1187111771004","","31061288","31061288","Dec 6, 2024 3:40 PM","","","ASPIRE TOURISM INDIA PVT LTD","ASPIRE TOURISM INDIA PVT LTD"
"Dec 6, 2024 3:53 PM","TJ1157111771864","AIR","Credit Line","Paid For Order","14192.82","","","","118514.98","268185.02","Success","","14192.82","","1746801510","","","0","600","0","TJ1157111771864","","31061288","31061288","Dec 6, 2024 3:53 PM","","","ASPIRE TOURISM INDIA PVT LTD","ASPIRE TOURISM INDIA PVT LTD"
"Dec 6, 2024 4:07 PM","TJ1187111771004","AIR","Credit Line","Reverse","","27370","","","145884.98","240815.02","Success","Utilisation Adjustment","27370","","7893038377","","","0","0","0","TJ1187111771004","","61142645","31061288","Dec 6, 2024 4:07 PM","","","Safa Kalu","ASPIRE TOURISM INDIA PVT LTD"
"Dec 6, 2024 4:26 PM","TJ1040111775641","AIR","Credit Line","Paid For Order","35220","","","","110664.98","276035.02","Success","","35220","","4120950716","","","0","0","0","TJ1040111775641","","31061288","31061288","Dec 6, 2024 4:26 PM","","","ASPIRE TOURISM INDIA PVT LTD","ASPIRE TOURISM INDIA PVT LTD"
"Dec 6, 2024 4:35 PM","TJ1182111776299","AIR","Credit Line","Paid For Order","16918","","","","93746.98","292953.02","Success","","16918","","8636293901","","","0","0","0","TJ1182111776299","","31061288","31061288","Dec 6, 2024 4:35 PM","","","ASPIRE TOURISM INDIA PVT LTD","ASPIRE TOURISM INDIA PVT LTD"
"Dec 6, 2024 4:35 PM","TJ1182111776299","AIR","Credit Line","Commission","","156.8","160","","93903.78","292796.22","Success","Utilisation Adjustment","​-","","8012391077","","","0","0","3.2","TJ1182111776299","","31061288","31061288","Dec 6, 2024 4:35 PM","","","ASPIRE TOURISM INDIA PVT LTD","ASPIRE TOURISM INDIA PVT LTD"
"Dec 6, 2024 4:57 PM","TJ1128111779043","AIR","Credit Line","Paid For Order","27916","","","","65987.78","320712.22","Success","","27916","","7272417799","","","0","0","0","TJ1128111779043","","31061288","31061288","Dec 6, 2024 4:57 PM","","","ASPIRE TOURISM INDIA PVT LTD","ASPIRE TOURISM INDIA PVT LTD"
"Dec 6, 2024 4:57 PM","TJ1128111779043","AIR","Credit Line","Commission","","1834.17","1871.6000000000001","","67821.95","318878.05","Success","Utilisation Adjustment","​-","","8039149603","","","0","0","37.43","TJ1128111779043","","31061288","31061288","Dec 6, 2024 4:57 PM","","","ASPIRE TOURISM INDIA PVT LTD","ASPIRE TOURISM INDIA PVT LTD"
"Dec 6, 2024 5:30 PM","008985648561","NA","Credit Line","Temporary Limit Change","","200000","","","267821.95","318878.05","Success","","​-","","1800075398","CLR296379-Balu G,S Karthikeyan(51051718)-Mayuri Palsambkar-Limit","","0","0","0","008985648561","","111483","31061288","Dec 6, 2024 5:30 PM","","","Mayuri Palsambkar","ASPIRE TOURISM INDIA PVT LTD"
"Dec 7, 2024 4:44 PM","TJ1007111866415","AIR","Netbanking","Paid For Order","34100","","","","0","","Success","","34100","","3239785457","Paid using: Payphi; Payment Fee: 0.00; Merchant Txn Id: 4400240875583","","0","0","0","TJ1007111866415","","31061288","31061288","","","","ASPIRE TOURISM INDIA PVT LTD","ASPIRE TOURISM INDIA PVT LTD"
"Dec 7, 2024 5:38 PM","3020111871350","WALLET_TOPUP","Credit Line","Topup","","11324","","","279145.95","307554.05","Success","Utilisation Adjustment","11324","","9358710522","Paid using: hdfc_ccavenue; Payment Fee: 15.00; Merchant Txn Id: 113566964083","","0","0","0","3020111871350","","31061288","31061288","Dec 7, 2024 5:38 PM","","","ASPIRE TOURISM INDIA PVT LTD","ASPIRE TOURISM INDIA PVT LTD"
"Dec 7, 2024 5:43 PM","3063111871688","WALLET_TOPUP","Credit Line","Topup","","127000","","","406145.95","180554.05","Success","Utilisation Adjustment","127000","","3325491976","Paid using: hdfc_ccavenue; Payment Fee: 15.00; Merchant Txn Id: 113566968388","","0","0","0","3063111871688","","31061288","31061288","Dec 7, 2024 5:43 PM","","","ASPIRE TOURISM INDIA PVT LTD","ASPIRE TOURISM INDIA PVT LTD"
"Dec 10, 2024 10:07 AM","3090112076546","WALLET_TOPUP","Credit Line","Topup","","86122","","208521685848","492267.95","94432.05","Success","Bill Settle","86122","","2580314262","Paid using: hdfc_ccavenue; Payment Fee: 1679.38; Merchant Txn Id: 113569566986","","0","0","0","3090112076546","","31061288","31061288","Dec 10, 2024 10:07 AM","","","ASPIRE TOURISM INDIA PVT LTD","ASPIRE TOURISM INDIA PVT LTD"
"Dec 10, 2024 10:19 AM","TJ1130112077083","AIR","Credit Line","Paid For Order","85122","","","","407145.95","179554.05","Success","","85122","","8621726394","","","0","1000.02","0","TJ1130112077083","","31061288","31061288","Dec 10, 2024 10:19 AM","","","ASPIRE TOURISM INDIA PVT LTD","ASPIRE TOURISM INDIA PVT LTD"
"Dec 10, 2024 10:19 AM","TJ1130112077083","AIR","Credit Line","Commission","","2547.36","2599.32","","409693.31","177006.69","Success","Utilisation Adjustment","​-","","7103155520","","","0","0","51.96","TJ1130112077083","","31061288","31061288","Dec 10, 2024 10:19 AM","","","ASPIRE TOURISM INDIA PVT LTD","ASPIRE TOURISM INDIA PVT LTD"
"Dec 10, 2024 2:13 PM","3013112104752","WALLET_TOPUP","Credit Line","Topup","","94432.05","","208521685848","504125.36","82574.64","Success","Bill Settle","116074","","0758378662","Paid using: hdfc_ccavenue; Payment Fee: 2263.44; Merchant Txn Id: 113569926415","","0","0","0","3013112104752","","31061288","31061288","Dec 10, 2024 2:13 PM","","","ASPIRE TOURISM INDIA PVT LTD","ASPIRE TOURISM INDIA PVT LTD"
"Dec 10, 2024 2:13 PM","3013112104752","WALLET_TOPUP","Credit Line","Topup","","21641.95","","","525767.31","60932.69","Success","Utilisation Adjustment","116074","","4583818523","Paid using: hdfc_ccavenue; Payment Fee: 2263.44; Merchant Txn Id: 113569926415","","0","0","0","3013112104752","","31061288","31061288","Dec 10, 2024 2:13 PM","","","ASPIRE TOURISM INDIA PVT LTD","ASPIRE TOURISM INDIA PVT LTD"
"Dec 10, 2024 2:18 PM","TJ1129112105637","AIR","Credit Line","Paid For Order","115074","","","","410693.31","176006.69","Success","","115074","","9559293237","","","0","0","0","TJ1129112105637","","31061288","31061288","Dec 10, 2024 2:18 PM","","","ASPIRE TOURISM INDIA PVT LTD","ASPIRE TOURISM INDIA PVT LTD"
"Dec 10, 2024 2:18 PM","TJ1129112105637","AIR","Credit Line","Commission","","1767.6","1803.6599999999999","","412460.91","174239.09","Success","Utilisation Adjustment","​-","","5172237642","","","0","0","36.06","TJ1129112105637","","31061288","31061288","Dec 10, 2024 2:18 PM","","","ASPIRE TOURISM INDIA PVT LTD","ASPIRE TOURISM INDIA PVT LTD"
"Dec 11, 2024 10:17 AM","TJ1087112175519","AIR","Credit Line","Paid For Order","10220","","","","402240.91","184459.09","Success","","10220","","3519937201","","","0","0","0","TJ1087112175519","","31061288","31061288","Dec 11, 2024 10:17 AM","","","ASPIRE TOURISM INDIA PVT LTD","ASPIRE TOURISM INDIA PVT LTD"
"Dec 11, 2024 10:17 AM","TJ1087112175519","AIR","Credit Line","Commission","","76.44","78","","402317.35","184382.65","Success","Utilisation Adjustment","​-","","7255579111","","","0","0","1.56","TJ1087112175519","","31061288","31061288","Dec 11, 2024 10:17 AM","","","ASPIRE TOURISM INDIA PVT LTD","ASPIRE TOURISM INDIA PVT LTD"
"Dec 11, 2024 12:07 PM","009232574345","NA","Credit Line","Temporary Limit Change","200000","","","","202317.35","184382.65","Success","","​-","","1959070535","","","0","0","0","009232574345","","","31061288","Dec 11, 2024 12:07 PM","","","","ASPIRE TOURISM INDIA PVT LTD"
"Dec 11, 2024 2:04 PM","TJ1191112199799","AIR","Credit Line","Paid For Order","78970","","","","123347.35","263352.65","Success","","78970","","6795054675","","","0","0","0","TJ1191112199799","","31061288","31061288","Dec 11, 2024 2:04 PM","","","ASPIRE TOURISM INDIA PVT LTD","ASPIRE TOURISM INDIA PVT LTD"
"Dec 11, 2024 6:11 PM","3028112226245","WALLET_TOPUP","Credit Line","Topup","","70000","","","193347.35","193352.65","Success","Utilisation Adjustment","70000","","2708719289","Paid using: hdfc_ccavenue; Payment Fee: 1365.00; Merchant Txn Id: 113571544705","","0","0","0","3028112226245","","31061288","31061288","Dec 11, 2024 6:11 PM","","","ASPIRE TOURISM INDIA PVT LTD","ASPIRE TOURISM INDIA PVT LTD"
"Dec 12, 2024 10:39 AM","TJ1169112271695","AIR","Credit Line","Paid For Order","23500","","","","169847.35","216852.65","Success","","23500","","7941309205","","","0","0","0","TJ1169112271695","","31061288","31061288","Dec 12, 2024 10:39 AM","","","ASPIRE TOURISM INDIA PVT LTD","ASPIRE TOURISM INDIA PVT LTD"
"Dec 12, 2024 10:39 AM","TJ1169112271695","AIR","Credit Line","Commission","","646.8","660","","170494.15","216205.85","Success","Utilisation Adjustment","​-","","9122938822","","","0","0","13.2","TJ1169112271695","","31061288","31061288","Dec 12, 2024 10:39 AM","","","ASPIRE TOURISM INDIA PVT LTD","ASPIRE TOURISM INDIA PVT LTD"
"Dec 12, 2024 11:14 AM","TJ1124112275117","AIR","Credit Line","Paid For Order","45998","","","","124496.15","262203.85","Success","","45998","","3503191764","","","0","1400","0","TJ1124112275117","","31061288","31061288","Dec 12, 2024 11:14 AM","","","ASPIRE TOURISM INDIA PVT LTD","ASPIRE TOURISM INDIA PVT LTD"
"Dec 12, 2024 11:14 AM","TJ1124112275117","AIR","Credit Line","Commission","","632.48","645.4","","125128.63","261571.37","Success","Utilisation Adjustment","​-","","2251473388","","","0","0","12.92","TJ1124112275117","","31061288","31061288","Dec 12, 2024 11:14 AM","","","ASPIRE TOURISM INDIA PVT LTD","ASPIRE TOURISM INDIA PVT LTD"
"Dec 13, 2024 2:05 PM","TJ1198112390889","AIR","Credit Line","Paid For Order","41097","","","","84031.63","302668.37","Success","","41097","","6514304418","","","0","250","0","TJ1198112390889","","31061288","31061288","Dec 13, 2024 2:05 PM","","","ASPIRE TOURISM INDIA PVT LTD","ASPIRE TOURISM INDIA PVT LTD"
"Dec 13, 2024 2:05 PM","TJ1198112390889","AIR","Credit Line","Commission","","2655.89","2710.0899999999997","","86687.52","300012.48","Success","Utilisation Adjustment","​-","","2632738054","","","0","0","54.2","TJ1198112390889","","31061288","31061288","Dec 13, 2024 2:05 PM","","","ASPIRE TOURISM INDIA PVT LTD","ASPIRE TOURISM INDIA PVT LTD"
"Dec 13, 2024 4:27 PM","TJ1109112405468","AIR","Credit Line","Paid For Order","63472","","","","23215.52","363484.48","Success","","63472","","4183113824","","","0","2000","0","TJ1109112405468","","31061288","31061288","Dec 13, 2024 4:27 PM","","","ASPIRE TOURISM INDIA PVT LTD","ASPIRE TOURISM INDIA PVT LTD"
"Dec 13, 2024 4:27 PM","TJ1109112405468","AIR","Credit Line","Commission","","593.66","605.78","","23809.18","362890.82","Success","Utilisation Adjustment","​-","","9301522247","","","0","0","12.12","TJ1109112405468","","31061288","31061288","Dec 13, 2024 4:27 PM","","","ASPIRE TOURISM INDIA PVT LTD","ASPIRE TOURISM INDIA PVT LTD"
"Dec 13, 2024 5:41 PM","TJ1051112413452","AIR","Credit Line","Paid For Order","3945","","","","19864.18","366835.82","Success","","3945","","5684166668","","","0","0","0","TJ1051112413452","","31061288","31061288","Dec 13, 2024 5:41 PM","","","ASPIRE TOURISM INDIA PVT LTD","ASPIRE TOURISM INDIA PVT LTD"
"Dec 13, 2024 5:41 PM","TJ1051112413452","AIR","Credit Line","Commission","","27.34","27.9","","19891.52","366808.48","Success","Utilisation Adjustment","​-","","4002614259","","","0","0","0.56","TJ1051112413452","","31061288","31061288","Dec 13, 2024 5:41 PM","","","ASPIRE TOURISM INDIA PVT LTD","ASPIRE TOURISM INDIA PVT LTD"
"Dec 13, 2024 8:34 PM","TJ1071112430194","AIR","Netbanking","Paid For Order","28404.8","","","","0","","Success","","27712","","7403097426","Paid using: Payphi; Payment Fee: 692.80; Merchant Txn Id: 4400242525347","","692.8","0","0","TJ1071112430194","","31061288","31061288","","","","ASPIRE TOURISM INDIA PVT LTD","ASPIRE TOURISM INDIA PVT LTD"
"Dec 13, 2024 8:34 PM","TJ1071112430194","AIR","Credit Line","Commission","","233.1","237.85999999999999","","20124.62","366575.38","Success","Utilisation Adjustment","233.1","","0427008998","","","0","0","4.76","TJ1071112430194","","31061288","31061288","Dec 13, 2024 8:34 PM","","","ASPIRE TOURISM INDIA PVT LTD","ASPIRE TOURISM INDIA PVT LTD"
"Dec 14, 2024 3:01 PM","007362971069","NA","Credit Line","Temporary Limit Change","","300000","","","320124.62","366575.38","Success","","​-","","1469081858","CLR299340-Balu G,S Karthikeyan(51051718),Siva(27126)-Swapna Bhoga-Limit","","0","0","0","007362971069","","419055","31061288","Dec 14, 2024 3:01 PM","","","Swapna Bhoga","ASPIRE TOURISM INDIA PVT LTD"
"Dec 14, 2024 3:54 PM","TJ1188112492274","AIR","Credit Line","Paid For Order","27812","","","","292312.62","394387.38","Success","","27812","","5242537834","","","0","800","0","TJ1188112492274","","31061288","31061288","Dec 14, 2024 3:54 PM","","","ASPIRE TOURISM INDIA PVT LTD","ASPIRE TOURISM INDIA PVT LTD"
"Dec 14, 2024 3:54 PM","TJ1188112492274","AIR","Credit Line","Commission","","784","800","","293096.62","393603.38","Success","Utilisation Adjustment","​-","","8132516190","","","0","0","16","TJ1188112492274","","31061288","31061288","Dec 14, 2024 3:54 PM","","","ASPIRE TOURISM INDIA PVT LTD","ASPIRE TOURISM INDIA PVT LTD"
"Dec 14, 2024 4:14 PM","TJ1126112494140","AIR","Credit Line","Paid For Order","45432","","","","247664.62","439035.38","Success","","45432","","6901118821","","","0","800","0","TJ1126112494140","","31061288","31061288","Dec 14, 2024 4:14 PM","","","ASPIRE TOURISM INDIA PVT LTD","ASPIRE TOURISM INDIA PVT LTD"
"Dec 14, 2024 4:14 PM","TJ1126112494140","AIR","Credit Line","Commission","","672.96","686.7","","248337.58","438362.42","Success","Utilisation Adjustment","​-","","2820492980","","","0","0","13.74","TJ1126112494140","","31061288","31061288","Dec 14, 2024 4:14 PM","","","ASPIRE TOURISM INDIA PVT LTD","ASPIRE TOURISM INDIA PVT LTD"
"Dec 16, 2024 1:07 PM","3054112631012","WALLET_TOPUP","Credit Line","Topup","","90000","","300168251034","338337.58","348362.42","Success","Bill Settle","90000","","1699875676","Paid using: Payphi; Payment Fee: 0.00; Merchant Txn Id: 2200243176156","","0","0","0","3054112631012","","31061288","31061288","Dec 16, 2024 1:07 PM","","","ASPIRE TOURISM INDIA PVT LTD","ASPIRE TOURISM INDIA PVT LTD"
"Dec 16, 2024 3:59 PM","TJ2034112650550","HOTEL","Credit Line","Paid For Order","16332.58","","","","322005","364695","Success","","16332.58","","1342399109","","","0","0","0","TJ2034112650550","","31061288","31061288","Dec 16, 2024 3:59 PM","","","ASPIRE TOURISM INDIA PVT LTD","ASPIRE TOURISM INDIA PVT LTD"
"Dec 17, 2024 8:46 PM","TJ1147112778963","AIR","Credit Line","Paid For Order","35600","","","","286405","400295","Success","","35600","","5456817570","","","0","3000","0","TJ1147112778963","","31061288","31061288","Dec 17, 2024 8:46 PM","","","ASPIRE TOURISM INDIA PVT LTD","ASPIRE TOURISM INDIA PVT LTD"
"Dec 17, 2024 8:46 PM","TJ1147112778963","AIR","Credit Line","Commission","","2330.83","2378.4","","288735.83","397964.17","Success","Utilisation Adjustment","​-","","0570567588","","","0","0","47.57","TJ1147112778963","","31061288","31061288","Dec 17, 2024 8:46 PM","","","ASPIRE TOURISM INDIA PVT LTD","ASPIRE TOURISM INDIA PVT LTD"
"Dec 18, 2024 11:52 AM","3010112819057","WALLET_TOPUP","Credit Line","Topup","","90000","","300168251034","378735.83","307964.17","Success","Bill Settle","90000","","8935125501","Paid using: Payphi; Payment Fee: 0.00; Merchant Txn Id: 4400243692754","","0","0","0","3010112819057","","31061288","31061288","Dec 18, 2024 11:52 AM","","","ASPIRE TOURISM INDIA PVT LTD","ASPIRE TOURISM INDIA PVT LTD"
"Dec 18, 2024 11:55 AM","3065112819023","WALLET_TOPUP","Netbanking","Topup","100000","","","","0","","Failure","","100000","","9724305922","Payment Pending, Paid using: Payphi; Payment Fee: 0.00; Failure reason: Awaiting user action","Payment failed due to a delayed response from the gateway","0","0","0","3065112819023","","","31061288","","","","","ASPIRE TOURISM INDIA PVT LTD"
"Dec 18, 2024 11:57 AM","3025112819305","WALLET_TOPUP","Netbanking","Topup","98000","","","","0","","Failure","","98000","","7878270125","Payment Pending, Paid using: Payphi; Payment Fee: 0.00; Failure reason: Awaiting user action","Payment failed due to a delayed response from the gateway","0","0","0","3025112819305","","","31061288","","","","","ASPIRE TOURISM INDIA PVT LTD"
"Dec 18, 2024 11:58 AM","3049112819403","WALLET_TOPUP","Netbanking","Topup","86000","","","","0","","Failure","","86000","","6294517724","Payment Pending, Paid using: Payphi; Payment Fee: 0.00; Failure reason: Awaiting user action","Payment failed due to a delayed response from the gateway","0","0","0","3049112819403","","","31061288","","","","","ASPIRE TOURISM INDIA PVT LTD"
"Dec 18, 2024 11:59 AM","3062112819479","WALLET_TOPUP","Netbanking","Topup","80000","","","","0","","Failure","","80000","","3676523752","Payment Pending, Paid using: Payphi; Payment Fee: 0.00; Failure reason: Awaiting user action","Payment failed due to a delayed response from the gateway","0","0","0","3062112819479","","","31061288","","","","","ASPIRE TOURISM INDIA PVT LTD"
"Dec 18, 2024 12:04 PM","3069112820526","WALLET_TOPUP","Netbanking","Topup","60000","","","","0","","Failure","","60000","","9819306166","Payment Pending, Paid using: Payphi; Payment Fee: 0.00; Failure reason: Awaiting user action","Payment failed due to a delayed response from the gateway","0","0","0","3069112820526","","31061288","31061288","","","","ASPIRE TOURISM INDIA PVT LTD","ASPIRE TOURISM INDIA PVT LTD"
"Dec 18, 2024 12:14 PM","002118369128","NA","Credit Line","Temporary Limit Change","300000","","","","78735.83","307964.17","Success","","​-","","3290652575","","","0","0","0","002118369128","","","31061288","Dec 18, 2024 12:14 PM","","","","ASPIRE TOURISM INDIA PVT LTD"
"Dec 18, 2024 6:30 PM","TJ1175112861592","AIR","Netbanking","Paid For Order","38290","","","","0","","Failure","","38290","","1791577228","Payment Pending, Paid using: Payphi; Payment Fee: 0.00; Failure reason: Transaction Not available in system","Payment failed due to a delayed response from the gateway","0","2000","0","TJ1175112861592","","","31061288","","","","","ASPIRE TOURISM INDIA PVT LTD"
"Dec 18, 2024 6:46 PM","TJ1166112864495","AIR","Netbanking","Paid For Order","38290","","","","0","","Success","","38290","","7518761663","Paid using: Payphi; Payment Fee: 0.00; Merchant Txn Id: 4400243840866","","0","2000","0","TJ1166112864495","","31061288","31061288","","","","ASPIRE TOURISM INDIA PVT LTD","ASPIRE TOURISM INDIA PVT LTD"
"Dec 19, 2024 11:25 AM","3073112913321","WALLET_TOPUP","Netbanking","Topup","36900","","","","0","","Failure","","36000","","6567384766","Payment Failed. Paid using: Payphi; Payment Fee: 900.00; Failure reason: Request processed successfully","","900","0","0","3073112913321","","31061288","31061288","","","","ASPIRE TOURISM INDIA PVT LTD","ASPIRE TOURISM INDIA PVT LTD"
"Dec 19, 2024 11:28 AM","3002112913723","WALLET_TOPUP","Credit Line","Topup","","36000","","300168251034","114735.83","271964.17","Success","Bill Settle","36000","","5710443905","Paid using: Payphi; Payment Fee: 900.00; Merchant Txn Id: 2200243935518","","0","0","0","3002112913723","","31061288","31061288","Dec 19, 2024 11:28 AM","","","ASPIRE TOURISM INDIA PVT LTD","ASPIRE TOURISM INDIA PVT LTD"
"Dec 19, 2024 4:56 PM","TJ1040112948208","AIR","Netbanking","Paid For Order","15260","","","","0","","Success","","15260","","9401137405","Paid using: Payphi; Payment Fee: 0.00; Merchant Txn Id: 2200244029542","","0","500","0","TJ1040112948208","","31061288","31061288","","","","ASPIRE TOURISM INDIA PVT LTD","ASPIRE TOURISM INDIA PVT LTD"
"Dec 19, 2024 4:56 PM","TJ1040112948208","AIR","Credit Line","Commission","","123.48","126","","114859.31","271840.69","Success","Utilisation Adjustment","123.48","","8732669498","","","0","0","2.52","TJ1040112948208","","31061288","31061288","Dec 19, 2024 4:56 PM","","","ASPIRE TOURISM INDIA PVT LTD","ASPIRE TOURISM INDIA PVT LTD"
"Dec 19, 2024 6:45 PM","3082112959653","WALLET_TOPUP","Credit Line","Topup","","29000","","300168251034","143859.31","242840.69","Success","Bill Settle","29000","","5448190712","Paid using: Payphi; Payment Fee: 725.00; Merchant Txn Id: 2200244052297","","0","0","0","3082112959653","","31061288","31061288","Dec 19, 2024 6:45 PM","","","ASPIRE TOURISM INDIA PVT LTD","ASPIRE TOURISM INDIA PVT LTD"
"Dec 20, 2024 3:42 PM","3041113036487","WALLET_TOPUP","Netbanking","Topup","225500","","","","0","","Failure","","220000","","1376335551","Payment Failed. Paid using: Payphi; Payment Fee: 5500.00; Failure reason: Request processed successfully","","5500","0","0","3041113036487","","31061288","31061288","","","","ASPIRE TOURISM INDIA PVT LTD","ASPIRE TOURISM INDIA PVT LTD"
"Dec 21, 2024 11:56 AM","3018113103197","WALLET_TOPUP","Credit Line","Topup","","193362.42","","300168251034","337221.73","49478.27","Success","Bill Settle","195000","","8309330139","Paid using: Payphi; Payment Fee: 4875.00; Merchant Txn Id: 2200244424708","","0","0","0","3018113103197","","31061288","31061288","Dec 21, 2024 11:56 AM","","","ASPIRE TOURISM INDIA PVT LTD","ASPIRE TOURISM INDIA PVT LTD"
"Dec 21, 2024 11:56 AM","3018113103197","WALLET_TOPUP","Credit Line","Topup","","1637.58","","","338859.31","47840.69","Success","Utilisation Adjustment","195000","","0244949476","Paid using: Payphi; Payment Fee: 4875.00; Merchant Txn Id: 2200244424708","","0","0","0","3018113103197","","31061288","31061288","Dec 21, 2024 11:56 AM","","","ASPIRE TOURISM INDIA PVT LTD","ASPIRE TOURISM INDIA PVT LTD"
"Dec 21, 2024 1:50 PM","TJ1016113114218","AIR","Netbanking","Paid For Order","38935","","","","0","","Success","","38920","","9549815831","Paid using: hdfc_ccavenue; Payment Fee: 15.00; Merchant Txn Id: 113582802489","","15","2000","0","TJ1016113114218","","31061288","31061288","","","","ASPIRE TOURISM INDIA PVT LTD","ASPIRE TOURISM INDIA PVT LTD"
"Dec 21, 2024 1:50 PM","TJ1016113114218","AIR","Credit Line","Commission","","325.36","332","","339184.67","47515.33","Success","Utilisation Adjustment","325.36","","1789336708","","","0","0","6.64","TJ1016113114218","","31061288","31061288","Dec 21, 2024 1:50 PM","","","ASPIRE TOURISM INDIA PVT LTD","ASPIRE TOURISM INDIA PVT LTD"
"Dec 21, 2024 1:59 PM","TJ1039113115819","AIR","Netbanking","Paid For Order","25967","","","","0","","Success","","25952","","1431301718","Paid using: hdfc_ccavenue; Payment Fee: 15.00; Merchant Txn Id: 113582816161","","15","2000","0","TJ1039113115819","","31061288","31061288","","","","ASPIRE TOURISM INDIA PVT LTD","ASPIRE TOURISM INDIA PVT LTD"
"Dec 21, 2024 2:07 PM","TJ1021113116847","AIR","Netbanking","Paid For Order","61571","","","","0","","Success","","61556","","8901962874","Paid using: hdfc_ccavenue; Payment Fee: 15.00; Merchant Txn Id: 113582824637","","15","2000","0","TJ1021113116847","","31061288","31061288","","","","ASPIRE TOURISM INDIA PVT LTD","ASPIRE TOURISM INDIA PVT LTD"
"Dec 21, 2024 2:07 PM","TJ1021113116847","AIR","Credit Line","Commission","","523.44","534.12","","339708.11","46991.89","Success","Utilisation Adjustment","523.44","","7039113377","","","0","0","10.68","TJ1021113116847","","31061288","31061288","Dec 21, 2024 2:07 PM","","","ASPIRE TOURISM INDIA PVT LTD","ASPIRE TOURISM INDIA PVT LTD"
"Dec 21, 2024 2:34 PM","TJ1016113114218","AIR","Deposit","Paid For Amendment","0","","","","0","","Success","","​-","","4215139359","","","0","0","0","TJ1016113114218","TJA36113119890","31061288","31061288","","","","ASPIRE TOURISM INDIA PVT LTD","ASPIRE TOURISM INDIA PVT LTD"
"Dec 21, 2024 2:42 PM","TJ1021113116847","AIR","Credit Line","Paid For Amendment","2560","","","","337148.11","49551.89","Success","","​-","","0499089654","","","0","0","0","TJ1021113116847","TJA48113120575","31061288","31061288","Dec 21, 2024 2:42 PM","","","ASPIRE TOURISM INDIA PVT LTD","ASPIRE TOURISM INDIA PVT LTD"
"Dec 22, 2024 1:25 PM","TJ1114113194395","AIR","Credit Line","Paid For Order","66600","","","","270548.11","116151.89","Success","","66600","","2319686743","","","0","2000","0","TJ1114113194395","","31061288","31061288","Dec 22, 2024 1:25 PM","","","ASPIRE TOURISM INDIA PVT LTD","ASPIRE TOURISM INDIA PVT LTD"
"Dec 23, 2024 6:32 PM","TJ2036113300886","HOTEL","Credit Line","Paid For Order","55398.5","","","","215149.61","171550.39","Success","","55398.5","","2034083341","","","0","0","0","TJ2036113300886","","31061288","31061288","Dec 23, 2024 6:32 PM","","","ASPIRE TOURISM INDIA PVT LTD","ASPIRE TOURISM INDIA PVT LTD"
"Dec 23, 2024 7:30 PM","TJ2023113310005","HOTEL","Credit Line","Paid For Order","11079.7","","","","204069.91","182630.09","Success","","11079.7","","7927163516","","","0","0","0","TJ2023113310005","","31061288","31061288","Dec 23, 2024 7:30 PM","","","ASPIRE TOURISM INDIA PVT LTD","ASPIRE TOURISM INDIA PVT LTD"
"Dec 24, 2024 10:37 AM","TJ1154113348526","AIR","Credit Line","Paid For Order","13437","","","","190632.91","196067.09","Success","","13437","","2740313659","","","0","0","0","TJ1154113348526","","31061288","31061288","Dec 24, 2024 10:37 AM","","","ASPIRE TOURISM INDIA PVT LTD","ASPIRE TOURISM INDIA PVT LTD"
"Dec 24, 2024 10:37 AM","TJ1154113348526","AIR","Credit Line","Commission","","179.55","183.21","","190812.46","195887.54","Success","Utilisation Adjustment","​-","","3757280409","","","0","0","3.66","TJ1154113348526","","31061288","31061288","Dec 24, 2024 10:37 AM","","","ASPIRE TOURISM INDIA PVT LTD","ASPIRE TOURISM INDIA PVT LTD"
"Dec 24, 2024 11:24 PM","TJ1068113430088","AIR","Credit Line","Paid For Order","16842","","","","173970.46","212729.54","Success","","16842","","6829983246","","","0","0","0","TJ1068113430088","","31061288","31061288","Dec 24, 2024 11:24 PM","","","ASPIRE TOURISM INDIA PVT LTD","ASPIRE TOURISM INDIA PVT LTD"
"Dec 24, 2024 11:24 PM","TJ1068113430088","AIR","Credit Line","Commission","","122.7","125.2","","174093.16","212606.84","Success","Utilisation Adjustment","​-","","2198314123","","","0","0","2.5","TJ1068113430088","","31061288","31061288","Dec 24, 2024 11:24 PM","","","ASPIRE TOURISM INDIA PVT LTD","ASPIRE TOURISM INDIA PVT LTD"
"Dec 25, 2024 9:53 AM","3018113445975","WALLET_TOPUP","Netbanking","Topup","54241","","","","0","","Failure","","54241","","5492736723","Payment Pending, Paid using: Payphi; Payment Fee: 0.00; Failure reason: Awaiting user action","Payment failed due to a delayed response from the gateway","0","0","0","3018113445975","","","31061288","","","","","ASPIRE TOURISM INDIA PVT LTD"
"Dec 25, 2024 2:55 PM","3027113476211","WALLET_TOPUP","Credit Line","Topup","","41044","","811648056499","215137.16","171562.84","Success","Bill Settle","41044","","5259671624","Paid using: Payphi; Payment Fee: 1026.10; Merchant Txn Id: 4400245487069","","0","0","0","3027113476211","","","31061288","Dec 25, 2024 2:55 PM","","","","ASPIRE TOURISM INDIA PVT LTD"
"Dec 27, 2024 1:24 PM","3003113660440","WALLET_TOPUP","Credit Line","Topup","","34000","","811648056499","249137.16","137562.84","Success","Bill Settle","34000","","4965982124","Paid using: Payphi; Payment Fee: 0.00; Merchant Txn Id: 2200245926609","","0","0","0","3003113660440","","","31061288","Dec 27, 2024 1:24 PM","","","","ASPIRE TOURISM INDIA PVT LTD"
"Dec 27, 2024 1:30 PM","3021113661262","WALLET_TOPUP","Netbanking","Topup","41108","","","","0","","Failure","","41108","","2880482645","Payment Pending, Paid using: Payphi; Payment Fee: 0.00; Failure reason: Awaiting user action","Payment failed due to a delayed response from the gateway","0","0","0","3021113661262","","","31061288","","","","","ASPIRE TOURISM INDIA PVT LTD"
"Dec 27, 2024 1:44 PM","3085113662905","WALLET_TOPUP","Credit Line","Topup","","30000","","811648056499","279137.16","107562.84","Success","Bill Settle","30000","","5632368976","Paid using: Payphi; Payment Fee: 0.00; Merchant Txn Id: 2200245934579","","0","0","0","3085113662905","","","31061288","Dec 27, 2024 1:44 PM","","","","ASPIRE TOURISM INDIA PVT LTD"
"Dec 27, 2024 1:52 PM","3091113663703","WALLET_TOPUP","Credit Line","Topup","","11107.89","","811648056499","290245.05","96454.95","Success","Bill Settle","11108","","2965878335","Paid using: Payphi; Payment Fee: 0.00; Merchant Txn Id: 4400245936975","","0","0","0","3091113663703","","","31061288","Dec 27, 2024 1:52 PM","","","","ASPIRE TOURISM INDIA PVT LTD"
"Dec 27, 2024 1:52 PM","3091113663703","WALLET_TOPUP","Credit Line","Topup","","0.11","","","290245.16","96454.84","Success","Utilisation Adjustment","11108","","0048671276","Paid using: Payphi; Payment Fee: 0.00; Merchant Txn Id: 4400245936975","","0","0","0","3091113663703","","","31061288","Dec 27, 2024 1:52 PM","","","","ASPIRE TOURISM INDIA PVT LTD"
"Dec 27, 2024 2:38 PM","TJ1135113660979","AIR","Credit Line","Paid For Order","67580","","","","222665.16","164034.84","Success","","67580","","9949410003","","","0","8920","0","TJ1135113660979","","31061288","31061288","Dec 27, 2024 2:38 PM","","","ASPIRE TOURISM INDIA PVT LTD","ASPIRE TOURISM INDIA PVT LTD"
"Dec 27, 2024 2:38 PM","TJ1135113660979","AIR","Credit Line","Commission","","784","800","","223449.16","163250.84","Success","Utilisation Adjustment","​-","","0328481906","","","0","0","16","TJ1135113660979","","31061288","31061288","Dec 27, 2024 2:38 PM","","","ASPIRE TOURISM INDIA PVT LTD","ASPIRE TOURISM INDIA PVT LTD"
"Dec 27, 2024 2:43 PM","TJ1167113669219","AIR","Credit Line","Paid For Order","16483","","","","206966.16","179733.84","Success","","16483","","8969777267","","","0","500","0","TJ1167113669219","","31061288","31061288","Dec 27, 2024 2:43 PM","","","ASPIRE TOURISM INDIA PVT LTD","ASPIRE TOURISM INDIA PVT LTD"
"Dec 27, 2024 2:43 PM","TJ1167113669219","AIR","Credit Line","Commission","","468.96","478.53","","207435.12","179264.88","Success","Utilisation Adjustment","​-","","8126938684","","","0","0","9.57","TJ1167113669219","","31061288","31061288","Dec 27, 2024 2:43 PM","","","ASPIRE TOURISM INDIA PVT LTD","ASPIRE TOURISM INDIA PVT LTD"
"Dec 27, 2024 2:48 PM","TJ1189113669921","AIR","Credit Line","Paid For Order","16090","","","","191345.12","195354.88","Success","","16090","","4397484065","","","0","600","0","TJ1189113669921","","31061288","31061288","Dec 27, 2024 2:48 PM","","","ASPIRE TOURISM INDIA PVT LTD","ASPIRE TOURISM INDIA PVT LTD"
"Dec 27, 2024 2:48 PM","TJ1189113669921","AIR","Credit Line","Commission","","241.62","246.55","","191586.74","195113.26","Success","Utilisation Adjustment","​-","","4015515079","","","0","0","4.93","TJ1189113669921","","31061288","31061288","Dec 27, 2024 2:48 PM","","","ASPIRE TOURISM INDIA PVT LTD","ASPIRE TOURISM INDIA PVT LTD"
"Dec 27, 2024 2:57 PM","3007113670670","WALLET_TOPUP","Netbanking","Topup","80207.12","","","","0","","Failure","","78673","","7694000874","Payment Failed. Paid using: hdfc_ccavenue; Payment Fee: 1534.12; Failure reason: ","","1534.12","0","0","3007113670670","","31061288","31061288","","","","ASPIRE TOURISM INDIA PVT LTD","ASPIRE TOURISM INDIA PVT LTD"
"Dec 27, 2024 3:08 PM","3032113672157","WALLET_TOPUP","Credit Line","Topup","","78673","","","270259.74","116440.26","Success","Utilisation Adjustment","78673","","8064507232","Paid using: hdfc_ccavenue; Payment Fee: 1534.12; Merchant Txn Id: 113589484080","","0","0","0","3032113672157","","31061288","31061288","Dec 27, 2024 3:08 PM","","","ASPIRE TOURISM INDIA PVT LTD","ASPIRE TOURISM INDIA PVT LTD"
"Dec 28, 2024 12:39 PM","TJ2030113758525","HOTEL","Credit Line","Paid For Order","25646.04","","","","244613.7","142086.3","Success","","25646.04","","2095271433","","","0","0","0","TJ2030113758525","","31061288","31061288","Dec 28, 2024 12:39 PM","","","ASPIRE TOURISM INDIA PVT LTD","ASPIRE TOURISM INDIA PVT LTD"
"Dec 28, 2024 1:11 PM","TJ2015113764384","HOTEL","Credit Line","Paid For Order","6426.77","","","","238186.93","148513.07","Success","","6426.77","","1627381492","","","0","0","0","TJ2015113764384","","31061288","31061288","Dec 28, 2024 1:11 PM","","","ASPIRE TOURISM INDIA PVT LTD","ASPIRE TOURISM INDIA PVT LTD"
"Dec 28, 2024 1:58 PM","TJ2015113764384","HOTEL","Credit Line","Reverse","","6426.77","","","244613.7","142086.3","Success","Utilisation Adjustment","6426.77","","9307447856","","","0","0","0","TJ2015113764384","","11053986","31061288","Dec 28, 2024 1:58 PM","","","umer marwadi","ASPIRE TOURISM INDIA PVT LTD"
"Dec 28, 2024 3:02 PM","TJ2034113776648","HOTEL","Credit Line","Paid For Order","6350.62","","","","238263.08","148436.92","Success","","6350.62","","9805683723","","","0","0","0","TJ2034113776648","","31061288","31061288","Dec 28, 2024 3:02 PM","","","ASPIRE TOURISM INDIA PVT LTD","ASPIRE TOURISM INDIA PVT LTD"
"Dec 28, 2024 3:53 PM","TJ2034113776648","HOTEL","Credit Line","Reverse","","6350.62","","","244613.7","142086.3","Success","Utilisation Adjustment","6350.62","","0129504367","","","0","0","0","TJ2034113776648","","51107912","31061288","Dec 28, 2024 3:53 PM","","","Ajay Narsanna Bhandari","ASPIRE TOURISM INDIA PVT LTD"
"Dec 30, 2024 10:45 AM","TJ2033113912709","HOTEL","Credit Line","Paid For Order","8085.5","","","","236528.2","150171.8","Success","","8085.5","","5027587153","","","0","0","0","TJ2033113912709","","31061288","31061288","Dec 30, 2024 10:45 AM","","","ASPIRE TOURISM INDIA PVT LTD","ASPIRE TOURISM INDIA PVT LTD"
"Dec 30, 2024 11:11 AM","TJ2027113913971","HOTEL","Credit Line","Paid For Order","16970.94","","","","219557.26","167142.74","Success","","16970.94","","2908293833","","","0","0","0","TJ2027113913971","","31061288","31061288","Dec 30, 2024 11:11 AM","","","ASPIRE TOURISM INDIA PVT LTD","ASPIRE TOURISM INDIA PVT LTD"
"Dec 31, 2024 10:21 PM","TJ1020114078230","AIR","Credit Line","Paid For Order","8974","","","","210583.26","176116.74","Success","","8974","","6595534777","","","0","0","0","TJ1020114078230","","31061288","31061288","Dec 31, 2024 10:21 PM","","","ASPIRE TOURISM INDIA PVT LTD","ASPIRE TOURISM INDIA PVT LTD"
"Dec 31, 2024 10:21 PM","TJ1020114078230","AIR","Credit Line","Commission","","68.22","69.62","","210651.48","176048.52","Success","Utilisation Adjustment","​-","","3999144754","","","0","0","1.4","TJ1020114078230","","31061288","31061288","Dec 31, 2024 10:21 PM","","","ASPIRE TOURISM INDIA PVT LTD","ASPIRE TOURISM INDIA PVT LTD"
"Dec 31, 2024 10:25 PM","TJ1070114078543","AIR","Credit Line","Paid For Order","12746","","","","197905.48","188794.52","Success","","12746","","6244317611","","","0","0","0","TJ1070114078543","","31061288","31061288","Dec 31, 2024 10:25 PM","","","ASPIRE TOURISM INDIA PVT LTD","ASPIRE TOURISM INDIA PVT LTD"
"Dec 31, 2024 10:25 PM","TJ1070114078543","AIR","Credit Line","Commission","","116.54","118.92","","198022.02","188677.98","Success","Utilisation Adjustment","​-","","2622373995","","","0","0","2.38","TJ1070114078543","","31061288","31061288","Dec 31, 2024 10:25 PM","","","ASPIRE TOURISM INDIA PVT LTD","ASPIRE TOURISM INDIA PVT LTD"
"Dec 31, 2024 10:32 PM","TJ1043114078748","AIR","Credit Line","Paid For Order","19950","","","","178072.02","208627.98","Success","","19950","","4373135310","","","0","0","0","TJ1043114078748","","31061288","31061288","Dec 31, 2024 10:32 PM","","","ASPIRE TOURISM INDIA PVT LTD","ASPIRE TOURISM INDIA PVT LTD"
"Dec 31, 2024 10:32 PM","TJ1043114078748","AIR","Credit Line","Commission","","161.42","164.72","","178233.44","208466.56","Success","Utilisation Adjustment","​-","","2490035875","","","0","0","3.3","TJ1043114078748","","31061288","31061288","Dec 31, 2024 10:32 PM","","","ASPIRE TOURISM INDIA PVT LTD","ASPIRE TOURISM INDIA PVT LTD"
"Jan 2, 2025 1:01 PM","3045114196090","WALLET_TOPUP","Credit Line","Topup","","4008","","009186793373","182241.44","204458.56","Success","Bill Settle","4008","","5490746851","Paid using: Payphi; Payment Fee: 0.00; Merchant Txn Id: 2200247302226","","0","0","0","3045114196090","","31061288","31061288","Jan 2, 2025 1:01 PM","","","ASPIRE TOURISM INDIA PVT LTD","ASPIRE TOURISM INDIA PVT LTD"
"Jan 2, 2025 1:02 PM","3022114196454","WALLET_TOPUP","Credit Line","Topup","","14828","","009186793373","197069.44","189630.56","Success","Bill Settle","14828","","7672961084","Paid using: Payphi; Payment Fee: 0.00; Merchant Txn Id: 4400247302793","","0","0","0","3022114196454","","31061288","31061288","Jan 2, 2025 1:02 PM","","","ASPIRE TOURISM INDIA PVT LTD","ASPIRE TOURISM INDIA PVT LTD"
"Jan 2, 2025 1:13 PM","3024114197769","WALLET_TOPUP","Credit Line","Topup","","101413","","009186793373","298482.44","88217.56","Success","Bill Settle","101413","","8810706380","Paid using: hdfc_ccavenue; Payment Fee: 15.00; Merchant Txn Id: 113596229727","","0","0","0","3024114197769","","31061288","31061288","Jan 2, 2025 1:13 PM","","","ASPIRE TOURISM INDIA PVT LTD","ASPIRE TOURISM INDIA PVT LTD"
"Jan 2, 2025 1:40 PM","3069114201086","WALLET_TOPUP","Credit Line","Topup","","21837.3","","009186793373","320319.74","66380.26","Success","Bill Settle","23528","","5870987362","Paid using: Payphi; Payment Fee: 0.00; Merchant Txn Id: 9900247316270","","0","0","0","3069114201086","","","31061288","Jan 2, 2025 1:40 PM","","","","ASPIRE TOURISM INDIA PVT LTD"
"Jan 2, 2025 1:40 PM","3069114201086","WALLET_TOPUP","Credit Line","Topup","","1690.7","","","322010.44","64689.56","Success","Utilisation Adjustment","23528","","1304256892","Paid using: Payphi; Payment Fee: 0.00; Merchant Txn Id: 9900247316270","","0","0","0","3069114201086","","","31061288","Jan 2, 2025 1:40 PM","","","","ASPIRE TOURISM INDIA PVT LTD"
"Jan 2, 2025 1:42 PM","3060114201373","WALLET_TOPUP","Credit Line","Topup","","680","","","322690.44","64009.56","Success","Utilisation Adjustment","680","","3548404711","Paid using: Payphi; Payment Fee: 0.00; Merchant Txn Id: 4400247319031","","0","0","0","3060114201373","","","31061288","Jan 2, 2025 1:42 PM","","","","ASPIRE TOURISM INDIA PVT LTD"
"Jan 2, 2025 1:50 PM","TJ1192114195062","AIR","Credit Line","Paid For Order","79272","","","","243418.44","143281.56","Success","","79272","","8652062335","","","0","2000","0","TJ1192114195062","","31061288","31061288","Jan 2, 2025 1:50 PM","","","ASPIRE TOURISM INDIA PVT LTD","ASPIRE TOURISM INDIA PVT LTD"
"Jan 2, 2025 1:50 PM","TJ1192114195062","AIR","Credit Line","Commission","","2099.74","2142.6","","245518.18","141181.82","Success","Utilisation Adjustment","​-","","2604312892","","","0","0","42.86","TJ1192114195062","","31061288","31061288","Jan 2, 2025 1:50 PM","","","ASPIRE TOURISM INDIA PVT LTD","ASPIRE TOURISM INDIA PVT LTD"
"Jan 2, 2025 6:52 PM","3079114238508","WALLET_TOPUP","Credit Line","Topup","","6830","","","252348.18","134351.82","Success","Utilisation Adjustment","6830","","1320234877","Paid using: Payphi; Payment Fee: 0.00; Merchant Txn Id: 4400247411378","","0","0","0","3079114238508","","","31061288","Jan 2, 2025 6:52 PM","","","","ASPIRE TOURISM INDIA PVT LTD"
"Jan 2, 2025 6:56 PM","3020114239036","WALLET_TOPUP","Credit Line","Topup","","285","","","252633.18","134066.82","Success","Utilisation Adjustment","285","","1270450648","Paid using: Payphi; Payment Fee: 0.00; Merchant Txn Id: 2200247412107","","0","0","0","3020114239036","","","31061288","Jan 2, 2025 6:56 PM","","","","ASPIRE TOURISM INDIA PVT LTD"
"Jan 4, 2025 11:22 AM","TJ1175114410942","AIR","Credit Line","Paid For Order","62542","","","","190091.18","196608.82","Success","","62542","","3059862184","","","0","0","0","TJ1175114410942","","31061288","31061288","Jan 4, 2025 11:22 AM","","","ASPIRE TOURISM INDIA PVT LTD","ASPIRE TOURISM INDIA PVT LTD"
"Jan 4, 2025 1:12 PM","3067114425935","WALLET_TOPUP","Credit Line","Topup","","12000","","","202091.18","184608.82","Success","Utilisation Adjustment","12000","","6411485082","Paid using: hdfc_ccavenue; Payment Fee: 15.00; Merchant Txn Id: 113598754428","","0","0","0","3067114425935","","31061288","31061288","Jan 4, 2025 1:12 PM","","","ASPIRE TOURISM INDIA PVT LTD","ASPIRE TOURISM INDIA PVT LTD"
"Jan 4, 2025 4:20 PM","TJ2053114447917","HOTEL","Credit Line","Paid For Order","8666.52","","","","193424.66","193275.34","Success","","8666.52","","2420216171","","","0","0","0","TJ2053114447917","","31061288","31061288","Jan 4, 2025 4:20 PM","","","ASPIRE TOURISM INDIA PVT LTD","ASPIRE TOURISM INDIA PVT LTD"
"Jan 4, 2025 5:37 PM","TJ1169114456701","AIR","Credit Line","Paid For Order","52260","","","","141164.66","245535.34","Success","","52260","","3822311761","","","0","2500","0","TJ1169114456701","","31061288","31061288","Jan 4, 2025 5:37 PM","","","ASPIRE TOURISM INDIA PVT LTD","ASPIRE TOURISM INDIA PVT LTD"
"Jan 4, 2025 5:37 PM","TJ1169114456701","AIR","Credit Line","Commission","","588","600","","141752.66","244947.34","Success","Utilisation Adjustment","​-","","2953958546","","","0","0","12","TJ1169114456701","","31061288","31061288","Jan 4, 2025 5:37 PM","","","ASPIRE TOURISM INDIA PVT LTD","ASPIRE TOURISM INDIA PVT LTD"
"Jan 4, 2025 6:22 PM","TJ1060114461552","AIR","Credit Line","Paid For Order","25572","","","","116180.66","270519.34","Success","","25572","","9775600063","","","0","1000","0","TJ1060114461552","","31061288","31061288","Jan 4, 2025 6:22 PM","","","ASPIRE TOURISM INDIA PVT LTD","ASPIRE TOURISM INDIA PVT LTD"
"Jan 4, 2025 6:22 PM","TJ1060114461552","AIR","Credit Line","Commission","","192.44","196.35999999999999","","116373.1","270326.9","Success","Utilisation Adjustment","​-","","1789684389","","","0","0","3.92","TJ1060114461552","","31061288","31061288","Jan 4, 2025 6:22 PM","","","ASPIRE TOURISM INDIA PVT LTD","ASPIRE TOURISM INDIA PVT LTD"
"Jan 4, 2025 7:06 PM","TJ1011114467348","AIR","Credit Line","Paid For Order","29860","","","","86513.1","300186.9","Success","","29860","","6213510599","","","0","1000","0","TJ1011114467348","","31061288","31061288","Jan 4, 2025 7:06 PM","","","ASPIRE TOURISM INDIA PVT LTD","ASPIRE TOURISM INDIA PVT LTD"
"Jan 4, 2025 7:06 PM","TJ1011114467348","AIR","Credit Line","Commission","","231.84","236.56","","86744.94","299955.06","Success","Utilisation Adjustment","​-","","0995642956","","","0","0","4.72","TJ1011114467348","","31061288","31061288","Jan 4, 2025 7:06 PM","","","ASPIRE TOURISM INDIA PVT LTD","ASPIRE TOURISM INDIA PVT LTD"
"Jan 4, 2025 11:01 PM","003925068366","NA","Credit Line","Temporary Limit Change","","200000","","","286744.94","299955.06","Success","","​-","","2119091553","CLR307363-Balu G,S Karthikeyan(51051718)-Sufiyan surathiya-Limit","","0","0","0","003925068366","","853719","31061288","Jan 4, 2025 11:01 PM","","","Lahu Tikode","ASPIRE TOURISM INDIA PVT LTD"
"Jan 6, 2025 12:35 PM","TJ2033114612244","HOTEL","Credit Line","Paid For Order","6056.9","","","","280688.04","306011.96","Success","","6056.9","","0195572761","","","0","0","0","TJ2033114612244","","31061288","31061288","Jan 6, 2025 12:35 PM","","","ASPIRE TOURISM INDIA PVT LTD","ASPIRE TOURISM INDIA PVT LTD"
"Jan 6, 2025 12:45 PM","3073114614086","WALLET_TOPUP","Netbanking","Topup","70015","","","","0","","Failure","","70000","","8886612274","Payment Failed. Paid using: hdfc_ccavenue; Payment Fee: 15.00; Failure reason: null","","15","0","0","3073114614086","","","31061288","","","","","ASPIRE TOURISM INDIA PVT LTD"
"Jan 6, 2025 12:52 PM","3058114615380","WALLET_TOPUP","Credit Line","Topup","","70000","","712874590458","350688.04","236011.96","Success","Bill Settle","70000","","8706075135","Paid using: hdfc_ccavenue; Payment Fee: 15.00; Merchant Txn Id: 113600883931","","0","0","0","3058114615380","","31061288","31061288","Jan 6, 2025 12:52 PM","","","ASPIRE TOURISM INDIA PVT LTD","ASPIRE TOURISM INDIA PVT LTD"
"Jan 6, 2025 12:53 PM","TJ2060114615287","HOTEL","Credit Line","Paid For Order","8101.94","","","","342586.1","244113.9","Success","","8101.94","","4311181494","","","0","0","0","TJ2060114615287","","31061288","31061288","Jan 6, 2025 12:53 PM","","","ASPIRE TOURISM INDIA PVT LTD","ASPIRE TOURISM INDIA PVT LTD"
"Jan 6, 2025 12:55 PM","TJ1038114615737","AIR","Credit Line","Paid For Order","3735","","","","338851.1","247848.9","Success","","3735","","5218524549","","","0","0","0","TJ1038114615737","","31061288","31061288","Jan 6, 2025 12:55 PM","","","ASPIRE TOURISM INDIA PVT LTD","ASPIRE TOURISM INDIA PVT LTD"
"Jan 6, 2025 12:55 PM","TJ1038114615737","AIR","Credit Line","Commission","","27.1","27.650000000000002","","338878.2","247821.8","Success","Utilisation Adjustment","​-","","8228489972","","","0","0","0.55","TJ1038114615737","","31061288","31061288","Jan 6, 2025 12:55 PM","","","ASPIRE TOURISM INDIA PVT LTD","ASPIRE TOURISM INDIA PVT LTD"
"Jan 6, 2025 12:57 PM","TJ1011114616064","AIR","Credit Line","Paid For Order","8470","","","","330408.2","256291.8","Success","","8470","","2166285570","","","0","0","0","TJ1011114616064","","31061288","31061288","Jan 6, 2025 12:57 PM","","","ASPIRE TOURISM INDIA PVT LTD","ASPIRE TOURISM INDIA PVT LTD"
"Jan 6, 2025 12:57 PM","TJ1011114616064","AIR","Credit Line","Commission","","69.58","71","","330477.78","256222.22","Success","Utilisation Adjustment","​-","","0012200178","","","0","0","1.42","TJ1011114616064","","31061288","31061288","Jan 6, 2025 12:57 PM","","","ASPIRE TOURISM INDIA PVT LTD","ASPIRE TOURISM INDIA PVT LTD"
"Jan 6, 2025 1:08 PM","TJ2033114612244","HOTEL","Credit Line","Reverse","","6056.9","","","336534.68","250165.32","Success","Utilisation Adjustment","6056.9","","7331942656","","","0","0","0","TJ2033114612244","","21143967","31061288","Jan 6, 2025 1:08 PM","","","Ashwairya Verma","ASPIRE TOURISM INDIA PVT LTD"
"Jan 6, 2025 4:02 PM","TJ2094114638424","HOTEL","Credit Line","Paid For Order","42997.72","","","","293536.96","293163.04","Success","","42997.72","","4430674327","","","0","8000","0","TJ2094114638424","","31061288","31061288","Jan 6, 2025 4:02 PM","","","ASPIRE TOURISM INDIA PVT LTD","ASPIRE TOURISM INDIA PVT LTD"
"Jan 6, 2025 6:40 PM","TJ2083114657959","HOTEL","Credit Line","Paid For Order","24849.88","","","","268687.08","318012.92","Success","","24849.88","","4179786336","","","0","8000","0","TJ2083114657959","","31061288","31061288","Jan 6, 2025 6:40 PM","","","ASPIRE TOURISM INDIA PVT LTD","ASPIRE TOURISM INDIA PVT LTD"
"Jan 6, 2025 8:23 PM","3021114669539","WALLET_TOPUP","Credit Line","Topup","","5800","","712874590458","274487.08","312212.92","Success","Bill Settle","5800","","6893004634","Paid using: Payphi; Payment Fee: 145.00; Merchant Txn Id: 4400248314256","","0","0","0","3021114669539","","","31061288","Jan 6, 2025 8:23 PM","","","","ASPIRE TOURISM INDIA PVT LTD"
"Jan 8, 2025 10:20 AM","TJ1056114825923","AIR","Credit Line","Paid For Order","4281","","","","270206.08","316493.92","Success","","4281","","3744526500","","","0","0","0","TJ1056114825923","","31061288","31061288","Jan 8, 2025 10:20 AM","","","ASPIRE TOURISM INDIA PVT LTD","ASPIRE TOURISM INDIA PVT LTD"
"Jan 8, 2025 10:20 AM","TJ1056114825923","AIR","Credit Line","Commission","","30.48","31.1","","270236.56","316463.44","Success","Utilisation Adjustment","​-","","4867605018","","","0","0","0.62","TJ1056114825923","","31061288","31061288","Jan 8, 2025 10:20 AM","","","ASPIRE TOURISM INDIA PVT LTD","ASPIRE TOURISM INDIA PVT LTD"
"Jan 8, 2025 12:08 PM","004116231676","NA","Credit Line","Temporary Limit Change","200000","","","","70236.56","316463.44","Success","","​-","","3515779801","","","0","0","0","004116231676","","","31061288","Jan 8, 2025 12:08 PM","","","","ASPIRE TOURISM INDIA PVT LTD"
"Jan 9, 2025 1:38 PM","TJ1041114967408","AIR","Netbanking","Paid For Order","60230","","","","0","","Success","","60230","","9265122635","Paid using: Payphi; Payment Fee: 0.00; Merchant Txn Id: 2200248869021","","0","0","0","TJ1041114967408","","","31061288","","","","","ASPIRE TOURISM INDIA PVT LTD"
"Jan 9, 2025 1:38 PM","TJ1041114967408","AIR","Credit Line","Commission","","471.55","481.2","","70708.11","315991.89","Success","Utilisation Adjustment","471.55","","0202236058","","","0","0","9.65","TJ1041114967408","","","31061288","Jan 9, 2025 1:38 PM","","","","ASPIRE TOURISM INDIA PVT LTD"
"Jan 10, 2025 4:41 PM","TJ1198115104206","AIR","Netbanking","Paid For Order","26804.28","","","","0","","Success","","26804.28","","5947186058","Paid using: Payphi; Payment Fee: 0.00; Merchant Txn Id: 2200249171711","","0","2100","0","TJ1198115104206","","31061288","31061288","","","","ASPIRE TOURISM INDIA PVT LTD","ASPIRE TOURISM INDIA PVT LTD"
"Jan 10, 2025 4:52 PM","TJ1183115105689","AIR","Netbanking","Paid For Order","26850.15","","","","0","","Success","","26850.15","","1996313496","Paid using: Payphi; Payment Fee: 0.00; Merchant Txn Id: 4400249174914","","0","2100","0","TJ1183115105689","","31061288","31061288","","","","ASPIRE TOURISM INDIA PVT LTD","ASPIRE TOURISM INDIA PVT LTD"
"Jan 10, 2025 7:26 PM","3007115124852","WALLET_TOPUP","Credit Line","Topup","","1075","","712874590458","71783.11","314916.89","Success","Bill Settle","1075","","8020247468","Paid using: Payphi; Payment Fee: 0.00; Merchant Txn Id: 2200249205519","","0","0","0","3007115124852","","31061288","31061288","Jan 10, 2025 7:26 PM","","","ASPIRE TOURISM INDIA PVT LTD","ASPIRE TOURISM INDIA PVT LTD"
"Jan 12, 2025 8:37 PM","3059115320017","WALLET_TOPUP","Credit Line","Topup","","200000","","712874590458","271783.11","114916.89","Success","Bill Settle","200000","","3303661179","Paid using: hdfc_ccavenue; Payment Fee: 15.00; Merchant Txn Id: 113608650845","","0","0","0","3059115320017","","31061288","31061288","Jan 12, 2025 8:37 PM","","","ASPIRE TOURISM INDIA PVT LTD","ASPIRE TOURISM INDIA PVT LTD"
"Jan 13, 2025 4:00 PM","3099115393877","WALLET_TOPUP","Credit Line","Topup","","23080.06","","712874590458","294863.17","91836.83","Success","Bill Settle","23081","","6556964156","Paid using: Payphi; Payment Fee: 0.00; Merchant Txn Id: 4400249744312","","0","0","0","3099115393877","","31061288","31061288","Jan 13, 2025 4:00 PM","","","ASPIRE TOURISM INDIA PVT LTD","ASPIRE TOURISM INDIA PVT LTD"
"Jan 13, 2025 4:00 PM","3099115393877","WALLET_TOPUP","Credit Line","Topup","","0.94","","619582809627","294864.11","91835.89","Success","Bill Settle","23081","","7940991668","Paid using: Payphi; Payment Fee: 0.00; Merchant Txn Id: 4400249744312","","0","0","0","3099115393877","","31061288","31061288","Jan 13, 2025 4:00 PM","","","ASPIRE TOURISM INDIA PVT LTD","ASPIRE TOURISM INDIA PVT LTD"
"Jan 20, 2025 12:51 PM","3018116034207","WALLET_TOPUP","Credit Line","Topup","","1836","","619582809627","296700.11","89999.89","Success","Bill Settle","1836","","9407280174","Paid using: Payphi; Payment Fee: 0.00; Merchant Txn Id: 4400251094903","","0","0","0","3018116034207","","31061288","31061288","Jan 20, 2025 12:51 PM","","","ASPIRE TOURISM INDIA PVT LTD","ASPIRE TOURISM INDIA PVT LTD"
"Jan 21, 2025 12:57 PM","TJ1055116137037","AIR","Netbanking","Paid For Order","36450","","","","0","","Success","","36450","","3109388519","Paid using: Payphi; Payment Fee: 0.00; Merchant Txn Id: 4400251317198","","0","0","0","TJ1055116137037","","31061288","31061288","","","","ASPIRE TOURISM INDIA PVT LTD","ASPIRE TOURISM INDIA PVT LTD"
"Jan 21, 2025 12:57 PM","TJ1055116137037","AIR","Deposit","Commission","","291.84","297.81","","291.84","","Success","Topup","291.84","","0081696836","","","0","0","5.97","TJ1055116137037","","31061288","31061288","","","","ASPIRE TOURISM INDIA PVT LTD","ASPIRE TOURISM INDIA PVT LTD"
"Jan 22, 2025 12:01 PM","TJ1181116230586","AIR","Netbanking","Paid For Order","9046","","","","0","","Success","","9046","","5816514646","Paid using: Payphi; Payment Fee: 0.00; Merchant Txn Id: 4400251502524","","0","0","0","TJ1181116230586","","31061288","31061288","","","","ASPIRE TOURISM INDIA PVT LTD","ASPIRE TOURISM INDIA PVT LTD"
"Jan 22, 2025 12:01 PM","TJ1181116230586","AIR","Deposit","Commission","","146.82","149.82","","438.66","","Success","Topup","146.82","","3451796152","","","0","0","3","TJ1181116230586","","31061288","31061288","","","","ASPIRE TOURISM INDIA PVT LTD","ASPIRE TOURISM INDIA PVT LTD"
"Jan 22, 2025 12:36 PM","3016116235072","WALLET_TOPUP","Credit Line","Topup","","39000","","619582809627","335700.11","50999.89","Success","Bill Settle","39000","","0110555682","Paid using: Payphi; Payment Fee: 975.00; Merchant Txn Id: 4400251516597","","0","0","0","3016116235072","","","31061288","Jan 22, 2025 12:36 PM","","","","ASPIRE TOURISM INDIA PVT LTD"
"Jan 23, 2025 12:43 PM","3030116352398","WALLET_TOPUP","Credit Line","Topup","","50999.89","","619582809627","386700","0","Success","Bill Settle","50999.89","","1710927999","Paid using: Payphi; Payment Fee: 0.00; Merchant Txn Id: 4400251723846","","0","0","0","3030116352398","","31061288","31061288","Jan 23, 2025 12:43 PM","","","ASPIRE TOURISM INDIA PVT LTD","ASPIRE TOURISM INDIA PVT LTD"
"Jan 23, 2025 3:09 PM","TJ1175116371117","AIR","Netbanking","Paid For Order","51631","","","","0","","Success","","51616","","4855456211","Paid using: hdfc_ccavenue; Payment Fee: 15.00; Merchant Txn Id: 113620759214","","15","0","0","TJ1175116371117","","31061288","31061288","","","","ASPIRE TOURISM INDIA PVT LTD","ASPIRE TOURISM INDIA PVT LTD"
"Jan 23, 2025 3:09 PM","TJ1175116371117","AIR","Deposit","Commission","","902.68","921.12","","1341.34","","Success","Topup","902.68","","3729257338","","","0","0","18.44","TJ1175116371117","","31061288","31061288","","","","ASPIRE TOURISM INDIA PVT LTD","ASPIRE TOURISM INDIA PVT LTD"
"Jan 29, 2025 9:58 AM","TJ2043116933378","HOTEL","Netbanking","Paid For Order","7409.73","","","","0","","Success","","7409.73","","9901615384","Paid using: Payphi; Payment Fee: 0.00; Merchant Txn Id: 4400252827720","","0","0","0","TJ2043116933378","","31061288","31061288","","","","ASPIRE TOURISM INDIA PVT LTD","ASPIRE TOURISM INDIA PVT LTD"
"Jan 31, 2025 10:39 AM","TJ1091117144571","AIR","Netbanking","Paid For Order","5316.69","","","","0","","Success","","5215","","0726909636","Paid using: hdfc_ccavenue; Payment Fee: 101.69; Merchant Txn Id: 113629360586","","101.69","0","0","TJ1091117144571","","31061288","31061288","","","","ASPIRE TOURISM INDIA PVT LTD","ASPIRE TOURISM INDIA PVT LTD"
"Jan 31, 2025 10:39 AM","TJ1091117144571","AIR","Deposit","Commission","","53.9","55","","1395.24","","Success","Topup","53.9","","7944527369","","","0","0","1.1","TJ1091117144571","","31061288","31061288","","","","ASPIRE TOURISM INDIA PVT LTD","ASPIRE TOURISM INDIA PVT LTD"
"Jan 31, 2025 5:04 PM","TJ2012117189681","HOTEL","Netbanking","Paid For Order","7839.84","","","","0","","Success","","7839.84","","3142130568","Paid using: Payphi; Payment Fee: 0.00; Merchant Txn Id: 2200253310378","","0","0","0","TJ2012117189681","","31061288","31061288","","","","ASPIRE TOURISM INDIA PVT LTD","ASPIRE TOURISM INDIA PVT LTD"
"Jan 31, 2025 5:21 PM","TJ2002117192367","HOTEL","Netbanking","Paid For Order","10725.2","","","","0","","Success","","10725.2","","4316327020","Paid using: Payphi; Payment Fee: 0.00; Merchant Txn Id: 2200253313823","","0","0","0","TJ2002117192367","","31061288","31061288","","","","ASPIRE TOURISM INDIA PVT LTD","ASPIRE TOURISM INDIA PVT LTD"
"Feb 3, 2025 10:37 PM","TJ1065117493026","AIR","Netbanking","Paid For Order","9468","","","","0","","Failure","","9468","","3268785049","Payment Pending, Paid using: Payphi; Payment Fee: 0.00; Failure reason: Awaiting user action","Payment failed due to a delayed response from the gateway","0","500","0","TJ1065117493026","","31061288","31061288","","","","ASPIRE TOURISM INDIA PVT LTD","ASPIRE TOURISM INDIA PVT LTD"
"Feb 3, 2025 10:43 PM","TJ1040117493448","AIR","Netbanking","Paid For Order","10043","","","","0","","Success","","10043","","1337033089","Paid using: Payphi; Payment Fee: 0.00; Merchant Txn Id: 4400253919717","","0","500","0","TJ1040117493448","","31061288","31061288","","","","ASPIRE TOURISM INDIA PVT LTD","ASPIRE TOURISM INDIA PVT LTD"
"Feb 3, 2025 10:43 PM","TJ1040117493448","AIR","Deposit","Commission","","94.12","96.04","","1489.36","","Success","Topup","94.12","","7747832529","","","0","0","1.92","TJ1040117493448","","31061288","31061288","","","","ASPIRE TOURISM INDIA PVT LTD","ASPIRE TOURISM INDIA PVT LTD"
"Feb 3, 2025 11:12 PM","TJ1082117496007","AIR","Netbanking","Paid For Order","9468","","","","0","","Failure","","9468","","5506922720","Payment Failed. Paid using: Payphi; Payment Fee: 0.00; Failure reason: null","","0","500","0","TJ1082117496007","","","31061288","","","","","ASPIRE TOURISM INDIA PVT LTD"
"Feb 3, 2025 11:12 PM","TJ1082117496007","AIR","Deposit","Commission","88.69","","-86.88","","0","","Failure","Topup","88.69","","6731973200","Payment Failed. ","","0","0","1.81","TJ1082117496007","","","31061288","","","","","ASPIRE TOURISM INDIA PVT LTD"
"Feb 3, 2025 11:17 PM","TJ1082117496007","AIR","Netbanking","Paid For Order","9468","","","","0","","Failure","","9468","","9648368177","Payment Failed. Paid using: Payphi; Payment Fee: 0.00; Failure reason: null","Updated After Retry Payment Option","0","500","0","TJ1082117496007","","","31061288","","","","","ASPIRE TOURISM INDIA PVT LTD"
"Feb 3, 2025 11:17 PM","TJ1082117496007","AIR","Deposit","Commission","88.69","","-86.88","","0","","Failure","Topup","88.69","","0817239585","Payment Failed. ","","0","0","1.81","TJ1082117496007","","","31061288","","","","","ASPIRE TOURISM INDIA PVT LTD"
"Feb 15, 2025 12:05 PM","TJ1056118644972","AIR","Netbanking","Paid For Order","8573.1","","","","0","","Failure","","8364","","0448475061","Payment Pending, Paid using: Payphi; Payment Fee: 209.10; Failure reason: Request processed successfully","","209.1","0","0","TJ1056118644972","","","31061288","","","","","ASPIRE TOURISM INDIA PVT LTD"
"Feb 15, 2025 12:09 PM","TJ1056118644972","AIR","Netbanking","Paid For Order","8573.1","","","","0","","Success","","8364","","0466438050","Paid using: Payphi; Payment Fee: 209.10; Merchant Txn Id: 2200256127313","Updated After Retry Payment Option","209.1","0","0","TJ1056118644972","","31061288","31061288","","","","ASPIRE TOURISM INDIA PVT LTD","ASPIRE TOURISM INDIA PVT LTD"
"Feb 15, 2025 12:09 PM","TJ1056118644972","AIR","Deposit","Commission","","72.39","73.87","","1561.75","","Success","Topup","72.39","","9899503853","","","0","0","1.48","TJ1056118644972","","31061288","31061288","","","","ASPIRE TOURISM INDIA PVT LTD","ASPIRE TOURISM INDIA PVT LTD"
"Feb 15, 2025 6:54 PM","TJ1090118688616","AIR","Netbanking","Paid For Order","4986.63","","","","0","","Success","","4865","","5974405912","Paid using: Payphi; Payment Fee: 121.63; Merchant Txn Id: 2200256231570","","121.63","0","0","TJ1090118688616","","31061288","31061288","","","","ASPIRE TOURISM INDIA PVT LTD","ASPIRE TOURISM INDIA PVT LTD"
"Feb 17, 2025 12:40 PM","TJ1136118826643","AIR","Netbanking","Paid For Order","67573.86","","","","0","","Success","","67558.86","","6240012133","Paid using: hdfc_ccavenue; Payment Fee: 15.00; Merchant Txn Id: 113652962492","","15","0","0","TJ1136118826643","","31061288","31061288","","","","ASPIRE TOURISM INDIA PVT LTD","ASPIRE TOURISM INDIA PVT LTD"
"Feb 17, 2025 1:02 PM","TJ1136118826643","AIR","Netbanking","Reverse","","67573.86","","","0","","Success","","​-","","5613680006","Original Merchant Txn Id: 113652962492; Merchant Txn Id: ox0n2jf","","0","0","0","TJ1136118826643","","71142010","31061288","","","","Jisha George Kannangath","ASPIRE TOURISM INDIA PVT LTD"
"Feb 18, 2025 4:11 PM","TJ1181116230586","AIR","Netbanking","Refund","","2931","","","0","","Success","","​-","","5874505450","Original Merchant Txn Id: 4400251502524; Merchant Txn Id: 9900256739818","","0","0","0","TJ1181116230586","TJA44118962267","31061288","31061288","","","","ASPIRE TOURISM INDIA PVT LTD","ASPIRE TOURISM INDIA PVT LTD"
"Feb 18, 2025 4:11 PM","TJ1181116230586","AIR","Deposit","Commission","149.82","","-149.82","","1411.93","","Success","","​-","","1808023608","","","0","0","0","TJ1181116230586","TJA44118962267","31061288","31061288","","","","ASPIRE TOURISM INDIA PVT LTD","ASPIRE TOURISM INDIA PVT LTD"
"Feb 20, 2025 8:01 AM","TJ1055116137037","AIR","Netbanking","Refund","","15159","","","0","","Success","","​-","","4637400824","Original Merchant Txn Id: 4400251317198; Merchant Txn Id: 9900256969091","","0","0","0","TJ1055116137037","TJA84119129125","31061288","31061288","","","","ASPIRE TOURISM INDIA PVT LTD","ASPIRE TOURISM INDIA PVT LTD"
"Feb 20, 2025 8:01 AM","TJ1055116137037","AIR","Deposit","Commission","149.28","","-149.28","","1262.65","","Success","","​-","","2658389581","","","0","0","0","TJ1055116137037","TJA84119129125","31061288","31061288","","","","ASPIRE TOURISM INDIA PVT LTD","ASPIRE TOURISM INDIA PVT LTD"
"Feb 23, 2025 11:33 AM","TJ1043119440148","AIR","Netbanking","Paid For Order","13397","","","","0","","Success","","13397","","4592375645","Paid using: Payphi; Payment Fee: 0.00; Merchant Txn Id: 2200257533933","","0","0","0","TJ1043119440148","","31061288","31061288","","","","ASPIRE TOURISM INDIA PVT LTD","ASPIRE TOURISM INDIA PVT LTD"
"Feb 23, 2025 11:33 AM","TJ1043119440148","AIR","Deposit","Commission","","206.44","210.65","","1469.09","","Success","Topup","206.44","","8389682059","","","0","0","4.21","TJ1043119440148","","31061288","31061288","","","","ASPIRE TOURISM INDIA PVT LTD","ASPIRE TOURISM INDIA PVT LTD"
"Feb 24, 2025 1:00 PM","TJ1112119525888","AIR","Netbanking","Paid For Order","56326.44","","","","0","","Success","","56326.44","","7270918184","Paid using: Payphi; Payment Fee: 0.00; Merchant Txn Id: 2200257714857","","0","0","0","TJ1112119525888","","31061288","31061288","","","","ASPIRE TOURISM INDIA PVT LTD","ASPIRE TOURISM INDIA PVT LTD"
"Feb 25, 2025 8:31 AM","TJ1054119603301","AIR","Netbanking","Paid For Order","6978","","","","0","","Success","","6978","","8941165708","Paid using: Payphi; Payment Fee: 0.00; Merchant Txn Id: 2200257822105","","0","0","0","TJ1054119603301","","31061288","31061288","","","","ASPIRE TOURISM INDIA PVT LTD","ASPIRE TOURISM INDIA PVT LTD"
"Feb 25, 2025 8:31 AM","TJ1054119603301","AIR","Deposit","Commission","","63.7","65","","1532.79","","Success","Topup","63.7","","7891151303","","","0","0","1.3","TJ1054119603301","","31061288","31061288","","","","ASPIRE TOURISM INDIA PVT LTD","ASPIRE TOURISM INDIA PVT LTD"
"Feb 26, 2025 11:57 AM","TJ1150119718135","AIR","Netbanking","Paid For Order","28360","","","","0","","Success","","28360","","8997370232","Paid using: Payphi; Payment Fee: 0.00; Merchant Txn Id: 2200258039641","","0","2000","0","TJ1150119718135","","31061288","31061288","","","","ASPIRE TOURISM INDIA PVT LTD","ASPIRE TOURISM INDIA PVT LTD"
"Feb 26, 2025 12:10 PM","TJ1114119720122","AIR","Netbanking","Paid For Order","10040","","","","0","","Success","","10040","","9095887358","Paid using: Payphi; Payment Fee: 0.00; Merchant Txn Id: 2200258043561","","0","2000","0","TJ1114119720122","","31061288","31061288","","","","ASPIRE TOURISM INDIA PVT LTD","ASPIRE TOURISM INDIA PVT LTD"
"Feb 26, 2025 12:10 PM","TJ1114119720122","AIR","Deposit","Commission","","294","300","","1826.79","","Success","Topup","294","","9655715044","","","0","0","6","TJ1114119720122","","31061288","31061288","","","","ASPIRE TOURISM INDIA PVT LTD","ASPIRE TOURISM INDIA PVT LTD"
"Feb 26, 2025 12:22 PM","TJ1123119721229","AIR","Netbanking","Paid For Order","34948.43","","","","0","","Success","","34948.44","","1171816569","Paid using: Payphi; Payment Fee: 0.00; Merchant Txn Id: 2200258047719","","0","2000","0","TJ1123119721229","","31061288","31061288","","","","ASPIRE TOURISM INDIA PVT LTD","ASPIRE TOURISM INDIA PVT LTD"
"Feb 26, 2025 4:22 PM","TJ2097119748254","HOTEL","Netbanking","Paid For Order","12568.83","","","","0","","Success","","12568.83","","4100675599","Paid using: Payphi; Payment Fee: 0.00; Merchant Txn Id: 2200258105831","","0","0","0","TJ2097119748254","","31061288","31061288","","","","ASPIRE TOURISM INDIA PVT LTD","ASPIRE TOURISM INDIA PVT LTD"
"Feb 26, 2025 8:04 PM","TJ1166119768708","AIR","Netbanking","Paid For Order","26146","","","","0","","Success","","26146","","0777819575","Paid using: Payphi; Payment Fee: 0.00; Merchant Txn Id: 2200258131373","","0","0","0","TJ1166119768708","","31061288","31061288","","","","ASPIRE TOURISM INDIA PVT LTD","ASPIRE TOURISM INDIA PVT LTD"
"Feb 27, 2025 10:24 AM","TJ1025119803917","AIR","Netbanking","Paid For Order","11701","","","","0","","Success","","11701","","8450811605","Paid using: Payphi; Payment Fee: 0.00; Merchant Txn Id: 4400258170413","","0","0","0","TJ1025119803917","","31061288","31061288","","","","ASPIRE TOURISM INDIA PVT LTD","ASPIRE TOURISM INDIA PVT LTD"
"Feb 27, 2025 10:24 AM","TJ1025119803917","AIR","Deposit","Commission","","114.17","116.5","","1940.96","","Success","Topup","114.17","","4955685402","","","0","0","2.33","TJ1025119803917","","31061288","31061288","","","","ASPIRE TOURISM INDIA PVT LTD","ASPIRE TOURISM INDIA PVT LTD"
"Feb 27, 2025 5:32 PM","TJ1169119849355","AIR","Netbanking","Paid For Order","22521.24","","","","0","","Success","","22521.24","","3292396527","Paid using: Payphi; Payment Fee: 0.00; Merchant Txn Id: 2200258280210","","0","0","0","TJ1169119849355","","31061288","31061288","","","","ASPIRE TOURISM INDIA PVT LTD","ASPIRE TOURISM INDIA PVT LTD"
"Feb 27, 2025 6:35 PM","TJ1174119856442","AIR","Netbanking","Paid For Order","11005.2","","","","0","","Success","","11005.2","","1267187063","Paid using: Payphi; Payment Fee: 0.00; Merchant Txn Id: 2200258288729","","0","0","0","TJ1174119856442","","31061288","31061288","","","","ASPIRE TOURISM INDIA PVT LTD","ASPIRE TOURISM INDIA PVT LTD"
"Feb 27, 2025 6:40 PM","TJ1138119857065","AIR","Netbanking","Paid For Order","23964","","","","0","","Success","","23964","","7705626585","Paid using: Payphi; Payment Fee: 0.00; Merchant Txn Id: 2200258289304","","0","0","0","TJ1138119857065","","31061288","31061288","","","","ASPIRE TOURISM INDIA PVT LTD","ASPIRE TOURISM INDIA PVT LTD"
"Feb 28, 2025 2:44 PM","TJ1068119931490","AIR","Netbanking","Paid For Order","8691","","","","0","","Success","","8691","","5263178079","Paid using: Payphi; Payment Fee: 0.00; Merchant Txn Id: 4400258420100","","0","0","0","TJ1068119931490","","31061288","31061288","","","","ASPIRE TOURISM INDIA PVT LTD","ASPIRE TOURISM INDIA PVT LTD"
"Feb 28, 2025 2:44 PM","TJ1068119931490","AIR","Deposit","Commission","","155.6","158.78","","2096.56","","Success","Topup","155.6","","3152751009","","","0","0","3.18","TJ1068119931490","","31061288","31061288","","","","ASPIRE TOURISM INDIA PVT LTD","ASPIRE TOURISM INDIA PVT LTD"
"Mar 1, 2025 12:19 PM","TJ1032120010501","AIR","Netbanking","Paid For Order","12014","","","","0","","Success","","12014","","3811352807","Paid using: Payphi; Payment Fee: 0.00; Merchant Txn Id: 4400258563063","","0","0","0","TJ1032120010501","","31061288","31061288","","","","ASPIRE TOURISM INDIA PVT LTD","ASPIRE TOURISM INDIA PVT LTD"
"Mar 1, 2025 12:19 PM","TJ1032120010501","AIR","Deposit","Commission","","96.6","98.58","","2193.16","","Success","Topup","96.6","","9039632966","","","0","0","1.98","TJ1032120010501","","31061288","31061288","","","","ASPIRE TOURISM INDIA PVT LTD","ASPIRE TOURISM INDIA PVT LTD"
"Mar 1, 2025 3:58 PM","TJ1038120035572","AIR","Netbanking","Paid For Order","5766","","","","0","","Success","","5766","","5898963395","Paid using: Payphi; Payment Fee: 0.00; Merchant Txn Id: 2200258624747","","0","0","0","TJ1038120035572","","31061288","31061288","","","","ASPIRE TOURISM INDIA PVT LTD","ASPIRE TOURISM INDIA PVT LTD"
"Mar 1, 2025 3:58 PM","TJ1038120035572","AIR","Deposit","Commission","","42.14","43","","2235.3","","Success","Topup","42.14","","5764821944","","","0","0","0.86","TJ1038120035572","","31061288","31061288","","","","ASPIRE TOURISM INDIA PVT LTD","ASPIRE TOURISM INDIA PVT LTD"
"Mar 1, 2025 4:36 PM","TJ1094120039725","AIR","Netbanking","Paid For Order","21253","","","","0","","Success","","21253","","8537258310","Paid using: Payphi; Payment Fee: 0.00; Merchant Txn Id: 2200258632681","","0","0","0","TJ1094120039725","","31061288","31061288","","","","ASPIRE TOURISM INDIA PVT LTD","ASPIRE TOURISM INDIA PVT LTD"
"Mar 1, 2025 4:36 PM","TJ1094120039725","AIR","Deposit","Commission","","331.74","338.51","","2567.04","","Success","Topup","331.74","","5058427381","","","0","0","6.77","TJ1094120039725","","31061288","31061288","","","","ASPIRE TOURISM INDIA PVT LTD","ASPIRE TOURISM INDIA PVT LTD"
"Mar 1, 2025 10:06 PM","TJ1060120069909","AIR","Deposit","Paid For Order","100","","","","2467.04","","Success","","100","","1420567680","","","0","0","0","TJ1060120069909","TJA94120069501","661307","31061288","","","","Ravindra Gawade","ASPIRE TOURISM INDIA PVT LTD"
"Mar 3, 2025 10:45 AM","TJ1149120166559","AIR","Netbanking","Paid For Order","18762.73","","","","0","","Success","","18762.73","","4663662319","Paid using: Payphi; Payment Fee: 0.00; Merchant Txn Id: 2200258867402","","0","0","0","TJ1149120166559","","31061288","31061288","","","","ASPIRE TOURISM INDIA PVT LTD","ASPIRE TOURISM INDIA PVT LTD"
"Mar 3, 2025 11:15 AM","TJ1149120166559","AIR","Deposit","Paid For Amendment","500","","","","1967.04","","Success","","​-","","9448578800","","","0","0","0","TJ1149120166559","TJA01120171595","61142645","31061288","","","","Safa Kalu","ASPIRE TOURISM INDIA PVT LTD"
"Mar 3, 2025 11:53 AM","TJ1110120174540","AIR","Netbanking","Paid For Order","17032","","","","0","","Success","","17032","","6345872166","Paid using: Payphi; Payment Fee: 0.00; Merchant Txn Id: 2200258890456","","0","0","0","TJ1110120174540","","31061288","31061288","","","","ASPIRE TOURISM INDIA PVT LTD","ASPIRE TOURISM INDIA PVT LTD"
"Mar 3, 2025 9:43 PM","TJ1017120238521","AIR","Netbanking","Paid For Order","8580.11","","","","0","","Failure","","8416","","1586676796","Payment Pending, Paid using: Juspay; Payment Fee: 164.11; Failure reason: null","Payment failed due to a delayed response from the gateway","164.11","1000","0","TJ1017120238521","","","31061288","","","","","ASPIRE TOURISM INDIA PVT LTD"
"Mar 3, 2025 10:11 PM","TJ1046120240685","AIR","Netbanking","Paid For Order","8580.11","","","","0","","Failure","","8416","","7028125164","Payment Failed. Paid using: Juspay; Payment Fee: 164.11; Failure reason: TRANSACTION IS IN PROGRESS","","164.11","1000","0","TJ1046120240685","","","31061288","","","","","ASPIRE TOURISM INDIA PVT LTD"
"Mar 3, 2025 10:11 PM","TJ1046120240685","AIR","Deposit","Commission","74.28","","-72.76","","0","","Failure","Topup","74.28","","2705985185","Payment Failed. ","","0","0","1.52","TJ1046120240685","","","31061288","","","","","ASPIRE TOURISM INDIA PVT LTD"
"Mar 3, 2025 10:14 PM","TJ1051120241687","AIR","Netbanking","Paid For Order","8580.11","","","","0","","Success","","8416","","4158981023","Paid using: Juspay; Payment Fee: 164.11; Merchant Txn Id: tripjack-TJ1051120241687-1","","164.11","1000","0","TJ1051120241687","","31061288","31061288","","","","ASPIRE TOURISM INDIA PVT LTD","ASPIRE TOURISM INDIA PVT LTD"
"Mar 3, 2025 10:14 PM","TJ1051120241687","AIR","Deposit","Commission","","74.28","75.8","","2041.32","","Success","Topup","74.28","","5228425710","","","0","0","1.52","TJ1051120241687","","31061288","31061288","","","","ASPIRE TOURISM INDIA PVT LTD","ASPIRE TOURISM INDIA PVT LTD"
"Mar 3, 2025 10:33 PM","TJ1063120242868","AIR","Netbanking","Paid For Order","5846.04","","","","0","","Success","","5734.22","","2606268952","Paid using: Juspay; Payment Fee: 111.82; Merchant Txn Id: tripjack-TJ1063120242868-1","","111.82","800","0","TJ1063120242868","","31061288","31061288","","","","ASPIRE TOURISM INDIA PVT LTD","ASPIRE TOURISM INDIA PVT LTD"
"Mar 3, 2025 10:33 PM","TJ1063120242868","AIR","Deposit","Commission","","51.15","52.19","","2092.47","","Success","Topup","51.15","","1541246764","","","0","0","1.04","TJ1063120242868","","31061288","31061288","","","","ASPIRE TOURISM INDIA PVT LTD","ASPIRE TOURISM INDIA PVT LTD"
"Mar 3, 2025 10:41 PM","TJ1091120244291","AIR","Netbanking","Paid For Order","3806.81","","","","0","","Success","","3734","","8125882931","Paid using: Juspay; Payment Fee: 72.81; Merchant Txn Id: tripjack-TJ1091120244291-1","","72.81","1000","0","TJ1091120244291","","31061288","31061288","","","","ASPIRE TOURISM INDIA PVT LTD","ASPIRE TOURISM INDIA PVT LTD"
"Mar 3, 2025 10:41 PM","TJ1091120244291","AIR","Deposit","Commission","","34.79","35.5","","2127.26","","Success","Topup","34.79","","9123026184","","","0","0","0.71","TJ1091120244291","","31061288","31061288","","","","ASPIRE TOURISM INDIA PVT LTD","ASPIRE TOURISM INDIA PVT LTD"
"Mar 3, 2025 11:03 PM","TJ1018120245640","AIR","Netbanking","Paid For Order","16104.02","","","","0","","Success","","15796","","6364468087","Paid using: Juspay; Payment Fee: 308.02; Merchant Txn Id: tripjack-TJ1018120245640-1","","308.02","1000","0","TJ1018120245640","","","31061288","","","","","ASPIRE TOURISM INDIA PVT LTD"
"Mar 3, 2025 11:03 PM","TJ1018120245640","AIR","Deposit","Commission","","156.18","159.36","","2283.44","","Success","Topup","156.18","","9968475973","","","0","0","3.18","TJ1018120245640","","","31061288","","","","","ASPIRE TOURISM INDIA PVT LTD"
"Mar 5, 2025 11:02 AM","TJ1079120377777","AIR","Netbanking","Paid For Order","7898","","","","0","","Success","","7898","","5328167112","Paid using: Payphi; Payment Fee: 0.00; Merchant Txn Id: 4400259230873","","0","0","0","TJ1079120377777","","31061288","31061288","","","","ASPIRE TOURISM INDIA PVT LTD","ASPIRE TOURISM INDIA PVT LTD"
"Mar 5, 2025 11:02 AM","TJ1079120377777","AIR","Deposit","Commission","","78.09","79.68","","2361.53","","Success","Topup","78.09","","9763873527","","","0","0","1.59","TJ1079120377777","","31061288","31061288","","","","ASPIRE TOURISM INDIA PVT LTD","ASPIRE TOURISM INDIA PVT LTD"
"Mar 5, 2025 11:03 AM","TJ1137120376696","AIR","Netbanking","Paid For Order","39276","","","","0","","Success","","39276","","7909897135","Paid using: Payphi; Payment Fee: 0.00; Merchant Txn Id: 4400259231243","","0","0","0","TJ1137120376696","","31061288","31061288","","","","ASPIRE TOURISM INDIA PVT LTD","ASPIRE TOURISM INDIA PVT LTD"
"Mar 5, 2025 11:03 AM","TJ1137120376696","AIR","Deposit","Commission","","895.14","913.4","","3256.67","","Success","Topup","895.14","","8601684160","","","0","0","18.26","TJ1137120376696","","31061288","31061288","","","","ASPIRE TOURISM INDIA PVT LTD","ASPIRE TOURISM INDIA PVT LTD"
"Mar 5, 2025 12:28 PM","TJ1032120388398","AIR","Netbanking","Paid For Order","9996","","","","0","","Success","","9996","","4384740707","Paid using: Payphi; Payment Fee: 0.00; Merchant Txn Id: 2200259260215","","0","0","0","TJ1032120388398","","31061288","31061288","","","","ASPIRE TOURISM INDIA PVT LTD","ASPIRE TOURISM INDIA PVT LTD"
"Mar 5, 2025 12:28 PM","TJ1032120388398","AIR","Deposit","Commission","","87.61","89.4","","3344.28","","Success","Topup","87.61","","7857523346","","","0","0","1.79","TJ1032120388398","","31061288","31061288","","","","ASPIRE TOURISM INDIA PVT LTD","ASPIRE TOURISM INDIA PVT LTD"
"Mar 5, 2025 2:58 PM","TJ1116120403959","AIR","Netbanking","Paid For Order","60543","","","","0","","Success","","60528","","6369014361","Paid using: hdfc_ccavenue; Payment Fee: 15.00; Merchant Txn Id: 113671926844","","15","0","0","TJ1116120403959","","31061288","31061288","","","","ASPIRE TOURISM INDIA PVT LTD","ASPIRE TOURISM INDIA PVT LTD"
"Mar 5, 2025 2:58 PM","TJ1116120403959","AIR","Deposit","Commission","","1568","1600","","4912.28","","Success","Topup","1568","","8667163121","","","0","0","32","TJ1116120403959","","31061288","31061288","","","","ASPIRE TOURISM INDIA PVT LTD","ASPIRE TOURISM INDIA PVT LTD"
"Mar 5, 2025 4:32 PM","TJ1091120244291","AIR","Netbanking","Refund","","2160","","","0","","Success","","​-","","9621227733","Original Merchant Txn Id: tripjack-TJ1091120244291-1; Merchant Txn Id: null","[Juspay] Considering success based on no error message in track details","0","0","0","TJ1091120244291","TJA13120416198","31061288","31061288","","","","ASPIRE TOURISM INDIA PVT LTD","ASPIRE TOURISM INDIA PVT LTD"
"Mar 5, 2025 4:32 PM","TJ1091120244291","AIR","Deposit","Commission","34.79","","-35.5","","4877.49","","Success","","​-","","1714706805","","","0","0","-0.71","TJ1091120244291","TJA13120416198","31061288","31061288","","","","ASPIRE TOURISM INDIA PVT LTD","ASPIRE TOURISM INDIA PVT LTD"
"Mar 9, 2025 7:20 PM","TJ1160120801568","AIR","Netbanking","Paid For Order","18175.39","","","","0","","Success","","18175.39","","0732673530","Paid using: Payphi; Payment Fee: 0.00; Merchant Txn Id: 2200260092121","","0","0","0","TJ1160120801568","","31061288","31061288","","","","ASPIRE TOURISM INDIA PVT LTD","ASPIRE TOURISM INDIA PVT LTD"
"Mar 10, 2025 11:39 AM","008865975145","NA","Points","Topup","","29.4","30","","243.15","","Success","","​-","","0577289306","","TJ Cash for 03Mar'25 TJ Flex Bookings","0","0","0.6","008865975145","","881427","31061288","","","","Nester Gasper Marignan","ASPIRE TOURISM INDIA PVT LTD"
"Mar 10, 2025 5:22 PM","TJ1119120891777","AIR","Netbanking","Paid For Order","22280.6","","","","0","","Failure","","22265.6","","5183569454","Payment Pending, Paid using: hdfc_ccavenue; Payment Fee: 15.00; Failure reason: PENDING","Payment failed due to a delayed response from the gateway","15","0","0","TJ1119120891777","","","31061288","","","","","ASPIRE TOURISM INDIA PVT LTD"
"Mar 10, 2025 5:29 PM","TJ1110120893224","AIR","Netbanking","Paid For Order","22280.6","","","","0","","Success","","22265.6","","8318130986","Paid using: hdfc_ccavenue; Payment Fee: 15.00; Merchant Txn Id: 113677796095","","15","0","0","TJ1110120893224","","31061288","31061288","","","","ASPIRE TOURISM INDIA PVT LTD","ASPIRE TOURISM INDIA PVT LTD"
"Mar 13, 2025 4:00 PM","TJ1187121230358","AIR","Netbanking","Paid For Order","26139.96","","","","0","","Success","","26139.96","","1438757624","Paid using: Payphi; Payment Fee: 0.00; Merchant Txn Id: 4400260823994","","0","0","0","TJ1187121230358","","31061288","31061288","","","","ASPIRE TOURISM INDIA PVT LTD","ASPIRE TOURISM INDIA PVT LTD"
"Mar 13, 2025 4:33 PM","TJ1146121235703","AIR","Netbanking","Paid For Order","20536","","","","0","","Success","","20536","","9555621187","Paid using: Payphi; Payment Fee: 0.00; Merchant Txn Id: 2200260831095","","0","0","0","TJ1146121235703","","31061288","31061288","","","","ASPIRE TOURISM INDIA PVT LTD","ASPIRE TOURISM INDIA PVT LTD"
"Mar 14, 2025 12:18 PM","TJ1110121301356","AIR","Netbanking","Paid For Order","38532","","","","0","","Failure","","38532","","2049915291","Payment Pending, Paid using: Payphi; Payment Fee: 0.00; Failure reason: Awaiting user action","Payment failed due to a delayed response from the gateway","0","0","0","TJ1110121301356","","","31061288","","","","","ASPIRE TOURISM INDIA PVT LTD"
"Mar 18, 2025 10:57 AM","3043121655116","WALLET_TOPUP","Deposit","Topup","","50000","","","54877.49","","Success","","50000","","7077672394","Paid using: Payphi; Payment Fee: 0.00; Merchant Txn Id: 9900261580915","","0","0","0","3043121655116","","","31061288","","","","","ASPIRE TOURISM INDIA PVT LTD"
"Mar 18, 2025 11:13 AM","3095121657834","WALLET_TOPUP","Deposit","Topup","","23373","","","78250.49","","Success","","23373","","9866664965","Paid using: Payphi; Payment Fee: 0.00; Merchant Txn Id: 2200261592454","","0","0","0","3095121657834","","31061288","31061288","","","","ASPIRE TOURISM INDIA PVT LTD","ASPIRE TOURISM INDIA PVT LTD"
"Mar 18, 2025 1:38 PM","TJ1075121675392","AIR","Deposit","Paid For Order","1075","","","","77175.49","","Success","","1075","","0598674592","","","0","0","0","TJ1075121675392","","31061288","31061288","","","","ASPIRE TOURISM INDIA PVT LTD","ASPIRE TOURISM INDIA PVT LTD"
"Mar 18, 2025 1:38 PM","TJ1075121675392","AIR","Deposit","Commission","","9.8","10","","77185.29","","Success","Topup","9.8","","2796275167","","","0","0","0.2","TJ1075121675392","","31061288","31061288","","","","ASPIRE TOURISM INDIA PVT LTD","ASPIRE TOURISM INDIA PVT LTD"
"Mar 19, 2025 10:49 AM","TJ1087121765054","AIR","Deposit","Paid For Order","7458","","","","69727.29","","Success","","7458","","3733254643","","","0","0","0","TJ1087121765054","","31061288","31061288","","","","ASPIRE TOURISM INDIA PVT LTD","ASPIRE TOURISM INDIA PVT LTD"
"Mar 19, 2025 10:49 AM","TJ1087121765054","AIR","Deposit","Commission","","69.44","70.86","","69796.73","","Success","Topup","69.44","","4829618963","","","0","0","1.42","TJ1087121765054","","31061288","31061288","","","","ASPIRE TOURISM INDIA PVT LTD","ASPIRE TOURISM INDIA PVT LTD"
"Mar 19, 2025 11:35 AM","TJ1034121770209","AIR","Deposit","Paid For Order","22266","","","","47530.73","","Success","","22266","","4868839358","","","0","0","0","TJ1034121770209","","31061288","31061288","","","","ASPIRE TOURISM INDIA PVT LTD","ASPIRE TOURISM INDIA PVT LTD"
"Mar 19, 2025 11:35 AM","TJ1034121770209","AIR","Deposit","Commission","","226.86","231.5","","47757.59","","Success","Topup","226.86","","2529800281","","","0","0","4.64","TJ1034121770209","","31061288","31061288","","","","ASPIRE TOURISM INDIA PVT LTD","ASPIRE TOURISM INDIA PVT LTD"
"Mar 19, 2025 11:38 AM","TJ1099121770939","AIR","Deposit","Paid For Order","24014","","","","23743.59","","Success","","24014","","4429043640","","","0","0","0","TJ1099121770939","","31061288","31061288","","","","ASPIRE TOURISM INDIA PVT LTD","ASPIRE TOURISM INDIA PVT LTD"
"Mar 19, 2025 11:38 AM","TJ1099121770939","AIR","Deposit","Commission","","239.98","244.88","","23983.57","","Success","Topup","239.98","","4885306256","","","0","0","4.9","TJ1099121770939","","31061288","31061288","","","","ASPIRE TOURISM INDIA PVT LTD","ASPIRE TOURISM INDIA PVT LTD"